experiment,model,n_clusters,n_features,R_mlp,R_mlp_noFS,R_pi-mlp,R_pi-mlp_noFS,R_lgbm,R_lgbm_noFS,R_pi-lgbm,R_pi-lgbm_noFS,R_S_mlp,R_S_mlp_noFS,R_S_pi-mlp,R_S_pi-mlp_noFS,R_S_lgbm,R_S_lgbm_noFS,R_S_pi-lgbm,R_S_pi-lgbm_noFS,R_Y_mlp,R_Y_mlp_noFS,R_Y_pi-mlp,R_Y_pi-mlp_noFS,R_Y_lgbm,R_Y_lgbm_noFS,R_Y_pi-lgbm,R_Y_pi-lgbm_noFS
test1_linreg_nc5_nv8_nd9,linreg,5,17,0.7350678275036892,0.733179365027437,0.29215533257308557,0.33517926673966786,0.7137258620038704,0.7139090481109449,0.7382621101672572,0.7289043432054507,0.9682478531250347,0.9854814486013393,0.7817200796106502,0.8204364497427503,0.9991410463473325,0.9991405499833412,0.9985622391966423,0.9987850883512377,0.13367054881252724,0.2818016239976264,-0.33520358165451636,0.05079877868673815,-0.07692421711824422,-0.10458076361626763,0.1445168389265524,0.0518646206418326
