,w_cluster1,w_cluster2,w_cluster3,w_cluster4,w_cluster5,w_cluster6,w_cluster7,w_cluster8,w_cluster9
1980-01-01,-0.004553650907776805,0.028335492326755918,0.03937990157950899,0.03213346838795488,-0.05222137851833223,0.028103608958283323,0.010518013624401346,-0.28045346431194595,-0.05174075863620078
1980-02-01,-0.011066262290926157,0.3687123684332084,0.8740281794295416,-0.012354678962819797,-0.07899341712042815,0.028191561720077557,0.01029046517698608,-0.2822260238216471,-0.050421320753189905
1980-03-01,-0.011178334807049146,0.14077939558318042,0.6162343963776257,0.003462855623066055,-0.08303147650160869,0.032688685276080695,0.008506173526647115,-0.20996013611844788,-0.05510797223304087
1980-04-01,-0.015356709126758846,0.09896517125176951,1.9042034062727589,-0.25739125620100783,-0.03995687325108042,0.03411323268807785,0.0184904168195592,-0.5461555897917593,-0.023893737262078704
1980-05-01,1.4414784232030797e-05,0.255541261275368,2.3850669860839844,-0.2040307922571615,-0.04314353604804863,0.0294287255815252,0.018528272418650415,-0.3505377403108977,-0.013570815493093134
1980-06-01,-0.02740211999739364,0.2472693168967628,1.8650252960839802,-0.27439243043101935,-0.039258161743606225,0.0387429927447849,0.018458860551001002,-0.174736197143618,0.004833231622810922
1980-07-01,-0.029616271228578794,0.42016204445837924,1.785805521073492,-0.3482068307570532,-0.03827400825137867,0.03855420726112774,0.01649449189938007,-0.19032563078022002,0.008533068578396434
1980-08-01,-0.013633875930704156,0.1790485008951892,1.6026410384043768,-0.2189304271582936,-0.06221881840822873,0.03743767814119594,0.02638614258988287,-0.2207318439081699,0.0023446696173910764
1980-09-01,-0.014181232167117827,0.1454153204547065,0.8357590741175329,-0.2144842572869585,-0.043556507197287084,0.037338954868715475,0.017893679106204246,-0.18828036980748808,0.003178227171013373
1980-10-01,-0.00776056887161543,-0.2246405648782802,0.8086707287897928,-0.18125185808087238,-0.0373149857928411,0.03515074209124633,0.016489951586265747,-0.22945829072516,-0.01140996566022619
1980-11-01,-0.0048095404655805595,0.1157363112281724,1.0950072649722806,-0.09883787971366431,-0.04287702026964694,0.031755554649652476,0.01340850244886585,-0.24032089900255926,-0.01998405082175428
1980-12-01,-0.012368905065491223,0.31194501387893425,0.7818096346812452,-0.009295980753041222,-0.037790987830888564,0.02492797631962347,0.014409611426321469,-0.44730130944304325,-0.027926871575705194
1981-01-01,-0.006966696622302152,0.33299344792158725,0.6037151020782494,0.0038226938856805483,-0.06048112029958781,0.025650161746919257,0.007574592732048369,-0.19435244420293163,-0.06375257136458397
1981-02-01,-0.010431057690714382,0.06903855353555166,0.28372938625816135,0.03315693570285006,-0.09144809770315807,0.02319270882008148,0.0052841830361817456,-0.1733344782487125,-0.07894621788303278
1981-03-01,-0.0015943780020004285,0.2602507803873506,0.6208370548311988,0.006708221676826701,-0.03450166616892573,0.026243964805772266,0.012377203893548423,-0.25817529203952394,-0.0712414748512824
1981-04-01,-0.009498225546705754,0.32720069145127806,0.8466007671784702,-0.09241531295306192,-0.07399869868590368,0.03121674884433819,0.013849103428628039,-0.2274172930821301,-0.03501064724293206
1981-05-01,-0.018186559644698157,0.28055105969923055,2.655940055847168,-0.25269349913309425,-0.03283948623261034,0.027663168499307517,0.015519194294153441,-0.35480667209733663,0.0005417432345296626
1981-06-01,-0.006669839582153408,0.3447327508569926,1.4382308771239423,-0.2104520102456567,-0.043718721137501235,0.025474311888309037,0.0037420661304990756,-0.4657917850019331,0.007018592512713527
1981-07-01,-0.013936467448635727,0.21985527508997327,1.6196005443093753,-0.15637266071475636,-0.048665206299345454,0.03217894108858431,0.016958029559662812,-0.514440686686211,0.009423250150695141
1981-08-01,-0.02907513123158049,-0.12596715985432572,0.9691713930236849,-0.24791692647175592,-0.029839610854931704,0.034070429848038646,0.008421829283259824,-0.26755648172152924,0.017744340484488523
1981-09-01,-0.020967199350467956,0.05535124399951141,1.2745470593390111,-0.19082622424546525,-0.05393731534622773,0.039820703944145136,0.021914274243577964,-0.597436020539579,-0.0007369747136784893
1981-10-01,-0.01123867879011938,0.02577230166881761,0.9464104737952135,-0.2425977245930177,-0.048183552276368495,0.03292331121403531,0.02484844205743743,-0.3866412010182394,-0.009977951721640257
1981-11-01,-0.005950330778946054,0.22703214151336515,0.8889442790764825,-0.08686233701271087,-0.03795142148151738,0.029493734430965025,0.007397599227413075,-0.5505813354611491,-0.012839278474836579
1981-12-01,-0.006314049280239239,0.2127809353297726,0.9074503417825145,0.012619484175225827,-0.07800162864197549,0.03159588411564987,0.012540525812287867,-0.216549466783851,-0.05483875932665622
1982-01-01,-0.016214115367518482,0.14526476372607677,0.5026158596415614,0.025792837434140445,-0.0649805655853503,0.027987987472552777,0.017943895089817523,-0.42389394085386845,-0.041033218439836205
1982-02-01,-0.005950529405432877,0.2223232743643052,0.44409890752821496,-0.0212657922932697,-0.0723615736557145,0.02953241970940783,0.014742254127151664,-0.4243587710118739,-0.0594816665308762
1982-03-01,-0.018403017444708195,0.1215584256678014,0.5351023229066054,-0.010392161666251561,-0.09236980731175043,0.02900373456737973,0.014605893937563383,-0.14783647479399487,-0.030067012355843935
1982-04-01,-0.008847183075278807,0.24396370060922334,0.5714623708216946,-0.03414158451060759,-0.047543313603033766,0.027774476157331147,0.01374753124703737,-0.3356795064235103,-0.027655148518552195
1982-05-01,-0.008546897709353378,0.10224215021291028,1.61753681751518,-0.22434868341629055,-0.04874329407442712,0.032882296754457904,0.022513259886413152,-0.22520487220422702,-0.009917331709525544
1982-06-01,-0.04142001204137563,-0.24684529844914516,2.451648712158203,-0.3843156413525397,-0.04422132091550961,0.044001209969154416,0.01631930934235474,-0.24266182702709638,0.00291100254511773
1982-07-01,-0.022960203621627203,-0.3611935173184735,2.2313192172636436,-0.42213004349426286,-0.041260567451283287,0.0373097576239554,0.016225587501500868,-0.10987534522355391,0.0022347123452264588
1982-08-01,-0.020521240068471835,-0.018871929845163393,1.661024261186352,-0.24403948966526745,-0.05026676522342675,0.03654631406149936,0.022564048283197892,-0.17453838498163843,-0.005921309424604285
1982-09-01,-0.006010390633867215,-0.14628704093397682,1.2990248636908133,-0.3305552244413991,-0.02987181173138465,0.03239883484462086,0.014061463271805626,-0.09190191244734502,-0.010208352483817478
1982-10-01,-0.012159410092156132,0.06836119647384997,1.4743691288495169,-0.16771214724185274,-0.02957922569677121,0.03934276034821417,0.0171015084548132,-0.1936997170505277,-0.01415900092483795
1982-11-01,0.013064844320038488,0.1552327882255259,1.451075973153913,-0.12685011544855562,-0.02762581781603981,0.025401426586972885,0.0034325076889791008,-0.1286751427251056,-0.03266979693951187
1982-12-01,0.008793144753443461,0.12496718015984098,0.40086970283371276,0.00692487836520236,-0.03977987972624636,0.019996160318916795,-0.013414965727580191,-0.2529397382985492,-0.012551404039000276
1983-01-01,-0.0008643970255615728,0.2156122187355303,0.5386844013498119,-0.031333516139120644,-0.08034633764541083,0.023470996099003924,-0.016150467481412592,-0.14754336122543638,-0.04038483040010288
1983-02-01,-0.004472639645756726,0.22515206730404136,0.37811031157899155,0.0201679885435605,-0.07184807960370233,0.02005682539622803,-0.01876652448650561,-0.2568507857898466,-0.034219389188157937
1983-03-01,0.006113349978702843,0.1766912399118991,0.8719377668901516,-0.06341838336927437,-0.061124882874618626,0.011366252801468241,-0.028692937859037124,-0.2840674125882457,-0.025232989493425246
1983-04-01,0.00465609608279062,0.11436155703780382,1.2708477372843614,-0.15281115042770776,-0.04089610943684146,0.00930017942694638,-0.02217811455728175,-0.4565462713710315,-0.004969174790382402
1983-05-01,0.007904934831013014,0.008942222016022128,1.429337490393154,-0.33566724750636134,-0.03956085881157287,0.011813737854431542,-0.002412345299915882,-0.4202707967722816,0.00028671451852637665
1983-06-01,-0.023448782610738003,0.07239424001582456,1.5487058476915823,-0.47860537692336186,-0.037209866501821016,0.0349169355601451,0.008348717077005737,-0.4372661572472761,0.00793874520813249
1983-07-01,-0.011831863701107555,-0.0385566038397997,1.772491455078125,-0.3986859982215465,-0.037817268542052564,0.03338129289069596,0.01904724299321466,-0.2263072370116725,0.014588152832067866
1983-08-01,-0.007043155937650677,-0.18438000338703991,1.0977275441440286,-0.38940071395353465,-0.04327123278348208,0.040887629122325145,0.019928741747451306,-0.360265950944294,0.007119825121384786
1983-09-01,-0.014924501228941902,0.2174961384108245,1.4266919861682728,-0.30974057421257467,-0.044346207977494896,0.037231682439623374,0.018003488670537596,-0.2905609229584087,0.008567721891508711
1983-10-01,0.005137906789169618,0.23713700311070018,1.0925968692836527,-0.10691820963857007,-0.04413165386136172,0.02750885781627612,0.01527086854490808,-0.574992710530486,-0.00685393023280672
1983-11-01,-0.00033208977906048803,0.17921649394474026,0.3464043442777637,-0.017252182712460595,-0.05261234419478385,0.025319325451714052,0.008057769794112676,-0.2863521662370067,-0.014091884657529493
1983-12-01,-0.015315857160076655,0.07235415661847788,0.34989159984692525,0.014397507848937457,-0.05489882434587902,0.031217976854401072,0.016942470606012477,-0.46035419411896666,-0.042407691068843796
1984-01-01,-0.005466226537840635,0.22972560998872588,0.6199705764273158,0.018266791133306343,-0.03194095843922934,0.024344058790071895,0.011057128845975147,-0.5990891700286979,-0.03995231704688166
1984-02-01,-0.020334949978311062,0.261154734802572,0.7309996088579293,-0.0017533301546825714,-0.05659909494219894,0.028064682201818278,0.011708652392066353,-0.43008059198561344,-0.04304655990525984
1984-03-01,-0.00934311024206824,0.1614237537756288,0.5771406906515842,-0.04387925920147689,-0.07680411512556248,0.03136992455789273,0.0022354923815841136,-0.353767390231732,-0.05340170996368215
1984-04-01,-0.010599673139575598,0.23727476251754187,0.6924321697481278,-0.06403736850312162,-0.061306556659852164,0.0321554437974179,0.006879419493162275,-0.5397744001594295,-0.017754522682740005
1984-05-01,-0.014145776351720967,0.05316787941682527,1.8563882382216956,-0.3645397211852221,-0.056268002611790574,0.03593932209169848,0.014572607210693549,-0.3192569786714303,8.387360734340835e-06
1984-06-01,-0.012944398900930918,-0.09478523919214665,1.8311216869007607,-0.4749026874822355,-0.047342394110484964,0.03791755595493797,0.014163362908802714,-0.1928215125085394,-0.0026706910316427225
1984-07-01,0.006184277233424989,-0.3163811110414052,1.7696500163089732,-0.46180186506954124,-0.036397231080546114,0.024026116096053873,0.007039799451645425,-0.2254831520209677,0.007623445379968825
1984-08-01,-0.028243953985421264,0.06128193451582481,1.0426717632619038,-0.30318951907139813,-0.032970383716977025,0.032433410053659066,0.007602481750971912,-0.4558606910976245,0.0030926310490467235
1984-09-01,-0.018672407100343125,6.703781957539956e-05,1.7159842721415397,-0.2848688598171503,-0.040778652982702536,0.03184306885984316,0.014680045871234549,-0.4814353710932052,0.0019065708087144424
1984-10-01,-0.016295254476759124,0.37351899148998285,2.2263994216918945,-0.17987849515929036,-0.051130434364434436,0.0379190714683327,0.025038833300949824,-0.2705726480774333,-0.015398350139443176
1984-11-01,-0.007487614464461921,0.055016651464698585,1.0675788311290857,-0.07268413286822441,-0.06156149386890154,0.03501708878674543,0.01808819318686487,-0.21310665025603814,-0.022489505287123516
1984-12-01,0.00023323356339511724,0.3621182305280975,0.6837018572998372,-0.01842533945265935,-0.06635248580139565,0.029154718943138543,0.0019024783483373477,-0.345961463807378,-0.05100464191131647
1985-01-01,-0.010898691507495903,0.21231725135854473,0.4970469330785592,0.006947908124344637,-0.05490392708491537,0.03230349538707319,0.015328373093728984,-0.32537270765223214,-0.062063863561505395
1985-02-01,-0.012964024005748021,0.1428448572369898,0.45406964537465544,0.02124738292932961,-0.06365446781454157,0.027907840131469585,0.012150710310778747,-0.46266927776671674,-0.031261596325652743
1985-03-01,-0.02123417407483374,0.3210996478478122,0.9931605897947637,-0.03181939302472994,-0.10396815600239251,0.027448594813554297,0.011419457968816936,-0.1456345207256471,-0.036589810858026685
1985-04-01,-0.005270123419624115,0.5525506785600149,1.4206259614537262,-0.07101753991292348,-0.04245869274525363,0.031032294143219077,0.010832371390966936,-0.4620099905152666,-0.021432191629086307
1985-05-01,-0.031213047203143607,0.4978298366896562,2.117822229862213,-0.17511773244706166,-0.03705189825860289,0.036073908886634296,0.017643351695284974,-0.4328365296385994,-0.012174975912187467
1985-06-01,-0.02217158951050352,0.215531276709364,1.3058275687949763,-0.20243446643642038,-0.04380251498415337,0.03075236499954326,0.015003135900801793,-0.358378275677953,-0.0050784877287931825
1985-07-01,-0.02269018684850144,0.1801357923971365,0.9653469088742125,-0.26779454772061245,-0.04196332156722091,0.038988251044053485,0.01429759515660097,-0.16397094740660312,0.012619452739557722
1985-08-01,-0.020204180934914905,-0.048018802057815724,0.857800675981414,-0.2425441932743575,-0.0566129720891621,0.0372089480686274,0.01931069155986748,-0.3519914304295302,0.018279021415548706
1985-09-01,-0.019551858200765826,0.2793173182871618,1.4907576428267313,-0.21196841950559575,-0.043997535535032,0.04098465050287339,0.01683597704329813,-0.5144645324587656,0.003147139344253771
1985-10-01,-0.009506284568127018,0.1001148022523799,1.769306506564401,-0.2256908042873249,-0.04635989972845784,0.024160249638640673,0.011526101262447708,-0.4789866372401068,-0.0005848228799757701
1985-11-01,-0.006299362454787483,0.14910808612576587,0.7800871912167328,-0.038169454219648236,-0.06440763708949128,0.026884622287710158,0.013303778394983532,-0.24786525015362915,-0.023245063486043344
1985-12-01,-0.017797869447501512,0.18681107581806877,0.8424310419319834,0.005368710284683853,-0.055765084380109686,0.025040982112327716,0.015178168232604516,-0.35961443927442205,-0.03260625203407118
1986-01-01,-0.006210403287565895,0.21749832742467023,0.5432747305972114,0.03397395760876333,-0.07658162696117546,0.02783743260673711,0.014061238360920558,-0.44390961146410335,-0.06088638796821826
1986-02-01,-0.015598002702916605,0.14204229086188647,0.3618974433909288,-0.005579048064157349,-0.07844110955402628,0.0267152877357528,0.013069470508440095,-0.42728443134691985,-0.05414330855059846
1986-03-01,-0.01885163927592749,0.302552406116962,0.7113690130706928,0.000890170390583754,-0.061290305954880046,0.0328518528233832,0.02148585676408288,-0.48765783027761966,-0.025326294707716683
1986-04-01,-0.015128038035208416,0.38962035972035586,1.6353519616452918,-0.12008853548458046,-0.0953083211609975,0.030643541031415568,0.018053316945959463,-0.27174473076605377,-0.03601123281970839
1986-05-01,-0.003173803122324091,0.41408679747012844,1.8914568625741723,-0.21079184906984777,-0.05225522263249045,0.025630930098395302,0.013811141576295477,-0.23103874852037254,-0.013701282355046756
1986-06-01,-0.0280365435341996,-0.2095716989360713,1.7315894733545552,-0.2619647939330878,-0.03978866836631292,0.03428073417303453,0.018529972956578985,-0.32153457431287646,0.009964268774992211
1986-07-01,-0.016788745553691798,0.07391333110332532,1.2585431112573757,-0.12085610389846727,-0.04536176973514482,0.02023147234853559,0.020918091344682806,-0.24183654591606907,0.005265693523256598
1986-08-01,-0.0162464284242803,-0.09473798060088645,2.002948405524975,-0.32140410717397344,-0.02716629619320963,0.019478249424939125,0.011923182490211147,-0.2728159408251508,0.0016271935181905066
1986-09-01,-0.018156586338524683,0.0700569748905766,1.5283595009426962,-0.27212261271413984,-0.048140159081338355,0.03602405049784437,0.0182406901091375,-0.1830913862751966,-0.004391034585335132
1986-10-01,0.0005448011160630645,0.07579866080733577,1.064139909732475,-0.13337858577921985,-0.03664630701230452,0.024365749427633095,0.009755352000739362,-0.28138562129792566,-0.005313797145742074
1986-11-01,-0.009070433143049707,0.4020892448082435,2.19927978515625,-0.16231380821443556,-0.06211699036907151,0.0308608944633399,0.014531349119179202,-0.2928261447290802,-0.016723568722793507
1986-12-01,-0.007445716653435942,0.3941622903709266,0.616374105029982,0.03454801997942464,-0.060469672832606514,0.02916674860359526,0.015295885545644825,-0.17349334414568862,-0.06845010581704412
1987-01-01,-0.004161922396669975,0.12345959009383556,0.19306867838236957,0.034010902015195826,-0.054714727220114646,0.028596240595601972,0.0030122186499566884,-0.20466880007552568,-0.058734596829162815
1987-02-01,-0.020125742535277973,0.1314565879535732,0.46265300874836834,0.006727869774658735,-0.094873124449024,0.020689114175169575,0.009071855744638348,-0.16488499311293148,-0.07471357832573486
1987-03-01,-0.011877731695861914,0.15353634933989288,0.6562910072388712,-0.0449219252003452,-0.05672410470754871,0.027464055438917053,0.0071158904117115925,-0.22433437342871704,-0.029563343605627554
1987-04-01,0.0021948438918704375,0.2879764454347277,0.8982630619759646,-0.0812520079961895,-0.05601430107016341,0.028973839566370223,0.004982958120781208,-0.25541704435524454,-0.03458433182332063
1987-05-01,0.0014388273362900433,0.3728250956823844,1.0670047463748313,-0.32739323049641655,-0.04615687757401175,0.030672346838940667,0.015038665636850614,-0.2553164531871975,-0.02296417471965715
1987-06-01,0.006369537691611438,0.40415924452902946,1.316621729883498,-0.15112039396275706,-0.029822988989931312,0.0241405238552973,0.01347437703268816,-0.3297036219579647,-0.016254340500857865
1987-07-01,-0.015177289436419609,-0.46841884269479767,1.1352055583107072,-0.6159596389090014,-0.0456631339520389,0.0341305180885297,0.01713543042242939,-0.11670182361841153,-0.0018896546010051995
1987-08-01,0.010349787792264791,-0.5666964138767308,1.296704678610189,-0.42719092757534183,-0.023321921552808027,0.027478184209354686,0.012238586745332024,-0.2219704809796122,-0.009430465797202317
1987-09-01,-0.010734795658389707,-0.0027320302211440994,1.1263032399385464,-0.29974684266409635,-0.0383208709700051,0.03572281959610349,0.022150684420919445,-0.3120498719657136,-0.0037428266643538405
1987-10-01,0.0038694680259454346,0.08820238569335698,1.0971820967889356,-0.22994568190807252,-0.04401642451391501,0.0281676623207957,0.014881046083300318,-0.29067424875572306,-0.012995041045115481
1987-11-01,-0.01128629896753969,0.24442046967037045,0.7957606617360569,-0.03360172161508426,-0.03849179274708649,0.030938972032957,0.009269441776612082,-0.3545999360496008,-0.008321814012005354
1987-12-01,-0.002812830226564745,0.3427986320203506,0.8052162315324762,-0.0009195921452941139,-0.06556775185465769,0.02959437867696075,0.012464378521005248,-0.29650853650244996,-0.06306194724415276
1988-01-01,-0.008996370320443337,0.24553714998310525,0.6916439313016705,0.0017661905206373656,-0.06645643863773157,0.03252392820269372,0.014301228016782961,-0.2425234957474638,-0.04890184916417796
1988-02-01,-0.01546157538422509,0.03215931973642083,0.051550094497734456,0.01651815456935639,-0.07969523770636652,0.030475535277798005,0.005937438569070576,-0.35688544750948525,-0.06494238696257221
1988-03-01,-0.007443852751246158,0.26480896293606726,0.6593259733661477,-0.0006439646114327633,-0.05098634553391357,0.025674964229648062,0.008900773458084241,-0.5857283128418799,-0.0387406218127701
1988-04-01,-0.011293177464084182,0.29062367534836825,1.2680932006374912,-0.07811705885455049,-0.07591657116880038,0.02879289783348361,0.014542982107762085,-0.2079056095171431,-0.03611631802740378
1988-05-01,0.003502073306067095,0.3100937579819163,0.7958148214815701,-0.16287937514396555,-0.03997969606564067,0.02778155031978208,0.009191298430495242,-0.34411688007974506,-0.005350868450418949
1988-06-01,-0.009840721505429246,0.3589474072783138,1.718918800354004,-0.1818035037290612,-0.05230471123745626,0.03942851105241579,0.019610520770497134,-0.3499460086889743,-0.0020631750159838163
1988-07-01,-0.008701534961881021,-0.019826990513235998,1.1178047827532813,-0.27810675453473155,-0.04401529552426423,0.034703112597703104,0.01899411648649734,-0.2416907630890024,0.0019471956802470229
1988-08-01,-0.007478757976060973,-0.5404831717321481,1.6144306786851668,-0.3512112134152455,-0.035618737381367796,0.03359639663893311,0.016216052407571492,-0.26790201486247545,0.013547868596133099
1988-09-01,-0.006673936119616507,-0.10222786976478959,0.728165206465617,-0.27262817103264225,-0.029270765412918263,0.03710935623909152,0.019972618695464312,-0.4871089737183891,0.005832878547945285
1988-10-01,-0.013302568119661063,0.3986409973316368,1.4555770105996402,-0.10016179679638115,-0.06205049071161456,0.03404886867519804,0.019103833890721875,-0.4482877702596446,-0.0012203854552210029
1988-11-01,-0.004699775276602763,0.1592501849920654,0.6687636101620428,-0.010439284892139621,-0.04973179655689284,0.030337920243752783,0.011381666598418591,-0.3629128457993006,-0.022189172922565042
1988-12-01,-0.02579001451523203,0.18145638921770066,0.837411800468519,0.015517319539930137,-0.07516647379707325,0.028618016809213772,0.013321125027650258,-0.3912654101231027,-0.0414818464098533
1989-01-01,-0.014919690087761171,0.14722275496376863,0.3413755372542955,0.03301774174159807,-0.06285285859803433,0.031563367397039986,0.01172864928099924,-0.45366897319315047,-0.03841201641438892
1989-02-01,-0.019732946602333757,0.07951201776712885,0.1280958405211599,0.05340376704202024,-0.06788171445765948,0.030476658558927526,0.007987584052502564,-0.2478721342095087,-0.03926839851988261
1989-03-01,-0.005135271519136733,0.2065380907829275,0.5116196764915613,0.0027956172109112895,-0.07099001143939353,0.020650083589845648,0.008094726375342214,-0.36949594894762394,-0.03533011291504747
1989-04-01,-0.007518730573683092,0.2470915296106725,0.6502898062004749,-0.06801531900688733,-0.07614320160650014,0.028726556186277147,0.011188734746357282,-0.21965628523214875,-0.027676564319237016
1989-05-01,-0.018222078147937963,0.4083927412936651,1.0472462843748458,-0.11144099877312066,-0.049559519703473616,0.027732087818759552,0.018081808472841902,-0.2818552589157468,-0.007838759272779432
1989-06-01,-0.0057630680167208995,0.48252778563133386,1.764213562011719,-0.18706008992485548,-0.03736285723375997,0.031357483825712774,0.006560496494142182,-0.4878711083701053,0.011849872343579477
1989-07-01,-0.022951404795132496,0.107143838822577,1.5353111183674448,-0.29188276016197395,-0.023392429930240394,0.029291701775981848,0.015054280841434014,-0.4567716215283064,0.02250244755965194
1989-08-01,-0.03550255979158501,0.11933542169248412,1.6325152656206263,-0.2273404911550602,-0.030008412089066332,0.040748366791572774,0.013668318813554741,-0.29674797092449556,0.012864451468569281
1989-09-01,-0.015153098737094419,0.10269062591800016,0.8152411923954158,-0.2650405698934878,-0.03511913138527969,0.03647542034288975,0.015544471550132286,-0.3462808390516332,0.012394395643242764
1989-10-01,-0.008235841635482629,-0.01228987120836933,0.8512684148283449,-0.09612806558318487,-0.05113326854297055,0.028976679008880894,0.01659120623743963,-0.5088961135589272,-0.0017210324982771938
1989-11-01,0.006188323437344687,0.32630031651994923,0.6759140312743516,-0.048647406717612786,-0.047472965445209805,0.026786812319438108,0.008203038048870388,-0.20133240918216866,-0.03382264100915027
1989-12-01,0.00020052454827575059,0.29994605654368295,1.2714400028987067,-0.02063186438221376,-0.0647562054809255,0.030509261450852088,0.01513390975135381,-0.23746913685045623,-0.05002953996656924
1990-01-01,-0.0046523943227661365,0.11920061888994615,0.43435810605960806,0.0241059115627807,-0.08155056486965509,0.02691651750245568,0.00963763328411234,-0.23868498284768036,-0.045015264759383056
1990-02-01,-0.003054466429817056,0.12194431927723909,0.35632994382586225,-0.007675555235098386,-0.044235796138671776,0.024126756021415702,0.0026686049871777816,-0.11203978814153637,-0.061819395166596576
1990-03-01,-0.0014009985690440546,0.3238070563081946,0.7868232265442899,-0.05203923916914185,-0.07241472017077401,0.030546521998950093,0.00034667797751576385,-0.14797557126290983,-0.05603814445449644
1990-04-01,-0.00756214396679282,0.4950206524274387,1.4227929004623028,-0.15691796555866794,-0.061706058466474555,0.028776153491694923,0.010947455332656172,-0.14914666289163248,-0.02071017441115051
1990-05-01,0.004050043525824387,0.4287703260025602,1.58380126953125,-0.1372851475135488,-0.04281756740212639,0.024880898248881133,0.015994750254183253,-0.4572776002889588,0.003210613954893156
1990-06-01,-0.025519637917424745,0.43529497936258615,1.3640041007004284,-0.11525480194476984,-0.04415130914095414,0.03362819405923228,0.011318566749228778,-0.3292270956283476,0.0033573045007710563
1990-07-01,-0.022028042322924147,0.24055917138642813,1.0814364205700753,-0.20485487602694952,-0.04697088544434929,0.03478183689555104,0.01578574451506534,-0.39464092803271,0.00620613482971084
1990-08-01,-0.019701686192829856,0.3179850579254023,1.4465493306449613,-0.1939364912599116,-0.04694894959837474,0.035359216621239926,0.006589645728494056,-0.1472729162856763,0.009429538101425142
1990-09-01,-0.030766331335464882,0.1035749105867046,1.27496767715669,-0.18459364326889996,-0.04564721297287175,0.04337808611421715,0.018661690491198434,-0.2822830511969817,0.005182031807438639
1990-10-01,-0.019426077280259486,0.1822722680368633,1.2687776214048707,-0.18475631972948015,-0.04449472492479215,0.04231372829853194,0.019680219439137895,-0.45844869191768134,-0.005164118504104739
1990-11-01,-0.008231789788012716,0.14121714150993103,1.1988132615289007,-0.0724822084745868,-0.05386899501567789,0.034368464997062184,0.017723615032674313,-0.17531219585337743,-0.03316828581169819
1990-12-01,-0.0054611599440464184,0.2801755281980727,0.96248697085268,-0.014041400640976682,-0.07127369087257474,0.02872784504147874,0.010290547675914048,-0.19943668340506293,-0.047924583195751644
1991-01-01,-0.013826232862379842,0.19005913031764649,0.4703386122614331,0.022938900970919728,-0.06031496793357758,0.026321112181439812,0.012186583674821555,-0.2557482494802291,-0.0442609288554931
1991-02-01,-0.012449161921751415,0.11490441591069189,0.22395808979103293,0.0358303067337017,-0.08861532212947786,0.029323471044299217,0.010161554403919592,-0.22440974332876873,-0.06277748976281514
1991-03-01,-0.025119929275777948,0.23982568784240532,0.5349990743207755,0.0072224726385312875,-0.06021191213359283,0.03351923807117253,0.014444135585950221,-0.2896472089536156,-0.0258472817919558
1991-04-01,-0.010309147272084325,0.3589769241190742,1.337070093094805,-0.09947061933051735,-0.058511139220780245,0.03311734346978396,0.015822902025112034,-0.397799314762856,-0.014984798114717554
1991-05-01,-0.00934282970896173,-0.022674871739275404,1.8273067474365234,-0.20681797574231803,-0.0536906983981117,0.025718636819989465,0.025802334694864374,-0.047558150501654795,-0.008526487291612575
1991-06-01,-0.015292763776280006,0.17682411103388818,1.1937928952354813,-0.24407086470581565,-0.040505610780484924,0.026257870754170354,0.01574597857327744,-0.1998510290719856,0.00895339665250589
1991-07-01,-0.022032729540772827,-0.017085149698451096,1.6383020170109721,-0.29742604088728153,-0.05241495326520239,0.03904345819140294,0.013445062939048059,-0.267071944453254,0.00998186626440716
1991-08-01,-0.016127896114268243,-0.05386912699935975,1.4004683598546066,-0.3152368008880771,-0.06447756000077583,0.037885485611542084,0.01606583465609284,-0.364405233409286,0.004883539086656736
1991-09-01,-0.02204036480287374,0.10134483212133727,1.546125697421636,-0.2099662279454101,-0.03940721911138303,0.03706510430272061,0.011913187107294547,-0.11622157479668438,-0.0003083507519827596
1991-10-01,-0.009857368453267065,0.019734890325301624,0.9425439051811373,-0.1867803299641229,-0.06001693060276981,0.037500359175222174,0.02203464524911341,-0.21077803409372609,-0.02039899566912778
1991-11-01,-0.012633123589781794,0.24642516612286247,1.0534007152036797,-0.07418886960890624,-0.03110162006167825,0.02736317940558816,0.01027245999905906,-0.22949458724977667,-0.019429286485229104
1991-12-01,0.002181702035007845,0.5643541307158144,1.7150434912230639,-0.10248782519437478,-0.03740605076543933,0.023693820724568843,-0.0017258850338889473,-0.11838533816732599,-0.04997215678319758
1992-01-01,-0.0018261605961502332,0.06214024962279896,0.2509006578071346,0.018609895646321553,-0.05388058758114796,0.026159636219157404,-0.008814220695274731,-0.2120160500318894,-0.03864465233759935
1992-02-01,-0.0031385660039071205,0.1801491959103405,0.58156828385304,-0.02090418419211501,-0.06127108791628599,0.0271199396203858,-0.013521780155041001,-0.2853729625890097,-0.04218901078448872
1992-03-01,-0.005166038767867478,0.19290691983331798,0.6731184294693361,-0.048173364623547876,-0.05213497372190516,0.02459850167361832,-0.005222318895009474,-0.21453165756599757,-0.04177653304348876
1992-04-01,-0.00999637893152068,0.2846816732651595,1.3550726790282126,-0.17229700920474436,-0.05691911918539046,0.028995801424858185,0.002566627964254954,-0.3392339167567914,-0.02568854631330316
1992-05-01,-0.010767955073884988,-0.1157491402891403,2.1893110275268555,-0.42152069337742054,-0.050235705661862744,0.02779021993705668,0.011461173478655695,-0.3701399521758354,-0.004185155769535459
1992-06-01,-0.027005536340655636,-0.008701055400213265,2.1547663454959762,-0.463251493458117,-0.033615464042547324,0.04261458629928378,0.011363374431805025,-0.13722164745527843,0.0025450878667585396
1992-07-01,-0.015094527822219135,0.17417462801683348,1.3348130540660195,-0.27343915538999003,-0.05564561666186404,0.040150315639461254,0.017115464779838434,-0.1516414692132917,0.005496992261321288
1992-08-01,-0.018803853849130612,0.2606037154386949,1.1098458660157688,-0.21900738050253604,-0.041446254381788186,0.027715447707031295,0.015875843911672894,-0.3691965993505447,0.006421762207796773
1992-09-01,-0.028046524348752593,0.536422112928419,1.1611912126494424,-0.11750254939517601,-0.036223398840008136,0.033672835678559214,0.01555499528851483,-0.2844296097637192,0.005738252272902532
1992-10-01,-0.020477898927577794,0.4594265537594635,1.7849271164189568,-0.10719284663959118,-0.04041471944850404,0.03439997221168326,0.02061917345423632,-0.24727947707251363,-0.00685135286523931
1992-11-01,-0.003292578318578649,0.21505325044609225,0.9189741443653068,-0.06430331562277207,-0.03649787827917505,0.028040450007594628,0.010724245036533757,-0.2437306735868967,-0.030604027968328222
1992-12-01,-0.011771914969336491,0.3280309816654174,1.2340539880123629,-0.042072560985293904,-0.06451829952641552,0.02600517165523992,0.006554009990103147,-0.20478367837132816,-0.06308387252235823
1993-01-01,-0.001018070688599318,0.19946425222272546,0.4524473084626771,0.04468915913054635,-0.04679595754886826,0.023063692161274678,0.010203107567992732,-0.24578435274772925,-0.0437722759790241
1993-02-01,-0.005655754788102942,0.06291872334535231,0.1066369027640156,0.030534875168281666,-0.07138184272863615,0.024777736049324862,-0.0007339380621583835,-0.09349870526777704,-0.07438128896054243
1993-03-01,-0.012600825323898272,0.10486613942122536,0.3770521403563235,0.007768976908713698,-0.0641761650167405,0.028911685142201878,0.01098702565110726,-0.26616780633806914,-0.0337437119566689
1993-04-01,-0.012385639294144133,0.40684031481170435,1.5290320705825773,-0.12005457453799695,-0.0661858244386755,0.035526914120861994,0.009147762805867722,-0.28950253216639255,-0.02486785350963038
1993-05-01,-0.013223489540833742,0.09026717941733331,1.8617781778410984,-0.32942956182440003,-0.042038225832885495,0.03916308229871261,0.013362089309154439,-0.07232824574730823,-0.013416876123837244
1993-06-01,0.00824738010210337,0.012038789962515506,1.9013252258300781,-0.28143520710071,-0.06018529765091968,0.031036789471787722,0.009191657593081147,-0.1491006742313875,-0.0023199374591679417
1993-07-01,-0.016356003649399185,0.1011278612531129,1.1718494291935524,-0.24047749836813231,-0.04826980118628941,0.03407639594783811,0.017249458273140478,-0.1803054593610004,-0.012072522369325375
1993-08-01,-0.024611736758214636,-0.29831699858383676,0.9791510272014784,-0.21007999499753063,-0.02991068430051956,0.035856974043479706,0.022625785385449477,-0.11069478484109463,-0.0017689364897793144
1993-09-01,-0.016514713936196627,-0.10203771960967611,0.8586210690022293,-0.28250877586328593,-0.039564616767562885,0.029753735107046174,0.023516278561872,-0.11100958721314613,-0.0004645459505758101
1993-10-01,-6.025228596566717e-05,0.08523034146450803,1.0199179343821583,-0.18601813489137092,-0.033101379497081494,0.033636655935697486,0.01649170271856757,-0.19541597321947635,-0.020680088117440043
1993-11-01,-0.005587565359381553,0.2788338002762303,1.4815756129958015,-0.08613022980252616,-0.040518317196533205,0.03399687280921337,0.013482724455412536,-0.21591747769933556,-0.01223828064963115
1993-12-01,-0.009024019819580092,0.13095538600500017,0.7563889986784785,-0.007845722633003479,-0.07222618278866284,0.03191161011692175,0.012840131648636937,-0.2660891057450562,-0.041995624141729394
1994-01-01,-0.01762132463677733,0.091556098407925,0.17543571478803943,0.035258806215610485,-0.07145721721758262,0.030856137041262468,0.017136401462545848,-0.2119290695876147,-0.05106201278691644
1994-02-01,-0.017253483388981704,0.20481829063838486,0.3475079862051997,0.02127222997276776,-0.07743947008235609,0.02926762761919285,0.012318912680300562,-0.42313318131922584,-0.04078589305311058
1994-03-01,-0.011762226200695832,0.23020232023386666,0.49648752981337285,0.01032098385975531,-0.06686720987505561,0.027548815702557405,0.013974736162374334,-0.48365050497429496,-0.03027375139971043
1994-04-01,-0.0016259419475371244,0.4712832101619298,1.574252991700124,-0.07789757061564298,-0.0755703085017122,0.030991410012312367,0.014186851144883768,-0.3954129224512395,-0.035543845574451303
1994-05-01,-0.008068019426610545,0.31444135650205873,1.798755639290607,-0.1852307921072971,-0.06596133367361551,0.028659618860044395,0.02054398273768816,-0.35731441431501176,-0.01486006629924954
1994-06-01,-0.016007702814390994,0.4405977372173031,2.205169677734375,-0.20269788248229684,-0.0519250181532423,0.034595867583722226,0.015951335395164502,-0.14696392481758502,0.004987464668470618
1994-07-01,-0.01736390583004975,-0.05423359369355929,1.7500542444560896,-0.35144455736045865,-0.06337837541725697,0.036201218886149675,0.018383122666784397,-0.1895102540687732,-0.0028821350249513696
1994-08-01,-0.0052648541507410666,-0.07507994720206124,0.8939609985412101,-0.19844583993255474,-0.07486744653022108,0.04526607995268496,0.0201715621045453,-0.17046100000065945,-0.0119926232308437
1994-09-01,-0.01311965170833162,0.08063871930756739,1.8475019616111341,-0.15642888818115672,-0.0437063503056071,0.03033077430091623,0.014453939014345323,-0.19588995708215096,-0.009202034889246785
1994-10-01,-0.0021985653321168934,0.024659071739478122,1.4167821532361171,-0.1676471592633429,-0.04241549565892438,0.03103882619614287,0.015773456831473444,-0.3170144593643087,-0.010113176965057043
1994-11-01,0.0015704452667935486,0.3906833002605237,1.2338823576906186,-0.06730042437350373,-0.02930897240680827,0.030486273325296045,0.0171333982585808,-0.1903638763029576,-0.02882528210037131
1994-12-01,-0.007396619209706523,0.24269216134456395,0.9314305218733019,-0.031444076456358286,-0.04985865538560083,0.030419362302617964,0.015708603002432382,-0.2573507579434239,-0.05030458255233215
1995-01-01,-0.010703771404185509,0.3098781150512966,0.5686573025042728,0.017109030629332125,-0.07215114839388907,0.026295629363185573,0.011795415824251719,-0.267389843163496,-0.054683504612040995
1995-02-01,-0.00896713192436462,0.15085968835840669,0.3659158696798389,-0.022488441591147913,-0.06569687591211804,0.030259609081317942,0.011146222046264389,-0.5472396782741802,-0.05386243144233187
1995-03-01,-0.010973400687185497,0.21757399099581454,0.4357935939495031,0.015819209152005846,-0.07766008795898033,0.03426505078219244,0.010236305761084556,-0.3229756804160018,-0.0433420235396446
1995-04-01,-0.001956976144066012,0.367384601151958,1.2628023920965394,-0.09259862483813198,-0.07244309777076612,0.034880239129649486,0.007616636015118155,-0.19593040807770357,-0.03011311275092263
1995-05-01,0.003599646313068138,0.4358500836215077,1.0795498961136851,-0.03830632652760921,-0.05160487343429904,0.026081648705939823,0.01636929354948993,-0.3872609271572125,-0.01448567410993191
1995-06-01,-0.017122474767245034,0.4398043606618282,2.6000823974609375,-0.22318780542337452,-0.04207934821991649,0.0353417559101083,0.018183654986773545,-0.1688153655155057,0.008363256851175524
1995-07-01,-0.024869184430090376,-0.33574234628903654,2.116643784445751,-0.4819060762179039,-0.0380034845532815,0.04312289213157917,0.014896524986152801,-0.14446831688153217,0.0172326405950556
1995-08-01,-0.02011677849926303,-0.32139396959987354,1.6013449964199813,-0.40366604267154066,-0.051464251009793655,0.05108094980291705,0.024561372167004325,-0.37449426128417773,0.005933255492804911
1995-09-01,-0.013451324546410822,-0.04097923776914347,1.083334704137992,-0.21873992284511387,-0.047572076569523995,0.04019146748046396,0.017494331456507837,-0.3471532600339615,0.002173807977308821
1995-10-01,-0.002073147517971104,0.17379449519226575,1.344712416503179,-0.15679708538239218,-0.04640971454374765,0.03450046729581129,0.017527565870166628,-0.4373672662252741,-0.010831233573742606
1995-11-01,-0.0025193932102314013,0.20215231053856442,0.8909873709624005,-0.06859656301713359,-0.044365589703820166,0.029071404523988976,0.01465822853164422,-0.3688452940837199,-0.01798626540474383
1995-12-01,-0.005867554561738754,-0.002905198838057288,0.06217090331121777,-0.011105361422707422,-0.06555630672262226,0.028970080511247755,0.007787207717070852,-0.3092486901188891,-0.040275268433355056
1996-01-01,-0.02792620296419124,0.17686224642268955,0.4502534504410308,0.00016800697938910676,-0.05145496300083657,0.03167716712315608,0.016021825625880528,-0.2754560179558532,-0.03876276587230972
1996-02-01,-0.00553099015594601,0.16280942752455052,0.48065864042064077,0.006115480069478276,-0.07429831531105077,0.033333312290961314,0.011382677358050387,-0.24614585282544893,-0.0471407372808129
1996-03-01,-0.016803554468230786,0.2701948644033169,0.6185587697639376,-0.011872373340564579,-0.07941641562382469,0.0320787441168923,0.010253769942808999,-0.29921805718361555,-0.04091373768333964
1996-04-01,0.008545111904212453,0.4843452240796331,1.307511904055819,-0.1328640232688759,-0.06182115069387176,0.03493640245227962,0.0033786508093690978,-0.4807001755252968,-0.017678236110719447
1996-05-01,-0.00414144269272036,0.21606413602425145,1.085769372091677,-0.1362924908781799,-0.06887161061823044,0.03137013539361204,0.019287817672749438,-0.32279759226984367,-0.01053526838708079
1996-06-01,-0.011807816583602845,0.1923750984531028,1.1221606979136112,-0.28998823680354735,-0.02990886493958301,0.027269629359302324,0.016420437373758902,-0.1514992050257748,0.013251050901113143
1996-07-01,-0.02433510701420367,0.11232878197617055,1.1783719735061673,-0.20639308760923428,-0.025736385281104612,0.02603304431794142,0.00842056320620405,-0.17128265396809,0.01787727650996756
1996-08-01,-0.023561901523235763,0.01235301324369567,1.4509601593017578,-0.35703431008710296,-0.04261573979730618,0.036784322484855816,0.01563768242066241,-0.39590875136847353,0.00873639902355506
1996-09-01,-0.001965588501538894,0.21792567826790105,0.8936290118843941,-0.166040668787993,-0.04305358293996963,0.028983773727465093,0.00827116538063076,-0.3265571775854497,-0.0017919916049742655
1996-10-01,-0.004947686436899026,0.08798272949549851,1.2880569625682654,-0.15281966652115472,-0.05463311291759221,0.03288234900633749,0.021230918261847073,-0.6277620127736141,-0.009315596661828105
1996-11-01,-0.012222887085256874,0.31322934097709854,0.9045792603764506,-0.021420706164263045,-0.04890891261237347,0.03481687561699978,0.012661365242383881,-0.4918329281588875,-0.012029550931655685
1996-12-01,-0.003154286085745262,0.16850355674041984,0.4958429849962923,-0.010730960709247596,-0.06911796501423814,0.02964776906943607,0.007138689590914747,-0.1982567660868556,-0.045198524884878376
1997-01-01,-0.0028981974190808797,0.21927001907662738,0.4506800817900851,0.037946907283509315,-0.06945634423012877,0.03020675216343121,0.010243263168222898,-0.3219643290097122,-0.0560624602588158
1997-02-01,-0.006603529413661472,0.1894461827055992,0.7879933980278437,0.013978599807981917,-0.08927582986930331,0.02746053053767584,0.005845593575990601,-0.36297761063663575,-0.040947141869742014
1997-03-01,-0.0019510700194223748,0.04301422982923647,0.32719970756853134,-0.0213067874757792,-0.06441185474124721,0.026292755401246197,-0.002696566711902362,-0.0968538358694554,-0.07635693621069423
1997-04-01,-0.015238499734657924,0.4816492944471498,1.343941426096345,-0.022102633136992542,-0.053297012180947366,0.03691964310823272,0.021493408047162366,-0.24460737676816796,-0.018262494904271048
1997-05-01,-0.008714126374651878,0.05319045760133029,1.1544257036913772,-0.20436747423152396,-0.027237405889303252,0.02447013843760066,0.008940839986517332,-0.14117108755225355,-0.013621430198442969
1997-06-01,-0.0033592581209694146,-0.15641340274335508,1.3980384291445318,-0.4864859600696496,-0.01965753472135805,0.037405963109717694,0.010739838318636634,-0.05399033101124212,-0.0038770420376790233
1997-07-01,-0.011853232804912572,0.08578962881929308,1.8104619979858398,-0.30174028012997034,-0.05081336310792866,0.03913592731849386,0.015955422134559052,-0.15548829112771018,0.007458177248693492
1997-08-01,-0.024709890728746912,0.3873319625854492,1.76751038725947,-0.26172718486438384,-0.02145733036740724,0.03545499331215922,0.009791251915072964,-0.11562038578682315,0.005492579028167064
1997-09-01,-0.003927307816672363,-0.3674269569785468,0.9408130263455641,-0.3872431524623746,-0.02070736815801519,0.03976013496130688,0.01631964984534534,-0.06117095926600957,0.003847630425453169
1997-10-01,-0.014997853355512599,-0.2776911302609924,1.1493155633382912,-0.3832916324511294,-0.01713846358544881,0.041374240121131035,0.014215346879129688,-0.046369173415691356,-0.0019664320013758597
1997-11-01,0.006313017429626652,0.16380737507201223,1.2275535742614019,-0.14831910034154178,-0.026764863965068962,0.033364708389117745,0.00016117012503739803,-0.14584069856455634,-0.006770178921521204
1997-12-01,0.01143939526175032,0.21156075561291995,1.1265401964197954,-0.08294157968798253,-0.05540722117569617,0.025680823005145025,-0.015618828826481718,-0.18517996869650327,-0.04184102877512186
1998-01-01,0.004999600301859492,0.15971607216226766,0.6935233103241762,0.007088450133578594,-0.06760487438369144,0.02151381858710761,-0.036317898406759794,-0.22864632275216834,-0.05424945663929507
1998-02-01,0.0082559937955675,0.04345051440031619,0.4150348201605776,-0.09079543412866939,-0.0787008645881805,0.01894548549952016,-0.030340941720785265,-0.6008211616710653,-0.04829293123383745
1998-03-01,0.012365520644352661,0.07679826924091177,0.6318994383583256,-0.08242998361795811,-0.0776076589584302,0.02616949743881875,-0.030199552181630437,-0.22492943757722694,-0.04599445347803866
1998-04-01,0.02373280669503769,0.16965092412519509,0.8986467398384647,-0.2029352979867933,-0.05419825196407066,0.017748958518967916,-0.03221876420016575,-0.4349855558283535,-0.014450508997608464
1998-05-01,0.006473080466897687,0.24068858938458879,1.114955562122203,-0.19765314752260976,-0.043921120647351625,0.026086512402079723,-0.0013366058739738233,-0.4356455634762403,-0.0036624235857076193
1998-06-01,0.0017201568042344865,0.16513508232386442,1.4312381744384766,-0.2948299983040731,-0.04853920119320381,0.032155626294849755,0.005347695283413412,-0.32181161283808224,0.009129162705315426
1998-07-01,0.0061126749201183255,0.20675030138535766,1.3398444838284693,-0.2640826006761868,-0.03779436790301187,0.0303435127939776,0.010806740539343376,-0.4032357142405365,0.007892112371284262
1998-08-01,0.003701669096527023,0.25489612243646753,1.4257496897876285,-0.22244364228195845,-0.032617188215312384,0.036628313592016105,0.014064100868239959,-0.4510341628453901,0.01104846033183599
1998-09-01,-0.002434269202607582,0.009616438134961935,0.8460892887199011,-0.29842595340563116,-0.038071639953770185,0.03799699260568755,0.021176342287855785,-0.337026525984104,0.0027232425408273415
1998-10-01,0.0003418018606026305,0.18865219693540944,0.5333846126000663,-0.08079856744772995,-0.03779389884670456,0.03246971911226449,0.01563577245585567,-0.6564354903166836,-0.0029994740185283007
1998-11-01,-0.013128714647803547,0.16742774046915537,0.6393332087082084,-0.0738349491847551,-0.039504856946417824,0.031016402610247785,0.00916519952739999,-0.40333992597441337,-0.014617624515579835
1998-12-01,-0.021440728717657006,0.1572497277938486,0.2913354920487433,0.02113583058485648,-0.06274581330856885,0.03182309167069764,0.013855799205665409,-0.3876039541590073,-0.039448289984756184
1999-01-01,-0.014262969335197908,0.06492649187688138,0.18605092417567515,-0.0012786726453714453,-0.046904875968817136,0.030635428037264274,0.004988665049746524,-0.4230028844033592,-0.04540277715938609
1999-02-01,-0.02415038858318018,0.14754021799882877,0.44147561893937837,0.017587346757154048,-0.08840304872694998,0.024138302763045988,0.009105227495055759,-0.24705683077030904,-0.06211924245156584
1999-03-01,-0.010020858487848224,0.22244332968272784,0.7714221312664179,-0.05725384213191836,-0.04445032578992604,0.029137841627832204,0.004114818587956545,-0.6565667162547933,-0.03039428707637813
1999-04-01,-0.021822463718611226,0.3045486636439249,0.7305389283394028,-0.09573082644360757,-0.05044265357540027,0.035106818881916316,0.004998380260082652,-0.5759441927624519,-0.023196875659684302
1999-05-01,-0.010137100435111256,0.35564207579934476,1.0140522899845683,-0.13696269175211875,-0.05185421589446196,0.031694772404663125,0.02448627809776071,-0.19176918328869808,-0.018427533090812184
1999-06-01,-0.022076172543706866,0.12665377339466466,2.0832433700561523,-0.29284748151621914,-0.051643757247894,0.03871903949410677,0.02285205043904289,-0.5914501536653404,0.006478763532263638
1999-07-01,-0.02542494658130849,0.01018960256941659,1.120136787527828,-0.28833981695576233,-0.04482302635777583,0.04572290707604854,0.011873555319529631,-0.22591619008576969,0.013237990312421755
1999-08-01,-0.025490338231822486,0.012604465332981207,1.6139550396700946,-0.31747896143470405,-0.046608500428296805,0.03942722749832431,0.02308025430930555,-0.22676351035368714,0.008217223452623556
1999-09-01,-0.012414560708993544,-0.24548928827466188,1.3635719005004998,-0.2973368906817654,-0.029942970851271018,0.039372343717309306,0.019363425441875876,-0.2854828049203636,0.0037785172570680005
1999-10-01,-0.007239249484229393,-0.03848894682243853,0.7310896865135492,-0.20409590543265685,-0.03111261631452851,0.036748848251553785,0.019767394703825877,-0.4003794332499645,-0.005803281528985948
1999-11-01,-0.007684193581073158,0.2959483629245632,0.5329438418610628,-0.044146811510407426,-0.0422068094655538,0.030958223902839418,0.010306213255368292,-0.485916414296227,-0.01924509259751322
1999-12-01,-0.022391664325167558,0.09746359016490991,0.518497031293071,-0.006649972534895812,-0.047085787190914025,0.029575882555231008,0.01351881911770322,-0.3870341390302653,-0.024188616149049866
2000-01-01,-0.02014928136574957,0.2011622979607381,0.3910810706682135,0.03113068465846352,-0.06042309222814464,0.033582697238056264,0.013112983624103383,-0.4193345828322138,-0.03421310850246168
2000-02-01,-0.01599666893658971,0.3572062505802638,1.0265325617397667,-0.024652190507130856,-0.0349564424420328,0.02551670315963839,0.007926056578146636,-0.4588950215244879,-0.04255482884327799
2000-03-01,-0.00875439234651552,0.3220891944947306,0.8040767615571236,-0.03083144216496095,-0.06772537734526353,0.025584024975810565,0.0044066878356226365,-0.30117882813898444,-0.0368674889338345
2000-04-01,-0.007874556587257654,0.2860165722572101,1.0145879848399253,-0.08245630010199603,-0.0571330561273447,0.027358923020659013,0.0076938320407385526,-0.4715084947307203,-0.025594501964249044
2000-05-01,-0.006731485724150185,0.11525690089707996,1.2721130628005022,-0.26946902415104,-0.07315363990775495,0.037508650805634106,0.01336692725672448,-0.5440837439741556,-0.012407211743190713
2000-06-01,-0.02841874459050608,-0.25239717608003287,1.9851565254134238,-0.4986472349070833,-0.053420924847201075,0.046267266717233135,0.018665736448478184,-0.26434175297987406,0.003259269178931018
2000-07-01,-0.027096465906603678,0.621468069912351,1.6602640337377426,-0.1898237997911997,-0.03524948437082539,0.046040161931737655,0.012045758860374008,-0.19630544295837848,0.007661333522926594
2000-08-01,-0.022338319810066114,0.3336515449337769,2.1313581466674805,-0.32524070117113374,-0.05338291565781255,0.032108368233475376,0.01580041889692793,-0.22764801274356183,0.013480563752307226
2000-09-01,-0.01906532139887179,0.04851060518076722,1.6541006320574243,-0.3329718436309061,-0.0370287807755149,0.04090504290715386,0.02060094928924396,-0.2781496838760905,0.014082047976601656
2000-10-01,-0.004080182039691339,0.27708202873612886,1.2531928529911536,-0.14228888249495436,-0.05008365804427144,0.03081176738736465,0.017955522115598626,-0.5294158035411506,-0.0053371033377751665
2000-11-01,-0.008221618309170694,0.1503739569826132,1.1735941925306117,-0.09894327984733059,-0.0477087990110009,0.027523749553992102,0.007650436529002929,-0.38068193198432765,-0.008003456141598626
2000-12-01,-0.01506442367265624,0.3104790657480849,0.9060356699741683,-0.00011258706070000095,-0.07386101301507135,0.02594524336697187,0.010561962171440299,-0.24016592933459546,-0.04420706560647726
2001-01-01,-0.01537307738398028,0.26276641241072474,0.7565300785187113,0.01587171179000815,-0.05161196794245127,0.030264039008879213,0.016686111071310388,-0.49804279426699394,-0.029091182036174654
2001-02-01,-0.004183477590470955,0.0999477264320241,0.2275384640541953,0.040400564159512334,-0.10390836376946672,0.026993117638632255,0.00956104247590826,-0.33782587700000166,-0.05798169818670689
2001-03-01,-0.011375088865268763,0.13772540812602752,0.445410575972642,-0.04689280931653595,-0.08412858857169563,0.026081188598741804,0.007071284400868402,-0.34771259810449295,-0.03495790255876868
2001-04-01,-0.00608380213033405,0.2733295933802601,1.1472637036430524,-0.14932148554437968,-0.08165357788888931,0.03304012495719663,0.007336759312387431,-0.39334762130785517,-0.03184057087638807
2001-05-01,-0.012979464820373595,0.3371249621913457,1.6731852310277526,-0.2926866557036398,-0.060104727743650305,0.03938306064044868,0.010310381057742212,-0.2453069816116572,-0.017417334711619836
2001-06-01,-0.015158670870201287,0.284048880472498,1.958391117205208,-0.1828065917024227,-0.06752545955691955,0.041431513049924956,0.020690036069777318,-0.25524573809038265,-0.003751489049414803
2001-07-01,-0.020758677440814537,-0.056522643890108526,2.5688180923461914,-0.40904423859990885,-0.05311764269235153,0.039861972984039165,0.014880069172075218,-0.2161151366662909,0.005377533414296434
2001-08-01,-0.030599428586161572,-0.026758409828166352,1.2853135514862908,-0.29905861196435474,-0.047540251086044386,0.03888195600348664,0.008440733302310915,-0.14175658688566994,0.009573471379709736
2001-09-01,-0.014867357946755375,-0.01999381117772503,0.694087629437714,-0.31115904581874126,-0.04366027195842214,0.045139457912534764,0.025066744207558375,-0.30447120211590206,-0.0026739989093306554
2001-10-01,-0.0032173383513395513,0.20672431436052963,0.8995232869141954,-0.12934169376052207,-0.04155010948860405,0.02760167821880305,0.009194370315501035,-0.24811689182030194,-0.009601828110155915
2001-11-01,0.00019326779275785985,-0.06620122349766311,1.0341388000579788,-0.1132202080092336,-0.05281486384736632,0.03238650686121542,0.007257582630674657,-0.3727936484853601,-0.01938429296637469
2001-12-01,-0.0025723469963558556,0.08516968014952142,0.1212822298680315,0.010752974941457116,-0.07790641086713096,0.029121005347648974,0.006599502605310911,-0.18239621416255225,-0.0801378018374596
2002-01-01,-0.021652964670952884,0.10835422719430643,0.2386673562663097,-0.0027949939415780507,-0.06339922799084358,0.032396014036788844,0.009791001225597408,-0.2514877087658842,-0.03364638378442182
2002-02-01,-0.021900939436368696,0.1350481546507425,0.5322615890499437,0.005931456180453985,-0.09466159762979734,0.026991086684297727,0.007930249491518224,-0.15671452398624552,-0.04395039376716387
2002-03-01,-0.01926782518397291,0.43363044979119963,1.5915233936059219,-0.05344052931825605,-0.08197627054423177,0.03255318303743888,0.012432242182150681,-0.18995528328601186,-0.03799791345311748
2002-04-01,-0.010208458246058285,0.20601113552398354,1.3058399159663119,-0.156039506966019,-0.056156649547332974,0.03861884731622367,0.016815991323100316,-0.38842560815554295,-0.026357924939442647
2002-05-01,-0.013545581917203923,0.08563516192846377,1.6461972333451624,-0.3444708351599378,-0.06017882063031051,0.030669294760948356,0.0186129584931223,-0.2653217879586357,-0.008883561223210249
2002-06-01,-0.007637043929684865,0.033611230316285545,1.5790922069510267,-0.3230552687995877,-0.06218086464478636,0.03873572655593508,0.014107717594538438,-0.17569254248447086,0.00885276042944125
2002-07-01,-0.021733480342042637,0.40978127664763925,1.1800472184051798,-0.29474535804612867,-0.0569111841251556,0.04140626680143167,0.01343680087136065,-0.11981065639318711,0.0017829744557464285
2002-08-01,-0.0222234568391156,0.2995373047144164,1.709756059157494,-0.32577096058563254,-0.04423599917448376,0.03987972158683674,0.01670016805681766,-0.1007157301834738,-0.0031375517695430366
2002-09-01,-0.013005867451213815,0.08625866972306673,1.4834227297166465,-0.24713303433780176,-0.03963972650720892,0.03695709318679637,0.01483183720919842,-0.22081891911885476,-0.001282681841752315
2002-10-01,-0.01774923322089323,-0.10239140738146901,1.9250221252441406,-0.2535355334422092,-0.05286419823488032,0.04028716851273803,0.021780099324815463,-0.11404320929311051,-0.008981491768132623
2002-11-01,-0.013571576241832476,0.04023600063394117,1.5847817155767783,-0.12097634534292162,-0.07056555163519304,0.035220777610237744,0.022954729487754694,-0.2413167378664246,-0.02128629426367813
2002-12-01,-0.004869389640553862,0.13925683226431207,0.852393872341363,-0.09031801771895988,-0.037744733702165044,0.036101496000898764,0.007108452779195871,-0.21123248677683537,-0.04206554486803618
2003-01-01,-0.011526442411693604,0.19866134915455114,0.6500976284924062,0.03568249343894585,-0.07564740098146873,0.03282952155872474,0.012274658943141555,-0.2671946545117849,-0.06883021908530618
2003-02-01,-0.002060195188960185,0.17554814481575864,0.4290125410445429,-0.0010239220104633628,-0.05704578837903261,0.024909322662396295,0.004511702446398174,-0.3047275831790581,-0.06054883099725182
2003-03-01,-0.01004819220094979,0.21198788138592684,0.4030882713131947,-0.01529551300557359,-0.07981573512612229,0.03360411598723699,0.01235614318183469,-0.33096419350957906,-0.045507852771180406
2003-04-01,-0.009394774498168302,0.09699448412378175,0.9869569647003467,-0.11694550818118506,-0.0613125340302488,0.03691859897181487,0.02067678856214751,-0.28640360136091636,-0.02814970307246216
2003-05-01,-0.0023078343202242446,0.17835921020831458,1.3181941701231756,-0.20212175213572872,-0.05240939727863762,0.030515235239418893,0.015217037634663482,-0.2196668266709798,-0.012522061464635931
2003-06-01,0.005852067656138362,0.010632308452483308,2.809828758239746,-0.27214758056508415,-0.04345993038871088,0.027652391270310057,0.01358048960675983,-0.10852563013196681,-0.013834120156334345
2003-07-01,-0.01525883944371044,0.4625891554556264,1.4939898706909727,-0.23770293087122535,-0.05817354647226192,0.03899907292291982,0.019453767040924438,-0.15329444934674474,0.013962770237620723
2003-08-01,-0.03284249596429931,0.27690266924735507,1.407887978852318,-0.17531834004106994,-0.040040809398964865,0.036369257902313386,0.01857919662526625,-0.2013949016193668,0.002972094632552396
2003-09-01,-0.005294335188827147,0.023906783917330143,1.4684299983253262,-0.19715521113075196,-0.0506335593468566,0.0308266438153888,0.00927915432947927,-0.28260345740431303,0.0021627362998179753
2003-10-01,-0.007811082195573266,0.28903189584856825,1.268844355453862,-0.08380508645502216,-0.05236288613003983,0.02965985407372808,0.014773625068623035,-0.3140978011542441,-0.0018979461403438639
2003-11-01,-0.0026109622489564,0.30272282544564566,1.333863256848348,-0.07323633771780863,-0.06205910814986409,0.03221740259881321,0.0171796618482519,-0.2186777481069324,-0.015773970287037867
2003-12-01,-0.00728243476629396,0.4123543757553231,1.236256819606826,-0.023646919839758383,-0.07808765358847955,0.03264529957149252,0.019025691966146303,-0.3680806680446218,-0.046514495731405085
2004-01-01,-0.0077711686419198065,0.03516128772531102,0.0870449764453175,0.039477606282665084,-0.05581075145501264,0.02505079189647492,0.003191996835700738,-0.292364924106048,-0.05135567876553224
2004-02-01,-0.0002812169850620891,0.09630396269599384,0.33958174107525246,-0.013827139156384989,-0.08784270918009879,0.025494222564604988,0.011111720640012457,-0.23076347053735868,-0.05084491683722236
2004-03-01,-0.01294228580612303,0.07357356852203611,0.5692629900954097,-0.026375675147438424,-0.09325109701326074,0.03136135931464541,0.006482817428728632,-0.2237983772767148,-0.05467490906938673
2004-04-01,-0.007403374399679726,0.5951214201648662,1.6100230932457644,-0.14137962789025615,-0.07192895223310265,0.036892496181084936,0.009499246267480119,-0.3440817842449613,-0.02869885966337287
2004-05-01,-0.002368612767871866,0.2414448282471373,0.5396092098060812,-0.1563445109325262,-0.04755391094438217,0.03293812278635537,0.010249277368024353,-0.47041272727783867,-0.001241972619910727
2004-06-01,-0.016850106278261053,0.5746015046903943,2.1319046020507812,-0.19554705827224064,-0.0649690578774843,0.046358503338726716,0.02023987441658507,-0.12207464995509443,-0.012447113401460947
2004-07-01,-0.015463716418883939,0.36373017818850306,2.059959776454309,-0.31406940519676707,-0.041164382610013525,0.0376602681506765,0.010847422139066506,-0.06885633258634183,0.006553895260064469
2004-08-01,-0.0469027066530079,0.1968181828046881,1.2383290145699624,-0.36947254627346704,-0.02957126255428767,0.04054621437264216,0.01593755097075527,-0.11235688510641151,0.009425561047974726
2004-09-01,-0.017643805814567166,-0.18042294619246502,0.9687340275232408,-0.17784434339796218,-0.06161297576074273,0.04141017639940973,0.0209198496323002,-0.27918546619968,0.0015581320821122316
2004-10-01,-0.003797752950163767,0.23610631365215273,1.3723757794784035,-0.17458498441990053,-0.05604279068935825,0.0397031206304667,0.017920926124278213,-0.20098456881221038,-0.014217996430141667
2004-11-01,-0.0071815607002192255,0.044712223992900646,0.9104274384311435,-0.11887335827630341,-0.06531362971427686,0.03172855002060083,0.016639191075989854,-0.33961911970071634,-0.021871816973705695
2004-12-01,0.0032619372598222626,0.28753122377415274,0.8876553371119124,0.006031172630722475,-0.05099677333879692,0.026598719590037533,0.008160422814952994,-0.41644368129416653,-0.033114861960968266
2005-01-01,-0.014235589205859685,0.1216331216523614,0.44262192947203516,0.014240172984831417,-0.09472489984769154,0.029871918103619905,0.01127168080784778,-0.1506859030321992,-0.04618312648899234
2005-02-01,-0.005526656977851132,-0.02572816617339735,0.1300344532649702,-0.0017315930981735821,-0.07690250455501413,0.030339378377815262,0.004656947836580472,-0.1264475784946728,-0.092904683615297
2005-03-01,-0.01562910241358307,0.2820309585321683,0.8613848551970698,-0.053811085943875736,-0.059032088869547784,0.03470218870174959,0.011809127856663932,-0.3171674628038952,-0.03317282363197635
2005-04-01,-0.015259795539249487,0.1907751151538315,0.700600750197143,-0.11626525521844364,-0.08574877798604036,0.03366842308770978,0.023424639423701675,-0.2310779555321627,-0.02936663471233746
2005-05-01,-0.00932161005594179,0.1704960388475344,2.496554374694824,-0.3366436803963955,-0.05163263168933126,0.04339877882476431,0.011642599462162433,-0.25391605813425433,-0.007464029780518376
2005-06-01,-0.010702751921313269,0.09029712040763094,2.482986706975611,-0.28915195380734543,-0.03788807024118754,0.0210139907437496,0.012181733853010095,-0.15546597101868365,0.006346571481091307
2005-07-01,-0.010465605141660825,0.020189456605861023,1.109465555344104,-0.2630321262396812,-0.06361821470742365,0.038839000161842496,0.01670335785993253,-0.2490394231177402,0.003449122833227761
2005-08-01,-0.02242519711128264,-0.4316476769044437,1.7225213454894708,-0.36584027441358863,-0.054934091717745874,0.03868015886429576,0.01737408904269648,-0.1741999748445009,0.005379851719370991
2005-09-01,-0.013887115432679792,0.1922719041192963,0.7376824897286576,-0.27214291108861743,-0.05326562759026694,0.040993596247499924,0.015947868291617557,-0.31634664304864035,0.0018429495628207026
2005-10-01,-0.014732706543506842,0.11052791319891309,0.7456975532211465,-0.1727626567868966,-0.04367838272205057,0.03301481125949307,0.01865939374314411,-0.645736782480923,0.0036720311824521143
2005-11-01,-0.018877540048378,0.3686515844690659,1.2108126533605743,-0.07126391967704833,-0.06193036313565108,0.03183086019829358,0.020591940990820526,-0.4137344928338813,-0.014815402678824864
2005-12-01,-0.014900570294537332,0.11579081633554733,0.6223814558728542,-0.013623122784559296,-0.06917820946160241,0.030178177770722424,0.019640697912694984,-0.4935471431536649,-0.02858907925288573
2006-01-01,-0.008166868525835544,0.1558513553459831,0.5725694979468483,0.008834130117590412,-0.09005735956855332,0.028684449509325402,0.013239925068872725,-0.2883650172139295,-0.05755788946213207
2006-02-01,-0.015508249875278239,0.18141179057637274,0.3232860474959543,0.012509030732884133,-0.10226063888332357,0.02838940156204478,0.02036866859497434,-0.17237416131284722,-0.05588434559496317
2006-03-01,-0.007485075672699844,0.1589425993178894,0.6184767778281438,-0.016818488596005224,-0.07558541156089675,0.02855205843386207,0.004176162720989246,-0.27641528305387364,-0.03290904453510274
2006-04-01,-0.010105943399411397,0.24595881022856608,0.8068119702657801,-0.04465708571428715,-0.06555111243244845,0.031702953089750026,0.0021591339736182283,-0.2729087973543979,-0.028214649558508616
2006-05-01,-0.004888179827717624,0.21246264420462585,0.9041169484262346,-0.1468075301881699,-0.04370912756825412,0.026089316436499154,0.0136071879391131,-0.22921614002013968,-0.01794551987096461
2006-06-01,-0.021273663091716653,0.20660312204892284,1.9700424630971591,-0.23351029463496445,-0.06998817571188268,0.039980292038201665,0.02229126272478982,-0.31318724492864003,0.005024785066543934
2006-07-01,-0.015903241736882096,-0.3464988590736604,2.1499805450439453,-0.3871908691286899,-0.05423419588970375,0.026089158474765055,0.021406005874365523,-0.18704603568696976,0.006415484939393231
2006-08-01,-0.013015830316386784,-0.2603592695878527,1.4442080220849733,-0.30555476553169647,-0.059090166644989325,0.041477597261557385,0.018079983739201007,-0.14524503511163944,0.002178234915156578
2006-09-01,-0.007480422165807052,0.08175377595969102,1.0383323023706452,-0.18122343124012963,-0.059361925092527607,0.039342780060550156,0.020958955495588905,-0.2437957384548024,-0.004203742226118921
2006-10-01,-0.007845007106662534,0.04807305805683104,1.451405545362845,-0.155393185532343,-0.05444039008883907,0.04302171403033389,0.024869094248483537,-0.11382507772554673,-0.020508903521254195
2006-11-01,-0.002662967680373077,0.1259539509609786,1.0118952457153867,-0.07166705489359486,-0.06015400234878828,0.03893557085227237,0.019622374199479115,-0.1475057956284067,-0.023641328452600262
2006-12-01,-0.0010797058631949264,0.2785322168579074,1.2965203809794188,-0.034817173822326894,-0.05775840880642293,0.02950721281401358,0.020015154358948878,-0.28656563639446164,-0.03074261338305823
2007-01-01,-0.007782970303987063,0.0704206271313676,0.30033331720806417,-0.046224232039891434,-0.0816219793224516,0.0266265212264914,0.014974147765044053,-0.18690028952877008,-0.07707167640798683
2007-02-01,-0.01659444424597087,0.17218596140373837,0.6705367895316718,-0.05393130327180161,-0.0761663766110494,0.033037158959794054,0.013010096433710698,-0.19895819888373162,-0.05131288028454229
2007-03-01,-0.011746055835591827,0.08162336561009076,0.3992765875888482,-0.0412596235875865,-0.09105336754721828,0.03321862645069722,0.014563035923562269,-0.2980297448959514,-0.05765078291848474
2007-04-01,-0.008901759547973172,0.24774030831940191,1.7343266010284424,-0.1573054853383409,-0.07504176107921971,0.03669509422911121,0.013262580811501798,-0.43938949073816064,-0.024098918037407144
2007-05-01,-0.005937731745784654,0.10928814345640331,1.0011886088292532,-0.2907461423744269,-0.05988371477938649,0.03234337936353725,0.019528238614979813,-0.2984145717902587,-0.014776740205166219
2007-06-01,-0.003871686837400707,-0.3943219855603965,1.5529448581782754,-0.4633916541330831,-0.038678628226263806,0.025779540826818256,0.007941171468524523,-0.30995937861947725,0.006959229175571689
2007-07-01,-0.0248861238194075,-0.00829785202637806,1.674806708042249,-0.28336698855391923,-0.05191230625897839,0.043624184204119634,0.016442956565959673,-0.07119566997371318,0.011443297747364274
2007-08-01,-0.009308425361638901,0.14041636335148144,1.1940723999648266,-0.367628954263113,-0.05611929469772845,0.045477385442678146,0.01989154689725646,-0.3857702767980123,0.009567828108481754
2007-09-01,-0.021890592676017503,0.0023490253827901375,1.4814953314685564,-0.31240072351786896,-0.06235039334882069,0.043509284824799536,0.016346349983786347,-0.4566211838943646,0.007539543169556736
2007-10-01,-0.007536445354815057,0.039591717042972874,1.4302278374380637,-0.18478132498407304,-0.0449849802149721,0.03193201009250627,0.01948307897525996,-0.3912433704059382,-0.008825892473953767
2007-11-01,-0.018141876219860065,0.15174737746164038,0.8510633615056002,-0.04916716814392969,-0.08127483928660675,0.03034300550772777,0.018743591582962293,-0.43400191421785866,-0.02652481482684652
2007-12-01,-0.0047922176738750995,0.16423287225472116,0.5605618148474123,-0.007237468530427547,-0.04537978781604027,0.029813540055455903,0.013556260071943799,-0.4637618607109553,-0.03884584642186865
2008-01-01,-0.011812245198844117,0.08564646547142962,0.33989787941793365,0.018944916821138077,-0.1050339784712981,0.02808305857534345,0.011346142654028077,-0.21375198893098613,-0.0647255267255715
2008-02-01,-0.011226017609739198,0.057913905422812606,0.06823198506413486,0.008160137118836895,-0.05414778535518033,0.02663479980699829,0.003804515720896557,-0.38493633133469396,-0.0327219708716356
2008-03-01,-0.016745799999790797,0.09587747271071534,0.3625367039474169,-0.035162126591556986,-0.04559470374197894,0.03296632140630543,0.011719281227809538,-0.5359634126669582,-0.0251518142273381
2008-04-01,-0.009736380158635993,0.1026691200695603,0.9835370752715493,-0.12346459651410162,-0.062241144720642266,0.032841112727770495,0.010575200453759873,-0.3916844424925209,-0.01241563595951089
2008-05-01,-0.020645923098931585,0.04093478702570019,1.179493516054634,-0.2038769090719496,-0.05617805551251302,0.03035589349435327,0.019870786152832744,-0.5852899284206207,-0.003018656519068623
2008-06-01,-0.007148156832780613,0.0852981758632837,1.1863286996144973,-0.2603397327938754,-0.07264426738294981,0.03766734684360384,0.019936042585390144,-0.22938148509653322,0.001741772475254363
2008-07-01,-0.007414166146970071,-0.18475687905284033,2.062930107116699,-0.31992667488950277,-0.045052644381773164,0.033713207990951725,0.017551465080206965,-0.18950232496382813,0.010482709002056346
2008-08-01,0.0017803374065723711,0.04837947739981874,2.0119927519253618,-0.33797421713720743,-0.04520681801487675,0.038048201282896765,0.01427909325758977,-0.27535571337179154,0.02485987266362593
2008-09-01,-0.001513949756326438,-0.18371201022840267,0.5190928828089971,-0.2755109765818156,-0.044068197724085836,0.03741821724627042,0.01364993487741566,-0.41532459964542345,0.006697794187442494
2008-10-01,-0.006965091931566486,-0.07966048979481621,0.887409143423282,-0.16482125800540176,-0.05494774033370711,0.04310225864195044,0.022459882756768065,-0.4496311260477942,0.006041337776588376
2008-11-01,-0.002388092449264407,0.11307427211291887,0.688796994378085,-0.06333062043936766,-0.039910353925322294,0.030052428358574565,0.011611152014367304,-0.5764956158149369,-0.010564339035922646
2008-12-01,-0.008275197586241543,0.04006406300533549,0.2617503985901983,-0.003056223612016281,-0.05211810203799068,0.035592544217928256,0.006582644450752838,-0.4706591111396027,-0.029023967413075846
2009-01-01,-0.024630931531503756,0.07612032067589636,0.1494833943302959,0.04516205515153415,-0.06737558353685279,0.02598018425688891,0.017320920821170056,-0.37133455918985714,-0.05530581745269232
2009-02-01,-0.009585779434014167,0.1566677254602935,0.3838952241488102,0.011690580732523903,-0.0943178814019226,0.02849542046290289,0.0058233980107416225,-0.3482157500407621,-0.03658970419530794
2009-03-01,-0.012125850128234798,0.11204197632588475,0.3999218089772666,0.0208022223455551,-0.07971213130417905,0.028897895676173985,0.008141056191605236,-0.25426680449463857,-0.03701356741703866
2009-04-01,-0.014572168412589901,0.210918636172712,0.5377596491829275,-0.019261898607691084,-0.06051671594121593,0.02873756067627335,0.011701872025431341,-0.4191379932471495,-0.021474533029850352
2009-05-01,-0.02601616794556388,0.6008067601891252,1.7828594980971424,-0.09829592411878144,-0.04877938350679072,0.03234550526053049,0.015932963713981205,-0.43350665550714496,-0.0013932688328025813
2009-06-01,-0.011663964154376117,0.12452244899402187,1.6622456312416043,-0.26667776101628793,-0.04877988532253427,0.02054921560271813,0.017121815885637433,-0.38528874080773745,-0.005010661035686415
2009-07-01,-0.031797620676053295,0.12093028342902301,1.377819803941183,-0.28316304850720253,-0.05770905302871255,0.04585304785564971,0.016296029529093897,-0.14138990962525166,0.009508684287620129
2009-08-01,-0.017518592555865235,0.09689040618633837,2.1587934404956757,-0.291259554319881,-0.048938183311522665,0.033599648201409774,0.016545618353126533,-0.1731667588540876,0.005636573093233105
2009-09-01,-0.007884399193115097,-0.09418516982879244,0.8695744298985258,-0.34790768555239965,-0.06036649189674593,0.04232933587060876,0.013023674335446744,-0.24781932783951222,-0.006860638687619212
2009-10-01,-0.002706480180635829,0.3611908956418303,1.8151429347774526,-0.20049461826677684,-0.06324217959932202,0.02926783881496782,0.016234019156726568,-0.42411176095253267,-0.011113788696555351
2009-11-01,-0.002538489542208623,-0.03141437925067159,2.2992563247680664,-0.17083947095108612,-0.06710416407247498,0.03486066394438139,0.02008919914576144,-0.6163847254893298,-0.026965909429900944
2009-12-01,0.0006704699376005103,0.2748407618678197,1.1392171142968366,-0.03509045977888357,-0.058521890413505806,0.028357033901766027,0.00915374452366466,-0.22958217958644123,-0.04029920476996859
2010-01-01,-0.0037350534435990307,0.12423400574175192,0.3157351961715493,0.017024344818198096,-0.0718705004767317,0.03024879685290052,0.0033121695678437935,-0.21281756380877592,-0.071736808526512
2010-02-01,-0.002695393122254208,0.18648867020429372,1.0263937057813644,-0.055782396587390044,-0.0652485730224072,0.026379667933883043,-0.0044377752282663465,-0.17420940791507522,-0.06304894660350385
2010-03-01,-0.0042731136372342405,0.12079953788617731,0.5529503380583052,-0.03499003814551561,-0.0829715902190398,0.032158032859833104,0.01118935862838927,-0.24550422339976175,-0.045625632921615644
2010-04-01,-0.017330828253715545,0.0911525797305851,0.8078904922111874,-0.1663647167248851,-0.05542798372716489,0.034261040186125274,0.016979129730468064,-0.34885407220314446,-0.017778783368883323
2010-05-01,-0.008526271762905933,0.2020819438014428,0.8996736849032672,-0.2005105877973053,-0.04479725713459212,0.03285799043791402,0.014410992179742647,-0.3614865976489361,0.0036593670269513177
2010-06-01,-0.013406426534013046,-0.08771608525342067,1.6748765042126736,-0.39890791505681755,-0.039538574235786855,0.04357908114083331,0.01479451922684648,-0.39105460252049207,0.01108885674591273
2010-07-01,-0.015286904850944557,0.4139925581545973,1.8241376876831055,-0.3726276575848091,-0.03949394513145568,0.040312212112683286,0.022791918900282742,-0.22896351039417828,0.017444729604291033
2010-08-01,-0.00037836490003150306,-0.41403000817502555,1.5598415693719336,-0.3651000832615259,-0.0443518997412494,0.0332781633072107,0.010556990679368402,-0.5473426282701453,0.01976810813494829
2010-09-01,0.014563692032388135,-0.12363982948989061,0.9177934635895745,-0.26491425536721425,-0.03170222414306506,0.027538335822006016,0.014005292684240268,-0.4761662427115131,0.01283867021208711
2010-10-01,-0.007529997149555627,0.17997502427130746,0.864499996865141,-0.1840100043417449,-0.028094687961266872,0.033744175239763544,0.016447116802516544,-0.480903439753685,-0.00995884239904262
2010-11-01,-0.018009354486357796,0.2445982872549352,0.6084939733777702,-0.0808349183255533,-0.03400326414071578,0.030833019425988716,0.019147309370718544,-0.49337805863140416,-0.013189539467339919
2010-12-01,-0.006767580144989531,-0.007854838450806811,0.9925227469298356,-0.058945984641960214,-0.039360529207863613,0.027853541330428812,0.01314179307680567,-0.3723426742039132,-0.02490838531807832
2011-01-01,-0.010496567269423987,0.14789817776820496,0.4749124865412372,-0.0011893317936679199,-0.053767514575609805,0.029690292289138765,0.011614548101810401,-0.366744771080197,-0.04949804344575188
2011-02-01,-0.006989114375991238,0.08404831684519959,0.22435656029430828,-0.0062039164651195855,-0.05188263008117587,0.028668825591451945,0.010783879305603924,-0.5356912724387812,-0.037837343572344626
2011-03-01,-0.004385188357718082,0.201522835196015,0.621601872021182,-0.04133168813216776,-0.05736451944838616,0.02514042207789824,0.007067975631249827,-0.32515202603583104,-0.023268590385012566
2011-04-01,-0.013683621986839473,0.1275630926217451,0.8012733048653283,-0.07452919078080594,-0.05662754303281819,0.032752068375370445,0.009811220742925175,-0.34210433709365484,-0.012116910127884175
2011-05-01,-0.004289537613593075,0.12548729943099118,1.0441795487981826,-0.1593178339369681,-0.050348996063190536,0.031800835855321265,0.014348760769855693,-0.3130432324230997,-0.001701323472941385
2011-06-01,-0.010736375913453734,0.151280951856841,1.6533479690551758,-0.38331513973262205,-0.056414240679450924,0.03964569525487081,0.010268607342253253,-0.2317797730665475,0.011816766019557308
2011-07-01,-0.021954964920581445,-0.1773094221165784,1.1314013034244914,-0.4266760830377704,-0.05704503815835736,0.045686454037655755,0.020266289413807943,-0.23066499524188333,0.02234107877313092
2011-08-01,-0.030001267230901026,-0.24711757830934045,1.5505962061128558,-0.4058492803411948,-0.048428852458680956,0.042749507277334974,0.020773432158352458,-0.15313027550575942,0.01784271005348704
2011-09-01,-0.02820425614702361,0.17761277288770114,1.5234571321744803,-0.16768425428858028,-0.056164266227815375,0.039077712056916784,0.021404638250222333,-0.4636151199820473,0.009480249995937412
2011-10-01,-0.0011647117555309797,0.057716495814339464,0.972257158800023,-0.1796686523612871,-0.042238985660964,0.032877876085758456,0.016841495773277506,-0.3140426884038331,-0.002922019452923719
2011-11-01,4.94393231450584e-05,0.10061622175658752,0.9197088385822335,-0.06827182595614059,-0.05848026525505085,0.026661057795733495,0.022026720675915677,-0.4098751407103065,-0.020039436185743317
2011-12-01,-0.02123386791909209,0.03888059463897969,0.3376026110343286,0.010589490786445098,-0.0630308167191482,0.026271953346217784,0.008546798195605113,-0.5279647088954194,-0.02712032870653515
2012-01-01,-0.015175936154257495,0.08499102014512494,0.5961632861368966,-0.011115146591807389,-0.08703498037872309,0.026735314088237466,0.014070622507941284,-0.3420118240780914,-0.05298274001756859
2012-02-01,-0.02341147041268151,0.2639177285365929,0.7352418674989802,0.008438540307407814,-0.06734318948489955,0.02653817426296203,0.012880178774344952,-0.4077140397053254,-0.03486211226539549
2012-03-01,-0.00029031079391400865,0.15323760639627432,0.3753775771584339,0.017049910052647672,-0.09491180163938158,0.024470925744121876,-0.0009736169259160441,-0.3592889213791941,-0.048640469301467905
2012-04-01,-0.010940697859625172,0.30721306737902376,0.729578590948975,-0.09077976519625823,-0.05705425253782968,0.03472903156381426,0.009512859766452353,-0.3600686478607166,-0.021182068660125116
2012-05-01,-0.009770232348175919,0.47620852269004776,1.7629624083814412,-0.1786492266574927,-0.06228429657365334,0.02994209023678523,0.018449773063421625,-0.557544638865245,-0.02231496490669252
2012-06-01,-0.009964799069053391,0.1759317508321646,1.929823875427246,-0.263711882219916,-0.07156236215714416,0.025983664436687565,0.014468595667363443,-0.24380732564213203,0.003259089575609962
2012-07-01,-0.014687396130349124,0.08445752307882015,1.143818543816745,-0.2375348252415393,-0.057710667013729004,0.03410431589607212,0.020728025868687786,-0.2380209343845181,0.0023463100962630864
2012-08-01,-0.02603904633369971,0.2251776338756879,1.2042268270168002,-0.3442986360120346,-0.0555334927358754,0.04889079562602705,0.013392811885109254,-0.20892482515296973,0.012737446945171352
2012-09-01,-0.015699809612655137,0.03902819597116991,1.0227557480014169,-0.2215889669287338,-0.06757153507847947,0.03599824190788181,0.020365321509570055,-0.34127313583243857,0.004831179176793316
2012-10-01,-0.012634397705496661,-0.1025537177789595,0.9278343084350258,-0.2450151972095246,-0.0573352279509583,0.041175309208758365,0.017709462695810734,-0.4587656051271112,-0.006924661587933106
2012-11-01,-0.01800678989721351,0.059260046254884124,0.6775831461021884,-0.08680673605226669,-0.07340421072060291,0.033779118180948094,0.021445964657974343,-0.26879961128672014,-0.007980949116600227
2012-12-01,-0.0013878052307829064,0.46644142255308235,1.8781977747032859,-0.07039923810017679,-0.06605800918361932,0.034196932314151676,0.016347756774989605,-0.28431206444543,-0.04364859760330202
2013-01-01,-0.008718451640778703,0.012208474880626707,0.206344051304911,-0.025875965995949428,-0.08303521545105934,0.028876833078972756,0.010060535877979837,-0.3487635076327037,-0.07073183545807607
2013-02-01,-0.009391989958264036,0.13690522206292938,0.6498364789121426,0.013642465930764411,-0.07559700812341164,0.027859299496140244,0.013261919792919389,-0.1865807856142283,-0.04453557961157996
2013-03-01,-0.0111040807055644,0.12466639938914476,0.6238931062982518,-0.05370027579348012,-0.1048966931248545,0.03140101747848897,0.005883467140062954,-0.12164906771618533,-0.041054709390629114
2013-04-01,-0.011629541395848588,0.23463258754491617,0.7441560284999318,-0.09507682928022317,-0.06920506655358462,0.03453098887146201,0.01168183632083484,-0.36635223482856183,-0.016237460531352263
2013-05-01,-0.014013080050681767,0.17944795596791124,1.4572323435653476,-0.2585764198723274,-0.04610688894177872,0.037731478137631544,0.014689757992940948,-0.29771955558305696,0.005629388153127279
2013-06-01,-0.011331909532956276,0.22015853078999126,1.30835109648874,-0.21129099850227706,-0.054507194262713866,0.0388113382232232,0.010344516875288682,-0.5452076045014443,0.010774982783019613
2013-07-01,-0.00790330836053902,0.16731906283910075,1.786214828491211,-0.2736193237506604,-0.07049018618386453,0.03510765161893612,0.020664039959060167,-0.2232606104539242,0.0029047058913172583
2013-08-01,-0.030190845425947074,0.09205396771349111,1.5492067295270222,-0.17778932394603403,-0.05281792075249683,0.04647504521494564,0.013242110448272101,-0.24667560353341034,0.010244933108957709
2013-09-01,-0.002507372578702824,0.07146049962167389,1.385888068877148,-0.3161387469426524,-0.05109111803863522,0.031337376218974124,0.014709117233333876,-0.3334466576996439,0.0003760737840236103
2013-10-01,-0.004996499574980969,-0.04396552260114517,1.0883087906322229,-0.19477938971591177,-0.0741101085067519,0.03538497420217995,0.02143481915652919,-0.43146716863489487,-0.015241219278301733
2013-11-01,-0.008659527997989995,0.05841552695141239,0.8028217623344504,-0.08461638564629807,-0.05355144095385235,0.03398713374831918,0.010928118912605424,-0.4110569164513679,-0.015208160695774043
2013-12-01,-0.011866114794330076,0.11902334941380693,0.582413024661353,0.01686059590986977,-0.08184577990462448,0.03281257256848384,0.013622472422738313,-0.3638238552941572,-0.027343138901754414
2014-01-01,-0.012421346665902668,0.14245839568850577,0.667609635701579,0.02319371309261659,-0.09736059714715163,0.030875795111038492,0.014508744738103508,-0.3208063345587171,-0.057203529499665166
2014-02-01,-0.019056238461207832,0.1720431662107172,0.47552425974541346,-0.03392903409026528,-0.08054664482778684,0.028414737099795674,0.013203730707425613,-0.286607029858843,-0.0530956886401788
2014-03-01,-0.01534890270498281,0.2644201027392548,0.7240190815369325,-0.049748169282899976,-0.0587957962391472,0.02919443393864706,0.012497061600270308,-0.30765275582799634,-0.06228365440503706
2014-04-01,-0.010267299766489362,0.2694227753056929,0.9708319703104251,-0.09851506830561298,-0.0724431248501648,0.03938040493982514,0.006958543731840409,-0.2959654776770936,-0.026902803045550622
2014-05-01,-0.015159911056773213,0.313066780799101,1.4139135043413287,-0.21939913458758326,-0.05422037700821287,0.035382640276021726,0.02207013573023216,-0.3712211986118733,0.002530691855516016
2014-06-01,-0.005204592025067464,0.11679813554168977,2.0193662643432617,-0.37019687917146366,-0.05661888304942078,0.0354188499016977,0.01715652151449185,-0.3170543301338885,0.005124915855094182
2014-07-01,-0.03553151991283988,0.2554497933097796,1.6301497133768508,-0.2424939771817166,-0.06251467625892408,0.04331683564735948,0.022587461934485527,-0.15649441664381125,0.012054459208661952
2014-08-01,0.0024736166850130178,-0.10176690382648435,1.2863453538971577,-0.24190543941626116,-0.048087742818886996,0.0334048480047829,0.01738405284911479,-0.2219604248839233,0.004827527199400714
2014-09-01,-0.020025272302690567,-0.2931622559803826,1.3330513400131272,-0.36563923671894594,-0.06258315093519651,0.04698009657738078,0.018779654593399465,-0.3032969805761838,0.009801654180411632
2014-10-01,-0.011327891997933772,-0.1600307886304312,1.2258820182234837,-0.16901828017116827,-0.06420834486772678,0.033367318181898295,0.025355888313514822,-0.2797930448114532,-0.008983622826697159
2014-11-01,0.0017804799955308927,0.11714314744282339,0.894454960696961,-0.09507247999924263,-0.06012631782671123,0.03139073086718177,0.0164816663160523,-0.3170112036462468,-0.015061592883384914
2014-12-01,-0.011265367997953536,0.1330568213826135,0.5890331752183878,-0.03799247869522104,-0.06426822643406915,0.027984515338124294,0.015346297051294092,-0.3204613226575834,-0.04471559528284398
2015-01-01,-0.022807482397287828,0.017734976142106895,0.1692673023483437,0.018634854626543015,-0.08651043024770959,0.026186497376537037,0.012962401947826522,-0.25866828752732235,-0.059460292230110415
2015-02-01,-0.018585799171808824,0.031404013010368215,0.1594328137764593,-0.018135301123373908,-0.08381424285871938,0.03519758846374677,0.012658408204376031,-0.26827721443471403,-0.040685608686354575
2015-03-01,-0.013673493483150697,0.026441656391527457,0.19186858113051836,-0.013185558969299429,-0.06788091832650117,0.03080244066830903,0.012846867622579979,-0.1763833923203632,-0.05904904113203286
2015-04-01,0.0009828036377094672,0.2825443702566082,0.8677866649495258,-0.06126003271864444,-0.06227696020854588,0.03099848062241258,0.013171636738778433,-0.3254345402171796,-0.01793621520360221
2015-05-01,-0.004185743201790871,0.399926660458641,1.6088469574740425,-0.17693031145601854,-0.05892293203361843,0.036469421874099565,0.020933024651543362,-0.3138857829951502,-0.015435168869333297
2015-06-01,0.0027237293093969922,-0.029407411736880162,1.6552675480266528,-0.17825554754597123,-0.06881476866595822,0.03184479750799261,0.025587865248994663,-0.13402291172862263,0.004510631488862775
2015-07-01,-0.010819778207102176,0.016246269156454662,1.9225130081176758,-0.361952265108491,-0.05262478096993299,0.03594335801076677,0.016651696052570296,-0.14498520862297087,0.009693515621936129
2015-08-01,-0.012773586157604098,-0.2821267006345695,1.7327705359463654,-0.4230763059440045,-0.03184750691190716,0.03572784628893899,0.015984704274208374,-0.09657967542282436,-3.482407949057556e-05
2015-09-01,-0.01582807545560371,-0.03536223967948904,1.2258432511653345,-0.315555075914278,-0.03189613247749025,0.03461419883641835,0.02194624025997413,-0.16185722112702933,0.0022285158375086574
2015-10-01,0.0025437040947724433,-0.46009485391935784,1.0467472895580823,-0.3807717303175882,-0.03342985865952887,0.032025109630794246,0.021609065977113102,-0.10158714437456368,-0.006271153239064865
2015-11-01,-0.002757610785291455,0.11865126483616811,0.8583581873737284,-0.22762322970167995,-0.04566079442930728,0.03417935441100006,0.00957572392515963,-0.29241231253543937,-0.025962307962526094
2015-12-01,-0.0051514022492710546,0.2346350727183458,0.8369298292469161,-0.09361737055102001,-0.07327245243564923,0.026437352388859355,0.0005198509276556847,-0.2837507446189174,-0.034234785745606566
2016-01-01,0.00029118675054683424,0.1670244989748333,0.5415604946903745,-0.030657667518499417,-0.03626019870857618,0.02585707337135164,-0.011777745282962904,-0.14882062060050083,-0.031346791263921515
2016-02-01,-0.011677870325465944,0.2090495410665567,0.6879060247191713,-0.008596547853072838,-0.0791401851320807,0.02555086257239784,0.000402775835184695,-0.3195500045170281,-0.06068592315341715
2016-03-01,-0.012003853829031162,0.008550652055791419,0.31311558878914936,-0.041166071180760475,-0.06687231923358757,0.02783706482991264,-0.005593406886305068,-0.21620487073546402,-0.04185499384211977
2016-04-01,-0.00665331241126169,0.0013839193479193712,1.1872873523398928,-0.2221334950864038,-0.0673795859601293,0.03418073489922579,0.009715171946594608,-0.44380164258842036,-0.053780827732970424
2016-05-01,0.012758986146820226,0.1622325416021141,0.9057492550170353,-0.30992689405792884,-0.0413499952681983,0.019733061298700727,0.009952232854974284,-0.5581725189974799,-0.012926633996261674
2016-06-01,0.000531919661171547,0.08903857323650899,0.601057098176437,-0.2704197570549937,-0.04980518874976608,0.027541646370957143,0.01024039914908537,-0.3101357165812435,0.0023146925799673234
2016-07-01,-0.0061673350292184275,-0.36869937261421026,1.4687406362579236,-0.42938070933834344,-0.05918402538911808,0.03226171934651053,0.016512906855587747,-0.4126327163145387,-0.002148116784481432
2016-08-01,-0.02589195303759408,0.11202300594459585,1.9413633346557617,-0.16991192198187957,-0.0435604732387353,0.03583451740074203,0.013349391087043482,-0.2949541171172304,0.007317563005840977
2016-09-01,-0.00785109437591236,0.010289326854742709,0.8271696354449227,-0.13426559898453835,-0.0554735506895588,0.02460853650710528,0.015445462724744594,-0.6378547128323421,0.006716956522385075
2016-10-01,-0.020018964380563973,0.19738769790285948,1.2390659359867087,-0.18405659420525278,-0.055249468992231716,0.03702410989189069,0.018930340067338666,-0.5637277970136413,0.002969811176963137
2016-11-01,-0.002820073509525463,0.251922717206549,0.7767904729777508,-0.05418764065457117,-0.06442412200180532,0.030065422938782296,0.009408400144757273,-0.3265471104152464,-0.009926014659911065
2016-12-01,-0.014350589823481587,0.0739841938797362,0.8084682796805938,-0.05820640434684014,-0.08020699659153563,0.02772285899186446,0.01731718053893103,-0.40686540478631017,-0.030834268526657292
2017-01-01,-0.007536445738863673,0.15174873457353266,0.454474158906479,0.06329605295071093,-0.07819971238921176,0.024160666821886497,0.009998911828341625,-0.3432487950535952,-0.04556183345107856
2017-02-01,-0.020206177957670334,0.15493488800734317,0.47334599078366446,-0.007542935853368391,-0.08546207855748812,0.026796829856241745,0.011664580948546522,-0.4084832442048183,-0.06150794180287493
2017-03-01,-0.008400790751365836,0.015642795580498303,0.7790124798247436,-0.05757647155040578,-0.08225841900557622,0.023823170285257104,0.003103396415085188,-0.3851181190235412,-0.03005449722162598
2017-04-01,-0.005698108389872667,0.22065951460992184,0.7781546692848715,-0.11335467040743172,-0.09446703986972774,0.03378654956642246,0.003709374000274543,-0.42911154528269435,-0.03483498320727126
2017-05-01,-0.009873071309994338,0.16208330917294372,1.1962351871701375,-0.34090834536495557,-0.05245453388624836,0.03638471995653371,0.01742402030463249,-0.33123944749538625,-0.0117026133893582
2017-06-01,-0.019059548551417633,0.1621650054148363,1.8208029564388934,-0.3421632328666342,-0.06341338329925791,0.04564029128012149,0.019203694193990515,-0.3655518690902688,0.00214648251906382
2017-07-01,-0.011974810251820735,-0.3253164699581744,1.3339750510010235,-0.2620016112679114,-0.06920346317530761,0.03479465468848355,0.021074790925247104,-0.2656373652556464,0.013884184759434896
2017-08-01,-0.015643544886527465,0.12691307703818905,1.9444093704223635,-0.34272248566221275,-0.04827959007031535,0.045916511279290806,0.009026364655403183,-0.27286748266313954,0.015240036117207152
2017-09-01,-0.0144477017973295,-0.004740416771699785,0.9702225339743216,-0.22247344737265165,-0.04801203695290174,0.04490362143381262,0.014080832574173849,-0.4465945410477059,0.014114800103653362
2017-10-01,0.00042147598175121725,0.2689828416893815,1.7379221190388734,-0.2404109441371112,-0.06118295608999846,0.029606995312304717,0.01620360746612615,-0.45063850502138836,-0.007647191421602073
2017-11-01,0.000503793603352676,0.17785068385821118,0.7986604259999085,-0.08058938513504962,-0.06055108595308122,0.03072120420455497,0.016117867784910714,-0.5324164431558587,-0.01966253105505382
2017-12-01,-0.02692977498770488,0.10126045708391962,0.5563902206674696,-0.0011309276262759915,-0.08781924140894283,0.03092248653772851,0.019724725603987633,-0.3202513029608346,-0.030139924619023113
2018-01-01,-0.012612058692215268,0.08176278194110653,0.33373169931511837,-0.008672545421052804,-0.06525587787135252,0.02958153386497958,0.014825530448380461,-0.426481568036398,-0.04479607109349898
2018-02-01,-0.007945581724941047,0.05414819744329502,0.13226989476405315,0.017910584321076662,-0.07091902080640315,0.02748667917504987,0.009987988073915257,-0.269520420856635,-0.06813035013119415
2018-03-01,-0.01576308318192331,0.06770994277122161,0.7320843580420981,-0.029159969616614857,-0.09022694320190094,0.029964742474750797,0.014405107802305094,-0.2878797752560008,-0.03798410171664208
2018-04-01,-0.021613855897018988,0.2079738993244009,1.3314077274781848,-0.08535603995617405,-0.0650177998645698,0.035716635297144486,0.02163218179207343,-0.2320839595196566,-0.02387927286581593
2018-05-01,-0.0038873212621849543,0.2375906356394272,1.6368680971762746,-0.1494666843605198,-0.03936873638588712,0.0333515006677391,0.017002498734532693,-0.38028097044293224,0.005639801594039281
2018-06-01,-0.025003915333389,0.45612739531089025,1.7007102966308592,-0.2524016601376051,-0.04738241425174272,0.040347510443283094,0.019022126360294447,-0.18350344561516202,0.020633363644091098
2018-07-01,-0.016220260556122704,-0.16979059448970973,0.8238055771401642,-0.3771798969439039,-0.05678785434878448,0.03612920333770316,0.016601993409559104,-0.20707595002916251,0.012391015146691
2018-08-01,-0.022803827293618392,0.3328250645299645,1.492902048583717,-0.17384849342561073,-0.052161237641284636,0.04144793341268233,0.013163132740335327,-0.3397468402566782,0.0012873898421769429
2018-09-01,-0.0013266060702577438,-0.01075174259396916,1.6465388682179158,-0.20622232582301867,-0.058009903926455816,0.035241511383201155,0.014372224346940396,-0.23268838270975917,0.005773266538300928
2018-10-01,-0.006883955682987349,-0.152262321976735,1.3865613435750448,-0.22097559195396682,-0.052930587777557284,0.03633860408008746,0.019458479213091396,-0.2099469601821497,-0.011304283993155539
2018-11-01,-0.015368890937080736,0.25655441322889555,1.223178200000442,-0.07820804950279445,-0.0792307848375895,0.031986927808135994,0.01485633142999786,-0.28784199880661937,-0.009185422846313428
2018-12-01,-0.020579636744862677,0.09468232762954909,0.8550089243292097,-0.06605977901483032,-0.07960985137680712,0.03357920933158005,0.01703613766538264,-0.20711372647854392,-0.03903296199326312
2019-01-01,-0.018402478440897495,0.08991936454349747,0.5362282771137792,-0.011375792568857198,-0.07721561452919146,0.02610737099792191,0.020707534910303835,-0.1540902714053124,-0.06617122322616872
2019-02-01,-0.014984153051406882,0.10460270186956244,0.2696692302713694,0.009666219613989977,-0.07534890459244108,0.02247668862841413,0.006062536490314373,-0.3233520390431379,-0.06989420314496439
2019-03-01,-0.004585475797374122,0.2890318728991474,0.4955667275954454,-0.05074883186209929,-0.07202361710490576,0.02899942849193268,0.004592952088709521,-0.25578448403995446,-0.04213696469152271
2019-04-01,-0.012950017830453266,0.13893105369506042,0.6435699271815231,-0.07649717335604202,-0.06860979659873594,0.037079014989072595,0.013691066341357111,-0.36022173771353183,-0.024974428119551594
2019-05-01,0.0017340652597261645,0.23231546553528115,1.5102902178074333,-0.28017255416844905,-0.06739410306971108,0.03539913531402024,0.018583972375592932,-0.4181079714028262,-0.027262542947240835
2019-06-01,-0.0074971172978132074,-0.11943920886935144,1.7374785579733611,-0.3973585339991949,-0.06149661579533242,0.03880733267541739,0.018197645814641086,-0.202577555652373,-0.0007894001909929187
2019-07-01,-0.010356106026599442,0.40432027421204186,1.9587774276733398,-0.2555223478653338,-0.05090319553274736,0.04242097486982318,0.01698920658292117,-0.08628068336928174,0.004416676417665719
2019-08-01,-0.022213902266477445,0.08689395163290725,1.3530090852955454,-0.1756621962790298,-0.06811250835351469,0.03970923966627852,0.02086440867756883,-0.24622417924248918,0.009247678564261928
2019-09-01,-0.01926728089506869,-0.06203704124575149,1.0035133858641534,-0.31116487048654223,-0.05700667735605608,0.04628745035650602,0.02265290571463995,-0.1878538794875002,0.0038031429653032625
2019-10-01,-0.005047384953760176,0.05986692963163387,1.2788259607278711,-0.22970024251390508,-0.06254977893246275,0.03951514318248868,0.016054133139080138,-0.3873697762312287,-0.007218055596091832
2019-11-01,-0.004451393308440905,0.15284795308377586,1.1101692756721637,-0.0476566307284137,-0.07563961833710413,0.03583172002316181,0.01762979453664627,-0.23956827083919052,-0.02918444400817238
2019-12-01,0.006072567309736951,0.18822511471827846,0.49584909946710054,0.007289546379682421,-0.0605471230752737,0.035661204656744785,0.010408826122755238,-0.33404183132722365,-0.05306927834408843
2020-01-01,-0.010270452681105676,0.10722009651740921,0.5269036984932268,0.004952822699351723,-0.06758066426489426,0.02216955027664381,0.014068055076678972,-0.25906381158399583,-0.049060365689958696
2020-02-01,-0.008079825678055704,0.13394105005298484,0.5149151506194456,-0.0030916662599641993,-0.07761367741122004,0.026361832765640685,0.008289021469204726,-0.19857230065748743,-0.06012465929392841
2020-03-01,-0.00497873358089688,0.04381587501593287,0.4354699143572762,-0.015250512029758675,-0.08115111341805396,0.027083011832111883,0.009118928440563357,-0.2625252937165664,-0.035428713322243635
2020-04-01,-0.015564325722727633,0.10312541643375861,0.7725422903155243,-0.10372688114987083,-0.06785702058067022,0.02910321588416125,0.016242866703687457,-0.5238671947256477,-0.010179773776317994
2020-05-01,-0.020083251198063413,0.41799365090746843,1.403418515574888,-0.133065950110333,-0.040211313473869,0.03708916636922748,0.013008727990084944,-0.5017052664378481,0.007250999606729916
2020-06-01,-0.002254013200668334,-0.25518019748403853,1.9578466415405276,-0.4316344175882438,-0.04194521545761198,0.03823404608360378,0.018171359924665776,-0.24053221821572146,-0.0034055346598887955
2020-07-01,-0.010049781986912424,-0.1938022094260181,1.8853243695434994,-0.32186765560012165,-0.05346053901497328,0.042448090145450534,0.017299859750952367,-0.14960499244063485,0.003590246352731968
2020-08-01,-0.011140232687567215,0.18848050023934132,1.470284219208935,-0.3092780081735138,-0.04851482507053446,0.03864350326714306,0.009259085959574769,-0.23517114222991087,0.01868496690937013
2020-09-01,-0.01335065901126147,-0.03461624452450862,1.1950119632760938,-0.22446326860849602,-0.052987523026501705,0.03994456570223061,0.025003821627578162,-0.3008548763552752,0.005814509455708774
2020-10-01,-0.014792227387031304,-0.062434741175289465,0.9054716468455837,-0.16308844557731858,-0.04799944981518959,0.03680626233079625,0.020101275317705166,-0.42356863927457733,-0.0066519023428991825
2020-11-01,-0.0038718486912742976,0.03503553009429039,0.406173955820642,-0.08581895451588215,-0.06817730868812825,0.032801543289193644,0.01796057699790498,-0.480725307658731,-0.01362160805834795
2020-12-01,-0.01042873941329701,0.17142636875692024,0.5536668652255411,0.00516973013917088,-0.06815247789154806,0.026925804328023266,0.013054338620618373,-0.4135218984507748,-0.03429544582736635
2021-01-01,-0.027087007424581235,0.1887779731791817,0.4428639341710064,-0.00288246844307991,-0.04939928191951618,0.030035632019299922,0.01051988391993477,-0.5940608726366301,-0.028164987557378274
2021-02-01,-0.01261625236184952,0.03178914728066151,0.23012138883199434,-0.030258229497741092,-0.1099814846932545,0.031594087193933064,0.004778081050085129,-0.3181961149883633,-0.051247537097646734
2021-03-01,-0.008061736718190882,-0.018338383023582816,0.2660564033151238,-0.041562440352815574,-0.06220478055003166,0.026088137629331036,0.009840301357020156,-0.4690142818342249,-0.02495664914034239
2021-04-01,-0.010902913328883058,0.030772803436694196,0.5344437741113455,-0.10492698910142242,-0.08419810903613889,0.033046767643736555,0.013840970355339008,-0.3913728717540088,-0.016080534602404013
2021-05-01,-0.011760403266743012,0.5123019975106293,1.458844798194031,-0.19461787441845466,-0.052794937298246296,0.0354065956540449,0.018220616744722327,-0.21151630936622434,-0.0027691502920554494
2021-06-01,-0.0038880382222066297,0.5036630748369073,1.7170324325561521,-0.2235300923639221,-0.03331292842654066,0.028292755673685804,0.014551669889154217,-0.30719782267686,0.0067499152734049024
2021-07-01,-0.02197868634366167,0.1391223168024937,1.335250127168722,-0.20054607731883006,-0.036995482883057804,0.03507062144146405,0.012058276085874549,-0.2685041606172478,0.024081910553290002
2021-08-01,-0.01214474639546776,-0.2942394386662769,1.0909283266778689,-0.32896344746346856,-0.04760935499756746,0.03412185640185226,0.020336850884933953,-0.30973868228677826,0.016202185658719375
2021-09-01,-0.009185746451245612,-0.28835916356903757,0.9917985038966298,-0.29286432918617483,-0.04656758440731086,0.04030357824300397,0.02202692477575953,-0.3735142584957263,0.011945359165865551
2021-10-01,-0.00709501896929758,-0.027340285641578865,0.5006140433050054,-0.21101263937788334,-0.036858189245934626,0.030998808894710305,0.018231126385894726,-0.3083593584985369,-0.006383521571618807
2021-11-01,-0.00835444143065816,0.09966639685990608,0.6134645079798029,-0.059474351722831297,-0.03735718217423817,0.03045442116787803,0.009509058654481995,-0.40150001219925435,-0.00632272854000513
2021-12-01,-0.01240114539937714,-0.024581638065096167,0.5084907080957519,-0.012494830338809661,-0.08880597012636894,0.030725062958315674,0.01045054675855582,-0.34429437298166643,-0.0246495592598034
2022-01-01,-0.017729938863238016,0.09858868668659404,0.555085703739906,-0.029965582790503216,-0.08059076795059195,0.028977114557865634,0.00859846618963324,-0.27079375238811354,-0.06021576977836441
2022-02-01,-0.01991336746842732,0.05498520757111025,0.4098639470247777,-0.019889072218139695,-0.08371013704819098,0.028712317036497823,0.012350204528307629,-0.4185097759170513,-0.03964247812041652
2022-03-01,-0.03147072656293986,0.3120794498982107,0.7482990015577753,-0.021783064707501115,-0.05393323647472159,0.030697288643525323,0.01405904154822136,-0.3186467231123098,-0.006303582553583712
2022-04-01,-0.01848619229828444,0.42616906156690243,1.64960693374044,-0.1617082699018829,-0.04877814896147463,0.03269555721059311,0.022077020843393576,-0.31721482920067845,-0.00615413710673231
2022-05-01,-0.016919558072569965,0.3171603637781929,1.2428566825847722,-0.15542251285540443,-0.028238102538986155,0.02690216125481151,0.014277119674102187,-0.2307007228624357,0.006028786096937707
2022-06-01,-0.008224651673482604,0.15761966794675114,1.5954259157293569,-0.3399107726365239,-0.021136097397628374,0.036848586393346365,0.012632252240565297,-0.4653465638652511,0.014509858967742973
2022-07-01,-0.003489492061550065,-0.20123142235853875,1.9308586120605469,-0.5225301157292307,-0.02019059110079225,0.0374918485664734,0.004754585930696257,-0.2833574667095241,0.02705935900518238
2022-08-01,0.006561405756087995,0.24847564614606962,1.3853070317290013,-0.2667376921762367,-0.026933963162798263,0.0329084347771312,0.010002442547268826,-0.2725489771830165,0.004869143172936282
2022-09-01,-0.006972042254648852,0.2126321082291041,0.6291284760091014,-0.2809896279403313,-0.025299757482445003,0.03440937217300776,0.010645314290794647,-0.37499867705393075,0.017174494266812217
2022-10-01,-0.01274505911985468,0.1580815692085677,0.9725982542958996,-0.1544734761299406,-0.020157611909687675,0.02150109351413968,0.015518559815321542,-0.44054246610570147,0.007816986443544232
2022-11-01,-0.0035405182993213475,0.11669521614980344,0.38764649633140086,-0.047275213643922245,-0.03570466671069321,0.02627300015983854,0.003699449137888519,-0.34446700364785576,-0.01337788665636424
2022-12-01,-0.015079558491544744,0.052213800000210864,0.3166522723901947,-0.00372652651672784,-0.052771500273844404,0.0284719637592021,0.00873198777736726,-0.4935225408360615,-0.028240172991044848
