,vo850_cluster1,vo850_cluster2,vo850_cluster3,vo850_cluster4,vo850_cluster5,vo850_cluster6,vo850_cluster7,vo850_cluster8,vo850_cluster9
1980-01-01,8.847947019180663e-07,4.347401608253226e-05,8.452591649795367e-06,-4.125542659067563e-06,5.35873103545857e-06,-3.0952569371044776e-05,8.326032583074114e-05,9.488137729092256e-05,-1.9589706942653497e-05
1980-02-01,-1.3844805162180776e-07,3.142269218963118e-05,1.0398686672960085e-05,-5.146034633807701e-06,5.6946942693231085e-06,-3.50164692072149e-05,0.00012125445487411404,0.00013893038061611485,-7.281166336930341e-06
1980-03-01,1.378597001822509e-06,3.872836744668955e-05,8.651357205882209e-06,-6.6218085756877214e-06,4.491544411727064e-06,-2.5273656733526437e-05,0.0001138991493169928,5.925618674905493e-05,-1.7527239506028288e-05
1980-04-01,1.943843156677163e-06,5.349347546893397e-05,9.015995663643774e-06,-4.357495712469763e-06,2.4718358526600947e-06,-2.770339601427956e-05,1.0253948375260727e-05,0.00012142011490918434,-7.467995160528117e-05
1980-05-01,3.2134382065244577e-06,3.550115909164959e-05,9.674343254327774e-06,-3.4635958353108768e-06,2.2145037239907556e-06,-2.1474947927952134e-05,-3.9916193245779095e-05,0.00015602649623536964,-7.260920116690245e-05
1980-06-01,6.045069774130619e-06,5.19988670650296e-05,1.114810137539496e-05,-2.602595098063102e-06,-2.0799196531791405e-06,-1.7780139260281643e-05,-9.233102834202146e-05,0.0001254125217543785,-6.365527627135283e-05
1980-07-01,5.9555058059712755e-06,6.995064390080299e-05,1.1236317784578227e-05,-1.723018893870182e-06,-8.385942921106534e-07,-1.9564833271146945e-05,-7.842386839786991e-05,0.0001413987151386623,-3.99741742580537e-05
1980-08-01,5.821529057764114e-06,5.65105492382962e-05,1.1606994654395015e-05,-2.0274936872432278e-06,1.3907451625940136e-06,-2.1599754150206237e-05,-0.00010457330493371649,0.0001436765406208789,-7.387650043519023e-05
1980-09-01,5.722403361136141e-06,8.861914371070374e-05,1.0573420907484082e-05,-3.896413944971399e-06,7.988094618821959e-07,-2.3430038122587685e-05,-5.494984142840866e-05,8.988672723355307e-05,-5.3533448128557595e-05
1980-10-01,2.65634688024646e-06,5.573745709676636e-05,9.30622258723891e-06,-2.704900157726698e-06,3.0914927848201964e-06,-3.3772952823034124e-05,-4.532499339082433e-05,3.9675170603745685e-05,-4.526701237854972e-05
1980-11-01,2.7786409027011437e-06,5.835954800278065e-05,7.783119247099078e-06,-3.6823080948502807e-06,3.916919740168522e-06,-3.126044940139716e-05,-3.6697775723978492e-06,0.00011973866555322081,-4.6509462641576956e-05
1980-12-01,1.935969184097041e-06,6.047475353508473e-05,8.595251478006589e-06,-4.253207596372707e-06,3.6267395828075343e-06,-2.8562392483455053e-05,2.8592514257542732e-05,0.00013321510940618957,-1.3427153638038413e-05
1981-01-01,-1.255575870749298e-06,4.726257574069535e-05,7.978769502695405e-06,-4.337520011049485e-06,7.372999990875073e-06,-2.762774961374039e-05,0.00011474978316420612,0.0001243323629449053,-5.3824365734810714e-06
1981-02-01,-1.5153124952704208e-06,1.6188356765591863e-05,7.161103082312654e-06,-5.483227676373541e-06,7.898878017492751e-06,-2.548553889913415e-05,0.00014361417999928612,7.541120999491839e-05,-3.007623323481704e-06
1981-03-01,-1.8002859949880874e-06,3.174030831569814e-05,9.305414826475692e-06,-4.770049918541377e-06,5.147005039713826e-06,-2.6276271908478068e-05,4.466362791597924e-05,8.201902370456574e-05,-5.3686971346275184e-05
1981-04-01,2.5079975980888914e-06,5.1273819211969055e-05,8.42359769443623e-06,-4.825790594362475e-06,3.5951228421975943e-06,-2.2709328608173477e-05,7.510290090632197e-05,4.240547215896229e-05,-5.3670305990134834e-05
1981-05-01,4.6486092686035355e-06,3.738624851093704e-05,1.0071019927181591e-05,-1.940155053428531e-06,-5.87698832483681e-07,-1.8970790732391663e-05,-6.78025279971486e-05,0.00017571165592559333,-8.05265274103031e-05
1981-06-01,4.6807789780954e-06,4.3984018576720855e-05,6.812141601076503e-06,-1.6043401152876236e-06,3.724532247325635e-07,-2.15315918497501e-05,-1.559829988751343e-05,0.00014810549347910948,-6.806084101732397e-05
1981-07-01,6.215950561967711e-06,3.5957827341825835e-05,1.0455932967337183e-05,-2.068053785955275e-06,2.1274501533646596e-07,-1.8220989353558007e-05,-3.0413801496281394e-05,0.00010232576016157786,-9.982500982082425e-05
1981-08-01,5.943934729223498e-06,6.924917083526792e-05,7.812019149671973e-06,-2.215801374850559e-06,-1.3414128089888854e-06,-2.264580508253497e-05,-3.757990463663036e-05,9.769279115456154e-05,-3.946308988048951e-05
1981-09-01,6.691008755872517e-06,4.8235880008522434e-05,1.0650254408085068e-05,-2.3410048460586156e-06,7.08299889329913e-07,-2.3419816508827778e-05,-5.962817081030868e-05,9.590959804754449e-05,-8.695935488047682e-05
1981-10-01,2.9300098382862813e-06,6.0616340595534093e-05,1.0089776795518208e-05,-2.2762460940087863e-06,2.244531968926768e-06,-3.6995251724619394e-05,-4.165458421294506e-05,6.375379337474607e-05,-6.320288970241298e-05
1981-11-01,1.9039901499372515e-06,4.9883303699565465e-05,8.381827777987962e-06,-2.6076925869603935e-06,3.653537785958385e-06,-3.7623569082328626e-05,8.899773638795811e-06,0.00010695039649052399,-3.968807218838418e-05
1981-12-01,1.089292981058599e-06,5.8098150871045446e-05,8.637548464784711e-06,-6.832512644886496e-06,4.989575438991129e-06,-2.9791866970040216e-05,9.70845056554389e-05,0.00010563383335543663,-1.3081831110321127e-05
1982-01-01,3.916788893638453e-07,4.6453596076751296e-05,1.0096993913201885e-05,-5.038480970330265e-06,6.701659687325734e-06,-3.055824155748677e-05,0.0001028427334103195,9.365838406370718e-05,-1.769648205550939e-05
1982-02-01,2.799435134981771e-07,4.9801186448900786e-05,9.781426863932403e-06,-6.009282151469269e-06,6.406067138163983e-06,-3.291886429429789e-05,8.285882641291978e-05,7.840841204290559e-05,-1.2756350274122964e-05
1982-03-01,1.0143282137445798e-06,3.7304458756864515e-05,1.0300147327139147e-05,-6.396554671878113e-06,3.891057670157701e-06,-2.9501430136112886e-05,0.00011682115846825989,6.72909676514029e-05,-3.444138091102618e-05
1982-04-01,2.625420115964168e-06,4.528730896763255e-05,7.95202447061789e-06,-4.998621780629141e-06,1.2978724504343285e-06,-1.871101042493211e-05,4.3200307625302815e-05,3.530468830861737e-05,-2.615055105182983e-05
1982-05-01,4.272438017148234e-06,5.8524799935494036e-05,1.043047097904714e-05,-3.2146541204570254e-06,1.2158031765091697e-06,-1.6351850391955787e-05,-4.217376109058756e-05,0.00012621170461966054,-5.7466690779053365e-05
1982-06-01,4.572846277655513e-06,6.418415611390683e-05,1.233272415627924e-05,-2.6212568433044944e-06,-1.290084001470994e-06,-2.562359502183662e-05,-7.527693979264306e-05,0.0001415905496434548,-5.274993886952094e-05
1982-07-01,4.560738231226515e-06,5.198176270789528e-05,1.0448423219517056e-05,-2.6186927390358427e-06,-2.160477472477358e-06,-2.114020263951762e-05,-7.28541273363805e-05,0.00014124688830214097,-4.3024322910339296e-05
1982-08-01,4.452500755913122e-06,5.2954819233836776e-05,1.0892075712653305e-05,-3.6572996784320165e-06,2.498778896301264e-07,-2.2854252187209576e-05,-8.573283610211659e-05,0.00013659027712733846,-6.099781106105306e-05
1982-09-01,4.361466777507555e-06,6.886030240233835e-05,8.011899284278154e-06,-2.581045292754709e-06,-2.0365334844547443e-06,-2.787605410010414e-05,-6.69861099334467e-05,4.365565890254365e-05,-4.2457281697171466e-05
1982-10-01,4.208144549715472e-06,5.723349807819718e-05,9.810257836273808e-06,-3.858354118216398e-06,-6.457446494215832e-07,-2.7748167035225006e-05,-6.141020467062967e-05,0.0001670214889006789,-3.5437998800836316e-05
1982-11-01,6.621537502047555e-07,6.305853253285785e-05,8.103885761598036e-06,-5.618037389736222e-06,3.300518630307917e-06,-3.664854762119301e-05,-4.285249223968238e-05,0.00012919296675555807,-4.538699463187194e-05
1982-12-01,1.7772010424399828e-07,4.980139658362424e-05,6.9604459330723315e-06,-3.1696429859091138e-06,4.457995791707507e-06,-2.7784829359636493e-05,2.6592873306311563e-05,8.126939270934329e-05,-2.2396050897976135e-05
1983-01-01,-3.106376708059795e-07,4.795224747709581e-05,7.427832163149305e-06,-5.839043457419578e-06,5.1569199820303115e-06,-2.71055016883835e-05,7.824685747788303e-05,6.47643790069784e-05,-1.6669443246686776e-05
1983-02-01,-1.1920149228002116e-07,2.695266859969933e-05,7.4909516596287365e-06,-6.051299025177063e-06,4.956170823920803e-06,-2.2251846381213644e-05,8.084599420438238e-05,4.973458837113434e-05,-2.185033116974232e-05
1983-03-01,-1.4578561623178197e-06,3.788776340612961e-05,5.524826831925596e-06,-4.407399068556318e-06,4.6852401036067966e-06,-2.132738782901244e-05,3.346173234435582e-05,7.387439669718346e-05,-2.659658084421939e-05
1983-04-01,6.482969707670014e-07,3.497259655197808e-05,7.493211130157659e-06,-2.248584077374848e-06,2.422071053443754e-06,-2.1128077991201206e-05,2.6185888063151964e-05,0.00010304731594177146,-4.0061673785180896e-05
1983-05-01,3.2840091696503565e-06,5.269982180371319e-05,6.537581636645724e-06,-4.013226132663766e-06,2.191472953253444e-06,-2.9753245183776695e-05,2.1265783089243502e-05,0.00010143915442203106,-3.290752821357901e-05
1983-06-01,3.799142603528627e-06,7.037788209499126e-05,9.679521763916545e-06,-2.8897386646075184e-06,-4.054427527506304e-07,-2.9840125413792777e-05,-4.9232540830186956e-05,0.00010150869654180361,-6.531415602759094e-05
1983-07-01,4.6159579797696434e-06,6.482438472019502e-05,7.4685164713089695e-06,-2.3279072162152206e-06,-1.9546811290043596e-07,-2.8683991091190263e-05,-8.053518749280953e-05,0.0001247357645458379,-7.481534814151665e-05
1983-08-01,4.507141936872264e-06,5.3418771077799656e-05,9.33529541955231e-06,-1.496507143069211e-06,2.545191822958556e-07,-2.8656380487938585e-05,-8.537705758197385e-05,8.272363143824144e-05,-9.506079776030252e-05
1983-09-01,5.850251609091999e-06,5.786918141339637e-05,1.2071066187482897e-05,-3.341291099814471e-06,7.452531152356465e-08,-3.574414817137283e-05,-3.987043295580636e-05,0.00010715899377332393,-9.426975614788969e-05
1983-10-01,3.6436146768801723e-06,4.5159150863283894e-05,7.546757530699596e-06,-2.5180531349261705e-06,1.8367561680847666e-06,-2.771928047806406e-05,-2.532743715837021e-05,0.00012085879136851782,-6.97735444580062e-05
1983-11-01,8.22194918612456e-07,5.751057149287321e-05,9.531703124665032e-06,-3.194667839912972e-06,3.9565019531855865e-06,-2.6478891890079558e-05,3.009763230035834e-05,7.960292881344791e-05,-5.119710571376171e-05
1983-12-01,6.080970841093925e-07,5.444215204981813e-05,9.304839732699945e-06,-4.027118068486015e-06,5.021267058044745e-06,-2.8048053554725345e-05,6.577273974368048e-05,7.639529853893868e-05,-2.1493927805907968e-05
1984-01-01,1.0950765929127169e-06,4.8939428917294524e-05,9.023125070652873e-06,-1.7701906966920218e-06,4.245644434641797e-06,-2.7167414184506736e-05,4.977510593688969e-05,0.0001165243308405566,-1.5367086896869492e-05
1984-02-01,-1.9740977957540228e-07,4.414518291089745e-05,9.575883716207282e-06,-2.2442688053585974e-06,4.445000301993613e-06,-2.2721263868863166e-05,5.1546120871073706e-05,0.00011194100978403409,-7.659892275883512e-06
1984-03-01,-2.8456103215143757e-07,4.249405086917801e-05,1.0009110716173116e-05,-3.035093672821475e-06,4.378729331058294e-06,-2.4686318321749548e-05,4.837305244732735e-05,1.6502982775228926e-05,-2.57308039191315e-05
1984-04-01,2.641584307441096e-06,4.1126363495172505e-05,8.169833512776639e-06,-3.2834061843971443e-06,2.3773905039155916e-06,-2.3433824339791117e-05,9.16474959886461e-06,7.759479886136356e-05,-7.338422427782357e-05
1984-05-01,3.2088945183882127e-06,4.292433760188574e-05,6.7942748745292385e-06,-2.3740281979819384e-06,2.6916375379236516e-06,-2.6599174458609584e-05,-3.998911396795557e-05,0.00021607832774269683,-7.966476797960576e-05
1984-06-01,3.514643504760088e-06,6.269948927137262e-05,9.579778947348525e-06,-3.0808084627718543e-06,2.552836025365144e-06,-2.5515197384375357e-05,-9.369350201844301e-05,8.795031674041175e-05,-7.357280457174131e-05
1984-07-01,4.585145626134226e-06,4.510098717725601e-05,8.669153554621271e-06,-1.3214556525692947e-06,-1.0389413397917097e-07,-2.0869960000919274e-05,-5.0729991578053047e-05,9.059044085526015e-05,-7.681146614119818e-05
1984-08-01,5.2135357770590905e-06,5.5061872575801145e-05,8.957997053492993e-06,-1.8998805486890469e-06,-2.398996454483237e-07,-2.331387111267351e-05,-4.859821434246119e-05,7.183080118205171e-05,-7.40647531645702e-05
1984-09-01,6.020542456552994e-06,4.363537091218981e-05,8.753140826554608e-06,-6.957317875836121e-07,-3.069946166044069e-06,-2.2591601697147684e-05,-2.1155682005822798e-05,8.608911123087578e-05,-7.544220922449109e-05
1984-10-01,3.6997314687609944e-06,5.2871064279891986e-05,1.1017583489426124e-05,-2.773074095708134e-06,2.592852733020673e-06,-2.303639390048612e-05,-3.408573085400886e-05,0.00018025627104153964,-4.442485044662941e-05
1984-11-01,1.4691391251493982e-06,5.867128235723096e-05,8.419520427112565e-06,-4.265717658584714e-06,5.685730047445277e-06,-3.2107772759693064e-05,-5.528115040291643e-06,9.191050291268435e-05,-4.173553147249814e-05
1984-12-01,-4.326474588545401e-07,4.275735308492795e-05,8.575378324821234e-06,-4.512908676187834e-06,6.849917866300491e-06,-3.2066867067671935e-05,9.513276619571359e-05,6.947764707968684e-05,-2.631294308731236e-05
1985-01-01,4.83211873458354e-07,5.3297586249930615e-05,1.0282181117592662e-05,-5.365380233369002e-06,4.715624920152478e-06,-3.381782497779497e-05,7.773265611151989e-05,8.902543574864253e-05,-2.7073324759404132e-05
1985-02-01,1.6349723124805427e-06,4.068208227109775e-05,9.277350752207975e-06,-3.3471016924653962e-06,5.470165473399996e-06,-2.973020539698018e-05,9.311226418656066e-05,6.0460837829493744e-05,-1.9098393156447583e-05
1985-03-01,5.819432042702634e-07,3.381373169370934e-05,7.86939458413402e-06,-6.1973972252075186e-06,5.665064078451397e-06,-3.112254494474366e-05,0.00013534570478813333,0.00011184428121279012,-2.1353492992169857e-05
1985-04-01,1.5560081704489046e-06,3.126620570259242e-05,9.280024842400673e-06,-2.238051971287793e-06,3.1025851607647663e-06,-2.4586080575498674e-05,3.347740186412723e-05,0.00013665037940573512,-4.7766673826664065e-05
1985-05-01,3.4160728589274687e-06,3.9473200058705665e-05,1.1486382301550295e-05,-3.17937011031373e-06,1.6914184559254995e-06,-2.073493876651967e-05,-1.6800092174447113e-05,0.0001744427421699084,-6.85032240402022e-05
1985-06-01,4.854133404669574e-06,4.771966468531707e-05,8.633686986478011e-06,-6.385103194911855e-07,-1.584366179170297e-06,-3.3594211752810945e-06,-6.207489347400538e-05,8.191452707125008e-05,-5.1697978137980676e-05
1985-07-01,5.636996333013147e-06,6.405393575294114e-05,9.852486190096802e-06,-1.7579753951978715e-06,-1.3585558432219432e-06,-1.8522169684129432e-05,-7.963183932146767e-05,7.906325141688858e-05,-5.8065827099387996e-05
1985-08-01,6.256656664794054e-06,4.165714904760547e-05,1.0359171881119345e-05,-2.496478823901177e-06,1.9338767267026163e-07,-2.408903828687376e-05,-5.272616541940193e-05,9.5125437603125e-05,-9.9184678126983e-05
1985-09-01,4.3536872721067625e-06,4.8862541555056435e-05,1.0974657601428437e-05,-2.091145393201601e-06,4.3336242187645845e-07,-2.8210215204065047e-05,-4.202092137166288e-05,8.428194988729568e-05,-5.742645013447059e-05
1985-10-01,3.1225501143331496e-06,4.032511277351231e-05,6.813398841818684e-06,-1.3797940758782674e-06,9.851048875622265e-07,-2.9966189516584664e-05,-3.734655734436115e-05,0.000109874308942504,-5.189670341086041e-05
1985-11-01,1.2664739797576824e-06,4.556785312780102e-05,8.561118258805304e-06,-3.431415388620953e-06,3.801434932217984e-06,-2.6254473450071692e-05,5.738491621448558e-05,6.540304896372032e-05,-4.274670062913671e-05
1985-12-01,1.0034842575730669e-06,5.284071092738792e-05,8.271391272728618e-06,-4.0959888508821436e-06,4.291480751359803e-06,-3.339051859480604e-05,4.253236212403889e-05,9.131509650138737e-05,-2.0636353963951666e-05
1986-01-01,2.0817031174751685e-07,4.048747241714816e-05,9.379850292875553e-06,-4.4321826960370615e-06,6.739493131246072e-06,-2.909525769558995e-05,0.00011235864825976839,0.00010051507997468342,-1.148274005650418e-05
1986-02-01,-1.2281971633317743e-06,4.702152494120279e-05,8.689012334740401e-06,-4.117010033590563e-06,5.443795716575871e-06,-2.7476672828506623e-05,9.553798222415656e-05,9.212661469743342e-05,-1.085294912849376e-05
1986-03-01,1.7976811140078942e-06,4.725677864893229e-05,9.916162408570519e-06,-3.647388055934971e-06,4.363117431747499e-06,-2.9546645835265636e-05,3.464069832403723e-05,8.043174704812868e-05,-5.583051790390508e-05
1986-04-01,2.0489176766190953e-06,6.276582386772887e-05,1.0409115976399282e-05,-6.822496797061283e-06,4.395420008893482e-06,-2.2258203092960817e-05,7.428253840380466e-05,0.0001151402248584811,-3.563347272645958e-05
1986-05-01,4.0691980312563334e-06,5.432816383911329e-05,1.0394863047021941e-05,-3.4273058909003695e-06,7.052212612364982e-07,-1.672637639942839e-05,-4.1537762676557345e-05,0.0001887645337621445,-5.8865760293066446e-05
1986-06-01,5.452162277578647e-06,4.296917275773454e-05,1.0026613667796453e-05,-1.577067328444104e-06,-1.0347263727594988e-06,-1.9183181404138214e-05,-4.661982558175259e-05,0.00015439719270446438,-7.502164701577837e-05
1986-07-01,6.509280256173663e-06,4.452689426613145e-05,8.28309980443272e-06,-2.0421468074701234e-07,-1.8208892952892535e-06,-1.366027195461102e-05,-3.322802126530865e-05,9.097199799608097e-05,-7.482046380266394e-05
1986-08-01,4.449413697484342e-06,4.888083591502147e-05,5.091936363355375e-06,3.7238038154058496e-07,-1.0432137140145666e-06,-2.8451784174908198e-05,-4.655859590819601e-05,0.00011059173482285024,-6.0291536977312275e-05
1986-09-01,5.736647572326651e-06,5.247952970475282e-05,8.678342572773541e-06,-1.8702459128930038e-06,-1.3659032093429855e-06,-1.9422111352565103e-05,-7.334220454108389e-05,7.563833831827155e-05,-3.60270920564661e-05
1986-10-01,5.765706573406934e-06,5.3311387751068184e-05,8.539482953598397e-06,-1.8331816860697489e-06,-8.077933367509162e-07,-2.2735934551892977e-05,-2.8854473154125125e-05,7.39501487473547e-05,-5.664399785258522e-05
1986-11-01,2.8056658313277182e-06,4.735589844476471e-05,7.605333079217835e-06,-3.7999410165965204e-06,1.8679651096844402e-06,-2.7059483619999018e-05,8.119502577820352e-06,0.00014301722051916486,-3.514363533800703e-05
1986-12-01,2.884480717233104e-07,6.921262661531687e-05,8.302227586156751e-06,-6.456289212247833e-06,4.404344611614914e-06,-2.8435672235861636e-05,3.80170774658709e-05,9.867818976798634e-05,-2.6658952002310996e-05
1987-01-01,6.86328899477969e-08,6.211448701941241e-05,8.815849761553743e-06,-4.71314908469516e-06,6.154139004468435e-06,-2.7867407396425246e-05,9.756000862686899e-05,9.059929479002623e-05,-2.4493870189396625e-05
1987-02-01,-7.271355840716922e-07,3.1371638130935e-05,1.0224074974472305e-05,-7.855991143295934e-06,4.806284606483623e-06,-2.129976312410641e-05,0.00015083185260643866,4.599103789363918e-05,-4.349055239139199e-06
1987-03-01,1.8921363069684721e-06,5.889195579145975e-05,1.009781761628882e-05,-6.355542182786843e-06,9.770382027317672e-07,-1.835921617893469e-05,8.764998854894279e-05,4.2084962663632835e-05,-2.6293298104343376e-05
1987-04-01,1.2050704488105066e-06,5.214187622512784e-05,9.694605996282811e-06,-6.6296411220312546e-06,3.544500376736522e-06,-2.7844370887342417e-05,1.0028812686142577e-05,9.749856474684641e-05,-6.099153492280421e-05
1987-05-01,2.7906923535006582e-06,7.17179803761159e-05,9.101885511772644e-06,-4.9326330212083475e-06,2.1563433789837606e-06,-2.349265911352241e-05,-4.1636712715694126e-05,8.614900233696282e-05,-7.221820957264268e-05
1987-06-01,4.438807683180402e-06,4.430388906758918e-05,8.629170592922238e-06,-1.406053853195703e-06,4.422046617867243e-07,-1.683133103832832e-05,-8.316399791380651e-05,0.0001738820853120491,-8.98701585334129e-05
1987-07-01,5.496719647989952e-06,7.051436612172949e-05,6.9758573839528245e-06,-9.957647040394503e-07,-3.0964564112990084e-06,-2.1864303635771402e-05,-7.720394155161707e-05,0.0001329955720056007,-4.236526157881891e-05
1987-08-01,4.741201722209057e-06,4.914507737188412e-05,8.418439401664552e-06,-1.1506600978768238e-06,-8.60631246457962e-07,-2.157363361172442e-05,-8.912405427599595e-05,8.41476873876562e-05,-6.474838930132716e-05
1987-09-01,6.452486094742418e-06,6.02067145210854e-05,9.83664080089581e-06,-2.147340536541401e-06,-1.7952364706281132e-06,-2.9400986307332048e-05,-5.916577391641921e-05,8.535023189666939e-05,-7.57907323110979e-05
1987-10-01,3.735903510385164e-06,6.138766719779286e-05,8.907624857206236e-06,-2.7074531593232637e-06,8.765204678565696e-07,-3.0368873494460395e-05,-6.374773182667386e-05,9.630479793497931e-05,-5.973632423091452e-05
1987-11-01,2.6740673926903236e-06,5.536084936671962e-05,9.484820417908757e-06,-2.46458939045676e-06,1.08174558978027e-06,-2.8789725202363623e-05,-1.6532498877900548e-05,7.30351228007168e-05,-3.744097347986709e-05
1987-12-01,3.013224964890035e-07,3.9341125207606254e-05,1.0960740207867787e-05,-4.960284603734369e-06,4.7584689103775534e-06,-3.19016318319175e-05,7.439566585835947e-05,9.23372788249504e-05,-3.593120957074104e-05
1988-01-01,9.07008334078813e-07,4.198935326273902e-05,9.608526873842857e-06,-6.680517086214604e-06,6.1086683318054225e-06,-3.246727878521317e-05,0.00010215834778395645,0.00010326144627229905,-4.6006031909255565e-05
1988-02-01,-1.222972902291808e-06,3.557726896473993e-05,8.62033206399512e-06,-5.251549790039492e-06,5.628429420773249e-06,-2.692466591649082e-05,0.00012958502674591363,-3.810530740063903e-06,-8.976840926474244e-06
1988-03-01,1.8269267845898032e-06,4.336660089589167e-05,7.661837844795323e-06,-2.9622332782982695e-06,4.603960149245606e-06,-2.586882850226411e-05,5.547109305791647e-05,8.832596889776103e-05,-3.4848071660264876e-05
1988-04-01,3.089261783639241e-07,3.307651693622346e-05,7.78241675503508e-06,-4.243997045796681e-06,4.691516854673384e-06,-2.690770613447814e-05,1.728325186435803e-05,8.127090014857701e-05,-3.2340308190363704e-05
1988-05-01,4.4253890008589735e-06,4.4803856091809745e-05,7.7946622899248e-06,-2.4789421711774626e-06,3.869892885195637e-06,-2.553669125046257e-05,-5.941780489701819e-05,5.082062029411239e-05,-7.344064683156054e-05
1988-06-01,4.798105517340148e-06,5.2383833507894774e-05,1.017454200513209e-05,-2.4518096606591118e-06,2.619645413352522e-06,-2.1180868011955692e-05,-7.682930190006625e-05,0.0001380447604766562,-6.907586864027685e-05
1988-07-01,5.7813171933703245e-06,4.03775596132686e-05,9.331640870528325e-06,-2.2432694996270858e-06,1.6911449349872744e-06,-1.6148237045440922e-05,-7.345651875225611e-05,5.8328038783120346e-05,-0.00010606537982131922
1988-08-01,6.285358413184126e-06,2.5012936377276373e-05,8.799558477221511e-06,-1.9773070790940173e-06,3.044897137503366e-07,-2.1629515744657294e-05,-6.860764697975733e-05,0.0001409017062018601,-0.00011662020708387799
1988-09-01,5.312518901985863e-06,4.6080724601676884e-05,1.0171089192558036e-05,-3.2903834537424204e-06,2.5757689805958437e-06,-3.15168541216749e-05,-1.0151363057946945e-05,7.666804314685965e-05,-0.00010709705466653173
1988-10-01,5.211799406873081e-06,5.877606839164419e-05,9.989065965681296e-06,-3.5398740649801197e-06,4.389491944798546e-06,-2.6311869871754125e-05,1.5346877539497623e-05,0.00012203792845516672,-5.6949721228855955e-05
1988-11-01,2.249114732670424e-06,3.873264842166729e-05,8.619244749552068e-06,-2.6546443556361264e-06,5.606169571753071e-06,-2.348074908131236e-05,2.6742916598921965e-05,0.00010738814565314908,-8.095949327869715e-06
1988-12-01,-6.338736978698394e-08,3.2562430972463965e-05,8.717513377568407e-06,-4.9250560892216075e-06,7.271376936723278e-06,-2.9061143972260215e-05,9.96902641157942e-05,0.00013393393301650174,-1.4619308733751899e-05
1989-01-01,2.1407345310166652e-07,4.372502900276123e-05,9.541969796205475e-06,-3.836100076765496e-06,6.038517884594191e-06,-2.8482194568365372e-05,4.145365622780656e-05,8.477341450020698e-05,-1.619955201675213e-05
1989-02-01,3.7740951556248353e-07,4.0992566477442926e-05,8.754499160754264e-06,-4.248790848547746e-06,5.53867925653176e-06,-2.3641543953847436e-05,8.348579956538217e-05,4.787176787968524e-05,-9.242438764249099e-06
1989-03-01,6.877249374984693e-07,3.9429599016192475e-05,8.306804366763981e-06,-2.7873135177838098e-06,4.982116924346439e-06,-2.4970226166490663e-05,3.611354777717656e-05,6.293386816379865e-05,-3.3058324302946674e-05
1989-04-01,2.3097616604715455e-06,3.878737264988056e-05,9.795094009654992e-06,-5.084960116412933e-06,4.590451105877725e-06,-2.8078942753980155e-05,8.474346996683896e-05,8.993385575062885e-05,-4.463687720524724e-05
1989-05-01,3.872926598155179e-06,5.975600761544163e-05,8.423062074225458e-06,-3.5083687991498674e-06,1.4690356138229081e-06,-1.3521742296990385e-05,1.5076487148695937e-06,5.9320561137391064e-05,-2.0791047133181674e-05
1989-06-01,4.3412264514718824e-06,3.809462770099279e-05,7.695131774345728e-06,-1.4676500424326477e-06,1.1654663881068485e-06,-1.817941569404138e-05,-2.0092341354594558e-05,0.00013932237278561438,-7.823464364416422e-05
1989-07-01,5.3406284664054136e-06,4.485485792767751e-05,9.412277854533963e-06,-9.342212208741177e-08,-6.047612922296389e-07,-1.5411763114328234e-05,-4.4916359516682065e-05,9.23893074868064e-05,-8.155848684801429e-05
1989-08-01,5.3807033277404464e-06,4.48429388613441e-05,1.202386290104894e-05,-9.835029500509972e-07,-2.3730417970622094e-06,-2.0333669593957402e-05,-6.162540913603651e-05,0.00013378263411253092,-7.625830444187498e-05
1989-09-01,5.0443858282660355e-06,5.97100433532606e-05,8.815148245980705e-06,-2.3415790142012195e-06,-8.178397850334762e-07,-2.8278515297538417e-05,-2.643060091749185e-05,3.397750439692457e-05,-7.907309057846875e-05
1989-10-01,4.4210598257187635e-06,5.557516825776993e-05,9.457338576592472e-06,-2.9376100553130627e-06,2.1498622425421447e-06,-2.7574211192757127e-05,1.7817437889317128e-05,6.488026283271988e-05,-6.187494691410335e-05
1989-11-01,7.110843042218723e-07,5.140436991875215e-05,9.186623932016707e-06,-4.009030405587232e-06,3.5286710114195017e-06,-3.076918802157685e-05,5.8771578025644056e-05,0.00011886027498413493,-4.2291222091419086e-05
1989-12-01,-5.9252542694122994e-08,5.3499814012130166e-05,9.868484577467219e-06,-4.690098700390192e-06,5.568739981909158e-06,-2.834922278676856e-05,6.219523634072086e-05,0.0001502621089760639,-2.131008571156065e-05
1990-01-01,1.483034295383718e-06,4.149407865938453e-05,9.364655617653839e-06,-6.383588701344953e-06,5.9854526081277145e-06,-3.0097737961537896e-05,0.00012561828575132682,9.230190666901985e-05,-2.4184557597990354e-05
1990-02-01,-1.1922737508669586e-07,4.590456278736217e-05,5.17180191308282e-06,-5.4673175269628134e-06,6.2212020559898285e-06,-3.086046966858503e-05,6.409509485652879e-05,1.3832956786398447e-05,-9.189269639754118e-06
1990-03-01,1.4672767372312952e-07,3.6326285791903276e-05,9.11794233950171e-06,-7.24077714843224e-06,5.744175474276536e-06,-2.913438805378271e-05,0.00015414184072246877,7.183029620463509e-05,-2.0525340580944378e-05
1990-04-01,2.7371583740292487e-06,4.514465306403853e-05,8.335101088285779e-06,-4.831284078681803e-06,2.1270321828620523e-06,-3.037562208323126e-05,5.080855288575138e-05,0.00013026107362944665,-3.320340227326084e-05
1990-05-01,4.327890684330912e-06,4.278107873911016e-05,7.9662070471072e-06,-3.181632300031436e-06,2.9801237874552176e-06,-2.204217894785927e-05,1.243261861131024e-05,0.00015299156293578916,-7.928953185696742e-05
1990-06-01,5.2732109872049285e-06,5.734893079241502e-05,1.1465070144934365e-05,-2.6327831895724057e-06,-1.3366214163117803e-06,-1.687999017609985e-05,-3.5987407930876686e-05,0.0001623771628473923,-6.020992422139058e-05
1990-07-01,6.32530526508491e-06,5.333540714241789e-05,1.1301164496718212e-05,-2.6963653352515682e-06,-1.0219336430593305e-06,-1.9256535264441182e-05,-4.296409276747687e-05,0.00010048721671626164,-8.970871470732609e-05
1990-08-01,6.289426465508633e-06,6.071865360572481e-05,9.430481955774485e-06,-7.022424250665938e-07,-2.061463344904089e-06,-1.4217885101785319e-05,-5.005747245200107e-05,0.00011339033275814585,-4.553137942180524e-05
1990-09-01,4.76365856321238e-06,5.134489599121718e-05,1.238867219939651e-05,-2.1922492802764114e-06,-7.531427851553522e-07,-2.0693457295580926e-05,-8.527431048621344e-05,8.181604104841886e-05,-5.9701468098293074e-05
1990-10-01,3.923797774104621e-06,4.661136561596062e-05,1.0358987095731733e-05,-3.0189544116413286e-06,9.32407523659598e-07,-2.6454270462046962e-05,-3.1111230356908815e-05,0.00010112070303356345,-7.093751488411988e-05
1990-11-01,1.2099029224144692e-06,6.57409228887055e-05,8.28874712018391e-06,-3.755297596302094e-06,3.0774507525299024e-06,-2.6691596974240897e-05,1.7383693337020791e-06,0.00012307600513583928,-3.5362256959855166e-05
1990-12-01,1.0349898423813146e-06,5.66366213778955e-05,8.000130387842243e-06,-6.366549302947712e-06,5.08299813044637e-06,-3.0424535554482416e-05,9.903686646349171e-05,0.00010647199534550767,-1.8758247169523542e-05
1991-01-01,1.3907697053870208e-06,5.5535242072754755e-05,8.059863170043864e-06,-4.556337669990389e-06,4.568102576733012e-06,-3.212198417792349e-05,8.272212570927356e-05,0.00010668156838470785,-3.0476276413905204e-06
1991-02-01,-1.9769403204755829e-07,3.437796527652328e-05,1.0937030001135382e-05,-5.7729814924281834e-06,6.52232847602756e-06,-2.3720386814561837e-05,0.00011781212735933708,4.9434961076227446e-05,1.0974438046522673e-05
1991-03-01,1.888799260406866e-06,3.3330844227007333e-05,9.86035350082361e-06,-6.6519965688692306e-06,1.5135454093615652e-06,-2.573401507827527e-05,7.831519077878655e-05,7.390825584829955e-05,-4.1055264077448405e-05
1991-04-01,2.370561521491321e-06,5.556410157886775e-05,9.188535618215495e-06,-4.106796423972805e-06,2.2285308468441406e-06,-2.7017497991573006e-05,2.433459255910581e-05,9.299916764202981e-05,-6.599886415830767e-05
1991-05-01,3.978392569719529e-06,3.9621528740790286e-05,7.172475396584506e-06,-2.779421924199079e-06,1.7587941596563594e-07,-2.0647161768549894e-05,-7.076288274917009e-05,0.00014053484125981256,-6.643433203681427e-05
1991-06-01,6.688843326443852e-06,5.987204158597705e-05,7.927307593958888e-06,-1.8638552049994313e-06,-1.7316872434485563e-06,-2.011714472246141e-05,-6.295929836633146e-05,0.00010044566836449304,-3.542030972957273e-05
1991-07-01,5.6269950396202415e-06,5.369157135669159e-05,9.795279588218034e-06,-1.8153887297157938e-06,-8.961982802959441e-07,-1.7574541039089047e-05,-7.656331489087828e-05,0.00014909613975125274,-6.279382057249894e-05
1991-08-01,5.3371328198400515e-06,5.907927373756408e-05,9.718376194273513e-06,-2.9041620474794945e-06,6.981554837907466e-07,-2.3269955288395544e-05,-4.860627709075322e-05,5.796142213738708e-05,-6.066873732538663e-05
1991-09-01,5.005841453921307e-06,5.9820598439559524e-05,9.884801827042592e-06,-2.526515957032236e-06,-1.50155490754814e-06,-2.275530044981561e-05,-4.435611059652859e-05,0.00010574095776713353,-3.7353787110142126e-05
1991-10-01,3.8680386051972564e-06,6.832121055525006e-05,8.593543122675213e-06,-3.5407510755374887e-06,4.6038087960317625e-07,-2.731929127221366e-05,-3.988821016305067e-05,5.84752742340249e-05,-5.2290335342919234e-05
1991-11-01,2.906934885323672e-06,5.965606227650107e-05,9.828431970727846e-06,-4.445794030320676e-06,1.4893423297455211e-06,-2.8646039890537752e-05,3.4123910467934645e-05,0.00011187234549650676,-3.1849473125818443e-05
1991-12-01,6.496684734898226e-08,6.149028680905422e-05,7.498700235059541e-06,-4.05866573106338e-06,3.3940328469920915e-06,-3.3949536920122664e-05,7.40301868542814e-05,0.00016522586997113798,-7.698424583841236e-06
1992-01-01,-4.950777992812197e-07,4.952324146939882e-05,7.119132507481659e-06,-6.323178697835074e-06,4.071398786740081e-06,-3.092017138314102e-05,0.0001089980127265021,2.6473760139829528e-05,-2.1058633217389304e-05
1992-02-01,-2.679003169231854e-07,3.917226745566004e-05,8.218000409806505e-06,-4.8100702121168015e-06,5.471914368972063e-06,-3.113676813348284e-05,0.00011302400387407696,8.601559943087802e-05,-3.875360361995357e-06
1992-03-01,-1.420912696462248e-07,4.922220320161213e-05,8.250702235113492e-06,-5.073981448398378e-06,4.4315234508008595e-06,-2.862980825843002e-05,0.00010681369838047745,7.851183720688744e-05,-3.81819445025002e-05
1992-04-01,2.261696960335192e-06,5.6615817980071283e-05,1.0441294194960018e-05,-5.990154564852252e-06,2.112632105881517e-06,-2.3658487605055023e-05,1.7256810193466677e-05,0.0001297875457374897,-6.328014463525405e-05
1992-05-01,5.285768816383644e-06,4.130571253345034e-05,6.0467699428211035e-06,-2.659608047266196e-06,-5.032749220787452e-07,-2.3175825373193217e-05,-2.2180771175543137e-05,0.0001723773925156645,-8.122578602710366e-05
1992-06-01,5.0371281661019e-06,6.968776747970396e-05,9.471511751208443e-06,-2.4119062466471816e-06,-6.727489530363019e-07,-2.2040545425929328e-05,-7.626610757083594e-05,0.00013406194910480851,-5.486839291840619e-05
1992-07-01,5.711403667842221e-06,6.286918180802347e-05,1.0991852424816155e-05,-2.5752950266957746e-06,-1.6883371083304483e-07,-1.8872200997566838e-05,-9.493985374469375e-05,8.244360302973182e-05,-7.013289552474319e-05
1992-08-01,5.97693718929936e-06,6.110436904861906e-05,9.556590447731477e-06,-1.071954133761188e-06,4.3310347131461967e-07,-2.5872803292077556e-05,-3.805345542332229e-05,7.70127979498117e-05,-6.596128342076669e-05
1992-09-01,6.120840018561951e-06,5.6013108541752335e-05,1.0931604852557684e-05,-2.6191934303052325e-06,-1.7409835422507107e-06,-3.098334000003539e-05,-3.4010332398523726e-05,0.00011721274785527718,-6.30060345996745e-05
1992-10-01,2.877671991001324e-06,5.323056162348275e-05,1.0004837029546814e-05,-2.792404385147547e-06,1.8585575584351154e-06,-2.8966924405494473e-05,-4.872661493370158e-05,0.0001611988426271854,-5.409745844333865e-05
1992-11-01,2.5286151208739174e-06,5.4242689766302235e-05,8.667244896573498e-06,-2.169261170131246e-06,3.2452875967005474e-07,-2.8330203562454407e-05,-2.4099541424600087e-05,5.504116541038725e-05,-2.7731499396029314e-05
1992-12-01,2.9996514874023737e-07,4.0049844483818685e-05,8.494941681851862e-06,-3.8904831286030596e-06,3.732705084137804e-06,-3.0875731355201475e-05,0.00010659098397656907,0.0001298732051236083,-1.535371810188961e-05
1993-01-01,1.2169337390794746e-06,4.241415377513619e-05,8.015997303701979e-06,-4.084907086086606e-06,5.365673956825739e-06,-2.7024621744154504e-05,0.00011265584339699785,0.00013155670715386374,-2.6951501032522674e-05
1993-02-01,-1.4731232473528295e-06,2.3351184208447294e-05,9.219475572208283e-06,-5.727371174232258e-06,5.342113705939351e-06,-2.110163575124585e-05,0.00014173630941073412,2.5030671472400844e-05,7.895167579120412e-06
1993-03-01,2.219633893075042e-06,5.90503444116443e-05,9.851839796321106e-06,-5.049032038883279e-06,2.5455024328767434e-06,-2.024375631291801e-05,6.961560237501798e-05,8.11863849591704e-05,-2.1799336648036893e-05
1993-04-01,2.4220589869958733e-06,5.869362577891741e-05,1.0844125089960659e-05,-6.463642150672351e-06,8.056637708169756e-07,-2.2622593131134378e-05,1.0591179109922092e-05,8.06586958695117e-05,-6.236423612216327e-05
1993-05-01,3.919919102037697e-06,5.4877505739887174e-05,1.2092733830000884e-05,-4.594412818922032e-06,4.5754529515539327e-07,-1.779877536649355e-05,-7.86842205132439e-05,0.00015699132127541267,-8.297289366010637e-05
1993-06-01,4.813881853884752e-06,4.745731801904272e-05,1.0423633591022321e-05,-2.417777839506471e-06,-3.004932343966911e-07,-1.6761101446886594e-05,-9.054283350993744e-05,0.00014214886633537638,-7.874178659575214e-05
1993-07-01,3.979985365720548e-06,4.0740039868230766e-05,1.0970540381822799e-05,-1.9967905740896453e-06,4.712180057794289e-07,-2.2953741736693376e-05,-8.833613368045562e-05,0.0001147282223672938,-9.331559981741672e-05
1993-08-01,5.688921273375666e-06,6.184981635420813e-05,1.026675986545508e-05,-2.3176134576725667e-06,-2.836116890873274e-07,-1.7370295259361338e-05,-7.09895541513117e-05,8.362334911868509e-05,-5.075507614967203e-05
1993-09-01,5.910664181487833e-06,6.5023867169399e-05,7.24377690897786e-06,-2.628268508975434e-06,-7.25796099267559e-07,-2.7857347455091138e-05,-7.941339089168138e-05,5.746915896578336e-05,-7.443392475472025e-05
1993-10-01,3.564077237383776e-06,6.379379111782203e-05,1.0316156778264261e-05,-2.3858266927360987e-06,7.019743718707976e-07,-2.9106629007384402e-05,-5.276988903745976e-05,2.629712528758171e-05,-5.322082335044084e-05
1993-11-01,3.5364354565916635e-06,6.750333819356734e-05,9.980387022080678e-06,-3.8724848157183655e-06,2.6977363406028356e-06,-2.982021863660838e-05,-1.2396876505027488e-05,0.00012551226849050054,-3.817688712162576e-05
1993-12-01,1.4105462423625717e-06,5.6303675667516565e-05,9.475053702093606e-06,-5.627153348592024e-06,4.4289280176317514e-06,-3.162377051734801e-05,6.595056178866125e-05,0.00011486254322647965,-3.619085727509213e-05
1994-01-01,-5.0191363894366104e-08,5.2395748597694984e-05,1.0298657124661745e-05,-5.963246754788714e-06,6.639816838806123e-06,-2.8955575049764245e-05,0.00010633832216146283,6.863770471842341e-05,-1.4361092270096193e-05
1994-02-01,9.995924464440316e-08,4.097580344928055e-05,9.16329805077694e-06,-4.5031949205883285e-06,6.113723944297227e-06,-2.4849496807345458e-05,9.720906369014511e-05,6.172766541792173e-05,-2.0313821340049785e-05
1994-03-01,1.5117047681847262e-06,4.644937024413216e-05,8.826724389162053e-06,-2.8140083586518127e-06,3.010081165074547e-06,-1.8719700553684556e-05,4.2572757986682174e-05,3.661132609645087e-05,-3.885082853157193e-05
1994-04-01,1.7367802206120068e-06,5.168590866014178e-05,7.600244863396896e-06,-3.0517505569450448e-06,3.946134378468071e-06,-2.2114903196847132e-05,-2.905145289887055e-05,8.857586597465686e-05,-6.166092047944966e-05
1994-05-01,4.767299849129098e-06,5.7371453236804265e-05,8.457134423359548e-06,-2.8850035186770226e-06,1.302524542923642e-06,-2.003361464937262e-05,1.808747805888861e-06,0.0001256063662563126,-6.909312899661394e-05
1994-06-01,5.859478059100395e-06,5.311852488642614e-05,1.1121661456577234e-05,-1.8580272450946137e-06,-1.0001880143405925e-07,-1.592021861935846e-05,-9.148548557116159e-05,0.00019181742292912976,-4.910275081871423e-05
1994-07-01,5.014063285632403e-06,7.052400735414493e-05,9.096079748235419e-06,-1.8205885922937513e-06,2.2929366404035838e-07,-1.6340494110696985e-05,-9.793427539694464e-05,8.174415205665456e-05,-5.340194403590294e-05
1994-08-01,3.7512962998435997e-06,6.38126520284591e-05,1.1056042646279627e-05,-3.062937906310342e-06,1.1686554569525393e-06,-2.4641100499004697e-05,-0.00010350408037467902,0.000106303510880352,-5.958094643307699e-05
1994-09-01,6.596624779239493e-06,6.57390577544149e-05,7.492367838889928e-06,-5.80719059799309e-07,-2.287165105977868e-06,-1.8073328153784465e-05,-7.647312059211196e-05,0.00011902703412636391,-4.5786976292906746e-05
1994-10-01,4.317192180381041e-06,4.7138041858543136e-05,7.033902771159512e-06,-2.1404396802724175e-06,-8.21620261308593e-07,-2.5333553961270264e-05,-3.366394764605682e-05,9.753106804042038e-05,-6.89625866924483e-05
1994-11-01,1.1916975472361185e-06,7.039932617406122e-05,9.918995867668575e-06,-3.5360722267925625e-06,3.5251334489701624e-06,-2.780251743452045e-05,-4.542145784124293e-05,0.00012443148551882178,-3.625738808881437e-05
1994-12-01,-1.0865849309479796e-07,6.230486523129379e-05,9.472785365906152e-06,-4.522542927948908e-06,4.481548772047084e-06,-2.8870084243266293e-05,4.1128089820582324e-05,0.0001310282232893259,-3.042649850274872e-05
1995-01-01,-5.232712280456036e-07,4.4567220353650584e-05,9.94288900545516e-06,-4.902530289816553e-06,5.266408531167106e-06,-2.963934149559129e-05,8.265240109001352e-05,9.317385194430667e-05,-2.627069123161458e-05
1995-02-01,4.7492249188266254e-07,4.3650006787901395e-05,8.402586755891421e-06,-3.4045307241379226e-06,4.047537233756121e-06,-3.0294216830956756e-05,8.002824694303403e-05,2.1328319320852478e-05,-1.4896597231772888e-05
1995-03-01,1.0799023520299893e-06,4.106709152112974e-05,9.699968703742817e-06,-3.734722602785459e-06,5.4295942375658365e-06,-2.147264655849453e-05,9.811587095297152e-05,7.17418800625089e-05,-5.327126588529079e-06
1995-04-01,1.8335609514083726e-06,4.791787806675584e-05,8.902059146349352e-06,-5.008179071225438e-06,2.6859202530728318e-06,-1.8090031211752138e-05,3.7503704819899543e-05,0.00011083101533707401,-3.641962809027973e-05
1995-05-01,3.215146719941353e-06,4.287157897168368e-05,8.220957959852364e-06,-2.2165047952931937e-06,2.942006473258823e-06,-1.2571024683809416e-05,-4.223912451086832e-05,0.00010364563426584942,-7.293427775061576e-05
1995-06-01,7.1515941062395755e-06,3.6145751388673544e-05,1.0753471726455022e-05,-1.068450835361144e-06,-1.170146680054719e-06,-1.63215933848208e-05,-9.113779500363751e-05,0.00017953087421966954,-9.003680919433697e-05
1995-07-01,7.095445419491371e-06,4.956074402301651e-05,8.712135829674349e-06,-9.66187392129651e-07,-1.500748295978422e-06,-2.0167633231749058e-05,-9.767748514910692e-05,0.00019957212718445607,-8.437459646079132e-05
1995-08-01,5.556806359122255e-06,4.542073265649337e-05,1.0113707759760236e-05,-2.2272552308261848e-06,9.021308087712276e-07,-1.759113487871759e-05,-0.00010162613350276374,0.00014662547127252925,-9.715596555522769e-05
1995-09-01,4.198044283439434e-06,4.199855885425848e-05,1.0425781908094869e-05,-1.6714795823733067e-06,1.2192825032336065e-06,-2.464063289464778e-05,-6.936642148137867e-05,6.972202639732594e-05,-7.944913362970995e-05
1995-10-01,3.521253628370608e-06,3.885667195622269e-05,9.012615541080073e-06,-1.6052204715868565e-06,1.9463818265213323e-06,-2.42435441373584e-05,-3.1725951745366896e-05,0.00012205610373866451,-6.574061859059944e-05
1995-11-01,2.125526047835141e-06,3.6802984835153035e-05,7.654338661768378e-06,-1.6931250338646004e-06,3.875198559619083e-06,-3.1580965522663285e-05,2.4730613814254906e-05,8.604641749462421e-05,-6.579856521214157e-05
1995-12-01,-1.034466120688515e-06,4.562739729350046e-05,9.009142341216604e-06,-2.518546612304813e-06,5.2430639810882485e-06,-2.711776197387298e-05,8.859606884247811e-05,5.830654195352558e-05,-1.9341930912933724e-05
1996-01-01,7.867926897018777e-07,5.073189731872215e-05,6.988665502026469e-06,-3.905085739901024e-06,4.570711531897784e-06,-3.1176390342567217e-05,8.907882269287872e-05,0.0001043060903382565,-3.3107338363459586e-06
1996-02-01,2.2147095185518705e-08,3.7933438768764496e-05,8.830451886512715e-06,-3.825405367680438e-06,5.483551091749615e-06,-2.5974508551045858e-05,0.00011808442766986014,8.986178503634673e-05,-1.1086359868028221e-05
1996-03-01,1.1426215754944738e-06,3.3455856077772335e-05,1.05055918345826e-05,-4.412046090265386e-06,5.70568898508588e-06,-2.579103741890029e-05,4.5313927563167094e-05,7.551647497326626e-05,-2.1948837437751008e-05
1996-04-01,3.1689488183360808e-06,4.874462559891895e-05,9.871313681550511e-06,-3.0418516486924935e-06,3.7664122722243436e-06,-2.204382544515051e-05,-9.808421330413766e-06,7.088169788262231e-05,-4.6508656234580764e-05
1996-05-01,3.6466471533952046e-06,4.697492918348318e-05,8.02936349650332e-06,-1.9361523932651605e-06,2.624265310050865e-06,-1.967652212081815e-05,-2.763656388685193e-05,8.474103131872265e-05,-6.840460315018601e-05
1996-06-01,6.2068794818234e-06,5.036397093463337e-05,5.4344551197067505e-06,4.2798697415091606e-07,-7.169439693002142e-09,-1.536048981957645e-05,-8.624174527379047e-05,5.654538738670814e-05,-7.717918113732747e-05
1996-07-01,6.62392573134734e-06,4.276355757759954e-05,5.4704901324407694e-06,8.702554526844481e-07,-1.1225738129367845e-06,-1.3890441102482305e-05,-6.0152000058689926e-05,4.645687259328706e-05,-5.369931040045359e-05
1996-08-01,6.612835065452537e-06,5.0588968767253826e-05,7.661661934013161e-06,-6.102296491582271e-07,-6.156021858927008e-07,-2.389790223732206e-05,-6.798162349336997e-05,0.0001034421318902918,-8.207494567579406e-05
1996-09-01,3.951749912010198e-06,5.5557116944978085e-05,9.376455923515e-06,-1.6101023503382693e-06,2.054318975447895e-06,-2.237674321531318e-05,-2.248881146772894e-05,6.349305323909091e-05,-6.0727972357333055e-05
1996-10-01,3.3649462407851125e-06,4.7021667666450226e-05,1.0333432270652996e-05,-3.026936698652063e-06,3.1652251414633438e-06,-2.8853662482719768e-05,-1.4748221344209727e-06,0.0001176164501772126,-8.661972709477503e-05
1996-11-01,3.725984477550622e-06,5.6494133297462076e-05,1.1018017804035046e-05,-2.9116684124724095e-06,2.452693019001685e-06,-2.542484218798727e-05,2.6649787620765275e-06,0.00012191824328270348,-3.809406093409126e-05
1996-12-01,1.1634547433655189e-06,5.292800400814772e-05,9.780862049482468e-06,-5.267677054922693e-06,5.26869463103803e-06,-3.0398794127049173e-05,0.00012027132249127078,8.754889627460791e-05,-3.4251245754081644e-05
1997-01-01,-5.261506098814023e-07,4.645508851450641e-05,1.0825757240055107e-05,-5.0649717488240405e-06,6.339359162023141e-06,-2.8367699097580354e-05,8.352823028464262e-05,0.00011587998972223926,-1.4065428291102733e-05
1997-02-01,1.9491106882403154e-06,4.6507259729709386e-05,7.951372690270229e-06,-4.3588110775189465e-06,5.262424322717177e-06,-3.06110850027793e-05,0.00010667858159172766,5.238048488965549e-05,-1.3243174798588928e-05
1997-03-01,-6.178373314405057e-07,1.115978595296513e-05,7.625892176316891e-06,-7.608173008926556e-06,4.0772529547416495e-06,-3.0621521290840386e-05,0.00011849358118058671,-9.583160711505755e-07,-1.1804231186689771e-05
1997-04-01,3.1978900770549074e-06,5.2483348830937455e-05,1.1279609276394436e-05,-4.001924554016776e-06,3.98837452730222e-08,-1.588658877352073e-05,-5.6137398658058965e-05,0.00014234872119554072,-5.4590778993568725e-05
1997-05-01,3.2288165047055624e-06,5.31976170639247e-05,7.967868969474109e-06,-1.8520360895982555e-06,-8.295005265937255e-07,-1.334961846501743e-05,-3.859599081776451e-05,4.5684992164900244e-05,-4.047542737208177e-05
1997-06-01,3.6113213789256455e-06,5.6848332742205705e-05,1.1060245664990482e-05,-2.0943801727535407e-06,-2.023949471158218e-06,-2.5277686654604265e-05,-8.200901747608252e-05,0.00015927343891644982,-6.180507451717194e-05
1997-07-01,6.1431388817861605e-06,5.052816880954458e-05,9.683246681136952e-06,-6.191572070587771e-07,-2.863607658802679e-06,-1.9303184173544143e-05,-9.94231717996784e-05,0.00015044400260398017,-6.93521869306022e-05
1997-08-01,5.583879470547068e-06,7.611609364204838e-05,1.0218040022909934e-05,-2.0577632978846e-06,-4.031497158294754e-06,-2.0165156973384436e-05,-5.756655353790438e-05,8.435048377715643e-05,-5.470824377821355e-05
1997-09-01,5.342565740818508e-06,4.451036977830873e-05,7.6219929473967544e-06,-1.933342831338438e-06,-3.296281833895071e-06,-3.015916816134751e-05,-6.121775059394782e-05,0.00011006548288232023,-5.716521552370122e-05
1997-10-01,4.033238780967066e-06,6.997705396955862e-05,9.517126529937695e-06,-3.958148746190545e-06,-1.2770206928357438e-06,-3.577988721944964e-05,-5.381746916132358e-05,0.00010715822946236071,-2.021275202084878e-05
1997-11-01,2.704776208633917e-06,5.345252884716672e-05,9.599141065717315e-06,-3.240795295853814e-06,2.112946349427385e-06,-3.040021554785009e-05,-3.7166835937919095e-05,0.0001282725245022687,-2.5322470152898844e-05
1997-12-01,8.909118188967614e-08,5.489358386873756e-05,7.587755448101946e-06,-4.085969929312098e-06,4.6825191726792215e-06,-3.560197825642964e-05,6.9882737801735e-05,0.00011973675015141114,-2.5381202545221256e-05
1998-01-01,-2.250871174670119e-06,3.042139166817421e-05,7.318636640706978e-06,-4.608721220318256e-06,7.29153229859938e-06,-2.144183617744708e-05,6.718624895265881e-05,8.532768535777593e-05,1.0210119830106652e-05
1998-02-01,-1.2440883017532392e-06,5.308683077996504e-05,8.96084516559749e-06,-4.451486042520778e-06,4.4814381936899845e-06,-2.6516560623651738e-05,6.947679037106774e-05,-2.1160717390839984e-05,-3.4337862508911135e-05
1998-03-01,-1.4148238701802634e-06,4.681263650611e-05,1.0110846055502077e-05,-4.717320380587934e-06,5.321763795410068e-06,-2.362830838445324e-05,5.949595209921743e-05,3.314166186307514e-05,-1.6196426103794026e-05
1998-04-01,1.044344075857494e-06,5.277089014600283e-05,7.442198296308967e-06,-2.9210253402993555e-06,2.9797990278131214e-06,-2.4669302220416028e-05,1.2134871364206927e-05,2.1950233259822385e-05,-8.653259528657167e-05
1998-05-01,5.288396328757812e-06,4.03719112619687e-05,8.55261631287584e-06,-8.09956759289778e-07,6.799373269207721e-07,-9.144225898306665e-06,-2.925164126042894e-05,4.948027669552819e-05,-8.682000162424274e-05
1998-06-01,4.551418796738505e-06,4.8116250440359556e-05,8.676083585257694e-06,-9.863853717651697e-07,2.4825667898311946e-06,-1.8030325025673522e-05,-4.918718995525039e-05,7.940537294515969e-05,-8.70986986789541e-05
1998-07-01,4.343304393580158e-06,3.5595412103250275e-05,8.955132547843235e-06,-2.9416088349857006e-07,2.6924182999582406e-06,-2.5224504470086257e-05,-7.928647186407648e-05,0.00011177777770647525,-0.00012485344030938267
1998-08-01,4.482588263097891e-06,3.595728308182734e-05,9.380094997090516e-06,-1.1827408824111333e-06,2.690873382786058e-06,-2.7702935659387568e-05,-7.453991265102378e-05,0.00010805891388267064,-9.635666646514685e-05
1998-09-01,4.5730305152355174e-06,4.3378090564596855e-05,9.346493423042313e-06,-1.4488280761870676e-06,2.392183664159907e-06,-2.9828036124454122e-05,-4.807240173640498e-05,4.607494705827385e-05,-0.00011306107118190856
1998-10-01,3.924798460501577e-06,5.146831430421783e-05,1.0339988520845677e-05,-2.526736323384e-06,4.657617307842812e-06,-3.220966054848215e-05,3.053758625811594e-05,7.03999743647991e-05,-7.199680202678267e-05
1998-11-01,1.7693762751740932e-06,3.573308711699602e-05,9.2533057093813e-06,-2.0156355312984e-06,4.068982579443854e-06,-3.304304934436498e-05,4.772100153766278e-05,9.131967203407002e-05,-3.572263849950816e-05
1998-12-01,1.1241907789891377e-06,5.254710241738975e-05,1.0232843518223653e-05,-4.11564156351035e-06,6.6344034096863105e-06,-3.0737954303153726e-05,7.015611444192668e-05,0.00010675252143871116,-2.3181271037497297e-05
1999-01-01,2.2157530602549852e-07,3.009688130709981e-05,8.163797996184355e-06,-1.897463085613309e-06,5.918475790459155e-06,-2.846520875703142e-05,7.657132674421707e-05,3.60966021346236e-05,-4.088959925665369e-06
1999-02-01,-1.6253114438536578e-06,2.615713357842946e-05,6.9182362448789405e-06,-2.9992833728493484e-06,7.0241147057267065e-06,-2.4182021373060612e-05,0.0001443237185048682,7.620184126455022e-05,-6.478111451111037e-08
1999-03-01,6.66710942096863e-07,2.6772311262625507e-05,9.825649541870126e-06,-1.586343531763949e-06,3.7160770948023596e-06,-2.7371442162437048e-05,3.380739861929633e-05,3.556647079423203e-05,-4.9166188445022116e-05
1999-04-01,3.7346270903535647e-06,3.544810464514715e-05,9.070192284747472e-06,-2.2924929884634715e-06,1.548501051099003e-06,-1.8540778143184113e-05,5.578375236643817e-05,1.802394280309248e-05,-2.0506966891731864e-05
1999-05-01,3.566158898125346e-06,5.571434556456013e-05,8.374546971152668e-06,-2.3215777085943257e-06,3.117009855004722e-06,-1.590985257218892e-05,-6.42668993531459e-05,7.768781547625388e-05,-5.338314228904604e-05
1999-06-01,4.2532491396435196e-06,4.492555456541537e-05,1.0230738919494365e-05,-1.3054350607604056e-06,1.6183745317504245e-06,-1.8454799208878134e-05,-5.862019734867194e-05,0.00010658800582063121,-9.772139984906907e-05
1999-07-01,5.27890618567453e-06,4.779160661614489e-05,1.1891337714503327e-05,-8.129404392105758e-07,4.929043715815246e-07,-1.7800409419837428e-05,-8.870113476937596e-05,8.969609356542679e-05,-6.721475089744454e-05
1999-08-01,5.957773298149054e-06,4.815199820148201e-05,9.966228669988063e-06,-1.1876543988519458e-06,1.0293995253140824e-07,-1.26198414543963e-05,-0.0001078019276095453,0.00010802578627411747,-5.952784646176662e-05
1999-09-01,3.5476929975651123e-06,4.8377579033611845e-05,1.0230112767827569e-05,-2.205860346533669e-06,2.256937030111478e-06,-2.1597539253367807e-05,-8.37612745520908e-05,0.00012762458128253346,-7.100599321054793e-05
1999-10-01,3.3849477475933767e-06,3.5881877280041916e-05,9.429594127241605e-06,-1.652991643627552e-06,3.1573013972705865e-06,-2.9344325641413254e-05,-2.5350439592582204e-05,-3.4591137077937185e-07,-9.388196377774822e-05
1999-11-01,2.3911302619776457e-06,4.9159027001421445e-05,9.821602509324948e-06,-2.453688352132825e-06,3.296058475875857e-06,-2.6071228244681576e-05,4.234572611681525e-05,7.024187983166307e-05,-3.9238274252234345e-05
1999-12-01,2.116460304662828e-06,4.411377197111925e-05,7.610806780397083e-06,-2.3621218471958e-06,4.300701684285896e-06,-3.052534622829115e-05,5.94223811118531e-05,7.88043042082907e-05,-2.465163009842967e-05
2000-01-01,2.0787178769892664e-06,4.472783567846639e-05,9.33992528915643e-06,-3.974387379713255e-06,4.312084327162867e-06,-3.2347862269136986e-05,6.0395615190382624e-05,0.00010199419718794513,-1.8378224861945205e-05
2000-02-01,1.3756454857896386e-06,2.3354436027744916e-05,7.917894563810205e-06,-1.6343177939191021e-06,5.916527585736519e-06,-2.837200945065019e-05,3.927807046529812e-05,9.720024865249099e-05,-1.2013150335880052e-05
2000-03-01,1.253614927741793e-06,3.4667567721466604e-05,9.442543250892058e-06,-3.281722434769352e-06,4.6449190343509965e-06,-2.9085812653961058e-05,7.769411519982805e-05,8.144870346457027e-05,-3.388805835900269e-05
2000-04-01,2.1628182611826105e-06,2.775439115498284e-05,7.46376465644717e-06,-1.8772112577823434e-06,4.441775521553369e-06,-2.3513756576678633e-05,5.610926120574128e-05,5.336986204262464e-05,-5.4667206716878665e-05
2000-05-01,3.545660912052949e-06,5.051420441255411e-05,9.173775072891588e-06,-2.9890463591232257e-06,2.486298948730436e-06,-2.150276427963212e-05,-5.575562302555931e-06,4.260563474284863e-05,-5.9026074208778974e-05
2000-06-01,4.659294074736748e-06,4.9473782083057935e-05,1.3000602371676066e-05,-1.9522365990605997e-06,3.9158200933669623e-07,-2.4655091256628102e-05,-0.00011029312384087084,0.00013852489073374181,-8.123937859911015e-05
2000-07-01,4.2435887714586e-06,4.973592789502974e-05,1.1706116096658621e-05,-1.2205832394674435e-06,1.9345503038166647e-07,-1.8235262505653598e-05,-7.04268089611615e-05,0.00011423286580198685,-6.300626005166023e-05
2000-08-01,5.6691397468887904e-06,5.282979760653101e-05,6.774754703010361e-06,3.136459406833047e-07,-2.581712779385573e-07,-1.9120612443055214e-05,-7.734782037621209e-05,0.00010386343426395413,-7.712222279807308e-05
2000-09-01,5.760036609846912e-06,5.078984839811895e-05,1.0330514584042631e-05,-1.5443288062926063e-06,-7.73226326018017e-07,-2.2956513577489013e-05,-7.095857468106063e-05,7.86851331323673e-05,-8.67665192635161e-05
2000-10-01,4.392678928135583e-06,4.2405534590946324e-05,7.852096878650905e-06,-1.3213721856651495e-06,2.352689561111097e-06,-2.7409224495090098e-05,1.1900192946855858e-05,7.252954207171695e-05,-6.89845958723442e-05
2000-11-01,3.592492867073758e-06,4.479028245778855e-05,8.848372546264638e-06,-1.9054230033765302e-06,1.5763688311372773e-06,-2.926239860029832e-05,4.2363923051985406e-05,0.00012716444126316986,-2.202001433761792e-05
2000-12-01,4.5269207626651095e-07,5.1930942713555547e-05,9.84425162376275e-06,-3.4131334076858978e-06,5.860353761387042e-06,-2.9659185905652975e-05,6.557630243121794e-05,0.00013161999343141545,-4.044721593755442e-06
2001-01-01,2.0002229707559354e-06,3.729983178227583e-05,1.0162215811676791e-05,-2.514269675869403e-06,5.851407271336889e-06,-2.633346877550218e-05,2.365543609518712e-05,0.00013218079674216733,-3.8936771646840305e-05
2001-02-01,7.897809707094043e-08,3.0354771089507567e-05,8.161937470021417e-06,-4.141178188417752e-06,7.400702725500319e-06,-2.827502103107237e-05,0.00014363093733228853,7.57919323306026e-05,-2.1889415929538227e-05
2001-03-01,7.535507702202913e-07,4.6530733830159185e-05,7.800009134822142e-06,-2.5018936993126537e-06,4.413118964739173e-06,-2.7625791755458505e-05,5.18403975477932e-05,3.0133431267761904e-05,-2.2107243252592653e-05
2001-04-01,1.629412249357464e-06,3.491293585073673e-05,8.094775647099252e-06,-2.8784409289507077e-06,4.5349348800640966e-06,-2.7267176815340857e-05,3.2292762991953494e-05,6.065766875490888e-05,-7.130780600336166e-05
2001-05-01,3.4584431680062355e-06,6.32211245959238e-05,8.8079380188409e-06,-2.7380382855396893e-06,1.7090860760949757e-06,-2.2295211963279278e-05,-4.0527858180455166e-05,0.0001262142222411116,-5.352173153830983e-05
2001-06-01,4.942497321544171e-06,2.8568612332979692e-05,1.1090574869029945e-05,-2.806023368931601e-06,9.864398718350035e-07,-1.3079299924699263e-05,-7.525711007786998e-05,0.00013877244095285746,-8.885711163900652e-05
2001-07-01,5.804337370660682e-06,3.761791575609278e-05,9.379405164388914e-06,-3.0571781919584433e-07,-1.8505413544721967e-06,-1.807335041061312e-05,-7.520975631198859e-05,0.0001500710494921582,-5.531170388862656e-05
2001-08-01,5.4305157829358865e-06,5.61525990762255e-05,8.431474567550057e-06,-4.1082421020403985e-07,-1.2219909494708332e-06,-1.5197491604840995e-05,-5.590836133873212e-05,0.00010052006887386688,-5.075627161083639e-05
2001-09-01,3.852853284619584e-06,4.7683151805982346e-05,9.962647010129027e-06,-1.5061906473401923e-06,4.882522600763183e-07,-2.637244852986874e-05,-8.059861486929128e-05,3.59295322116446e-05,-9.7939563935058e-05
2001-10-01,2.8450921032870696e-06,5.372901767656463e-05,7.142209861164739e-06,-1.0227861313677772e-06,1.8697202713574695e-06,-2.797179237262701e-05,-2.3167967608335894e-05,5.2503350270132725e-05,-3.3898330957059914e-05
2001-11-01,2.165050946097316e-06,3.398071759194138e-05,9.352271611496664e-06,-2.6293405862206453e-06,3.1765754533966876e-06,-2.948001246388193e-05,3.3514490151693475e-05,0.00011716018220458895,-6.184652358025901e-05
2001-12-01,-5.919513213294322e-07,4.8182042972926196e-05,1.0227232890718575e-05,-4.48354780476216e-06,4.5605745778903456e-06,-2.611395652592033e-05,0.00013044764891090828,4.4055438436891926e-05,-1.7902228842324802e-05
2002-01-01,1.3242444583143683e-06,4.711556606254866e-05,9.515923809983134e-06,-4.527707069596937e-06,4.2049821989938e-06,-2.963206958895178e-05,8.021298615708181e-05,8.297016863594744e-05,-7.179549284999125e-06
2002-02-01,1.8927133883932064e-07,3.361768160013993e-05,9.08097643863106e-06,-5.011137757930944e-06,4.0516912521237385e-06,-2.7019866454402055e-05,0.00011983691227206771,4.562979856173981e-05,-5.2004673829912954e-06
2002-03-01,1.2872833371695779e-06,4.571235616070787e-05,9.570361540598791e-06,-4.794638424923757e-06,4.482454199718238e-06,-2.423623719920664e-05,0.00010040131308055488,0.00010463012056347761,-3.5690169334864116e-05
2002-04-01,2.4428473847973376e-06,4.3439672610734404e-05,8.683337563473284e-06,-4.030549424491176e-06,3.3379328971309484e-06,-2.5525305705618077e-05,2.538226833350582e-05,0.00011640312059593446,-6.530873694525485e-05
2002-05-01,4.387911161573798e-06,6.056352269092176e-05,6.664281260825863e-06,-1.8504954019326327e-06,4.7419819885972094e-07,-2.2243943686912658e-05,-4.922235328021682e-05,8.439104795020946e-05,-5.225017943798949e-05
2002-06-01,5.73511486124097e-06,5.1252988833468026e-05,9.255979697365832e-06,-1.4082015941391702e-06,2.9981301665410734e-07,-1.3442909043035732e-05,-6.147743736572685e-05,0.00011617476499185663,-6.469978866771397e-05
2002-07-01,6.121355005800437e-06,7.460728739014234e-05,1.2305731333645061e-05,-2.1788100172666752e-06,-1.9080875965889343e-06,-1.5987753330074307e-05,-7.361411484171508e-05,0.00011503298697146749,-5.1531282165892626e-05
2002-08-01,5.5987871827654865e-06,6.765261065321443e-05,1.3298149593864641e-05,-1.8045141016130116e-06,-1.3726885100161557e-06,-1.4798259383945473e-05,-8.538711487417192e-05,0.00013345367236707885,-4.7564660746911104e-05
2002-09-01,4.817866754654582e-06,6.669390296952438e-05,1.1342398508271913e-05,-2.1985006276524026e-06,7.575620552333334e-07,-2.2582361591653218e-05,-6.286448622012551e-05,0.0001495823441069461,-3.284841070634004e-05
2002-10-01,4.723374321439769e-06,5.53914180970137e-05,1.0138934869922302e-05,-3.2176381658103896e-06,2.9510782086180434e-07,-2.3797230093765597e-05,-5.546407312501076e-05,0.0001535743383708252,-2.731713051867712e-05
2002-11-01,4.0942078371906155e-06,5.5411859832490054e-05,9.269503696554739e-06,-3.78950187503103e-06,1.6853270257431834e-06,-2.8547522294062085e-05,-3.587623686411271e-05,0.00014464309696689238,-5.567551349915689e-05
2002-12-01,1.331372851660364e-07,5.651151546138548e-05,9.944737536112774e-06,-5.309392872385292e-06,3.638182696339707e-06,-3.405111629945629e-05,2.6574792043690027e-05,0.00010068041437442779,-3.428620525053376e-05
2003-01-01,5.037089690770865e-07,3.675080724733762e-05,1.0750641318605472e-05,-5.939704404226587e-06,5.7778028118894855e-06,-2.796094243844149e-05,6.9801144128312e-05,0.00012516071990587897,-2.452288914163817e-05
2003-02-01,-1.5877503118741758e-06,4.217179165799308e-05,8.448672541894941e-06,-4.5355723071883656e-06,6.4261246479619486e-06,-2.7723217583405668e-05,8.796776883837791e-05,9.564429667953385e-05,-1.584771797273003e-05
2003-03-01,5.026828278472268e-07,3.508686945430897e-05,8.524088819120141e-06,-4.4926321068206015e-06,3.6247840204029688e-06,-2.443656760343056e-05,6.934089981204361e-05,4.576709043558213e-06,-3.41446005081549e-05
2003-04-01,2.3650282870656205e-06,4.071773524093786e-05,9.088674390163684e-06,-3.62126422201039e-06,2.675506330657781e-06,-2.3069289625489402e-05,-8.006196886119364e-06,4.146572518522166e-05,-6.958341286082168e-05
2003-05-01,2.719377200165503e-06,4.469435788436424e-05,8.016484370310817e-06,-1.4831036859278506e-06,2.5841468700675203e-06,-2.1318707056066875e-05,-3.9250707262226966e-05,7.167685681348134e-05,-5.996170149430495e-05
2003-06-01,4.383416005133075e-06,4.6941852028634044e-05,8.330539327716523e-06,-2.187478716864929e-06,4.565651784827577e-07,-1.2609383600451462e-05,-7.111177134503373e-05,0.0001680850152891752,-5.5489516156979933e-05
2003-07-01,5.497346475040855e-06,4.072412691746097e-05,9.60881955563994e-06,-2.0083937301898735e-06,5.910707967932197e-07,-1.2430397280743233e-05,-9.224827447328441e-05,0.00012110535960970269,-8.148897809863257e-05
2003-08-01,6.622097894972236e-06,4.89551905472538e-05,1.1076048960869003e-05,-8.515972976199345e-07,-3.1303729729346982e-06,-1.623629683941133e-05,-6.041326195554941e-05,8.129856817999808e-05,-6.30357861727769e-05
2003-09-01,6.263834857505048e-06,5.6994146251608565e-05,9.385132234289639e-06,-1.609909075650519e-06,-5.057448781111183e-07,-1.8949927300083265e-05,-4.9810274971328366e-05,0.0001290337192465527,-6.256685800148458e-05
2003-10-01,3.2689982742976375e-06,4.170838896721317e-05,9.350789843183913e-06,-1.3721189544469743e-06,1.0498515247367347e-06,-2.174612852688623e-05,-2.8916919783747788e-05,0.00013647578300206246,-4.457391039189732e-05
2003-11-01,3.216133514007836e-06,5.620190343711981e-05,8.98366333525796e-06,-2.976298647547861e-06,1.8742097199880868e-06,-2.3711313315889808e-05,-3.0323704297624792e-05,0.00014458650359441502,-4.857716755793001e-05
2003-12-01,1.5985048550744662e-06,3.9876464534987566e-05,1.0149913769405433e-05,-4.654759256980327e-06,5.889086240473682e-06,-2.8759328443289574e-05,4.6667354344556964e-05,0.0001490239535116443,-3.6688970030167e-05
2004-01-01,-1.0401183669948704e-06,3.940835658068524e-05,9.25411882073893e-06,-4.104682715994367e-06,5.8227605206055535e-06,-2.636591215438853e-05,6.34191985865286e-05,6.498681668445625e-05,-2.2622664811026055e-05
2004-02-01,1.6513551339782764e-06,5.028147535115194e-05,7.916276032859998e-06,-4.1150945578684055e-06,5.821443460740083e-06,-2.7680407049607656e-05,0.0001157617011783503,-2.5244218240328808e-05,-1.2951258240760527e-05
2004-03-01,9.414665245779089e-07,3.293455550907018e-05,9.07889706029923e-06,-5.211678636807346e-06,5.078488541081196e-06,-2.59111888515033e-05,0.00010671025656771717,4.384611386099119e-05,-1.679502239048144e-05
2004-04-01,1.5676059914949523e-06,5.658078815220454e-05,8.777484917042212e-06,-5.245702094279176e-06,4.371060165953472e-06,-2.7539065178119224e-05,1.3264276052266929e-05,0.00014138384331001532,-4.132780279307807e-05
2004-05-01,4.915992346839981e-06,5.060124009149603e-05,8.348866090086878e-06,-1.912525890949674e-06,1.1044955508476724e-06,-2.3733101887795633e-05,-8.000038319653634e-07,-1.8203221698789333e-05,-9.405113916010256e-05
2004-06-01,4.955166605228939e-06,6.870986459601983e-05,1.329300407197157e-05,-3.055578491041465e-06,1.5310780012450976e-06,-1.0610854474296664e-05,-8.942799426112946e-05,0.00017857270428853634,-4.3905073225264225e-05
2004-07-01,5.404233606724889e-06,5.8030782867679766e-05,9.417160594554976e-06,-1.9616443650421927e-06,-1.5443286310354424e-06,-1.8024266527066895e-05,-9.224439287774525e-05,0.00011762158705724752,-5.7065979968317875e-05
2004-08-01,6.46619598291505e-06,6.889238685281567e-05,8.600883342711622e-06,-1.5917704086382173e-06,-2.1217948730770106e-06,-1.9618520201356056e-05,-5.3789038181689455e-05,4.959404688672593e-05,-3.1133856856836666e-05
2004-09-01,5.5134756343282695e-06,4.7253286852384e-05,1.1131353291630145e-05,-2.4820000945427167e-06,-6.593881886969131e-07,-2.285576752172589e-05,-8.24755637138232e-05,8.972329887378924e-05,-6.959806815231579e-05
2004-10-01,3.959558439807712e-06,5.416522286041148e-05,1.0148283339651687e-05,-3.823539683082189e-06,1.961085800037466e-06,-2.7508948391430525e-05,-4.301941328293221e-05,0.00014435080411682755,-4.825366354211439e-05
2004-11-01,2.1685053040856205e-06,6.098283237079027e-05,8.678684604188266e-06,-3.8141613022183247e-06,2.52315517469736e-06,-2.9941523306970026e-05,-9.399761872009161e-06,7.053990452287794e-05,-4.580924210127804e-05
2004-12-01,2.1125529847657182e-06,5.408349963084247e-05,8.616720426343903e-06,-3.656459071406418e-06,4.523579189568148e-06,-2.727925561729746e-05,1.1909216340498966e-05,0.0001224130073452637,-1.9071168442274703e-05
2005-01-01,2.186111562050928e-08,4.370447080705965e-05,8.99925706784313e-06,-5.678432554878153e-06,6.979831346176304e-06,-2.9185731172631466e-05,0.00013463959593445856,0.00010587501755741476,-6.733133303392025e-06
2005-02-01,-2.1292608476242523e-06,3.328749259499115e-05,7.293327136039902e-06,-4.8987280075527905e-06,6.406659377591454e-06,-2.238537250791565e-05,0.00013098090711642882,-1.8098245853516095e-05,-9.655117811908993e-06
2005-03-01,1.0109377649347412e-06,3.759283195583414e-05,1.0104792004119446e-05,-4.4874284460632205e-06,2.8123636977212493e-06,-2.669236230965164e-05,8.404704829690702e-05,9.421191225288105e-05,-3.9553724171011764e-05
2005-04-01,2.7243015448025845e-06,4.243114652604304e-05,8.365999301470364e-06,-6.503053802874332e-06,3.908340183917625e-06,-2.2220393790375133e-05,4.3950467675784686e-05,7.020694036988047e-05,-4.927159899537131e-05
2005-05-01,2.9847924242781574e-06,5.9830501192763e-05,1.0797691158802091e-05,-1.558350035933077e-06,6.138586652912322e-07,-1.921562512585824e-05,-8.400431003711972e-05,0.00020892256754757825,-5.712701910467045e-05
2005-06-01,5.831939156850145e-06,3.967598409424514e-05,7.0868325896148265e-06,-7.045437357324502e-07,-9.145891383721241e-07,-1.595901101808141e-05,-7.151344708144805e-05,0.00013681659855695134,-5.890669805461705e-05
2005-07-01,5.586378408410447e-06,4.658892810455135e-05,1.055684216103504e-05,-1.9018002215587137e-06,-8.873956337111649e-08,-1.5819520944697125e-05,-7.834244770333614e-05,8.830172262375607e-05,-8.6562081179136e-05
2005-08-01,5.24935010810762e-06,5.4379139528997055e-05,8.901425640092984e-06,-9.855308845115428e-07,-1.2467756676354755e-06,-1.5706578783820386e-05,-7.34255672555767e-05,9.329310126011793e-05,-4.653999874661607e-05
2005-09-01,4.891670729113292e-06,6.316475033559546e-05,1.1186215679921454e-05,-2.94977391145195e-06,1.3482911413070048e-06,-2.9785945518398504e-05,-3.693800999341585e-05,3.655859185112278e-05,-6.475894464816237e-05
2005-10-01,4.724494787401244e-06,4.155672164007769e-05,9.531253745218755e-06,-2.2439206505849893e-06,1.528771534896717e-06,-3.367770023435969e-05,-2.1674158906432036e-05,8.220114873486939e-05,-7.014764695707041e-05
2005-11-01,1.7648315870958781e-06,3.993091606904617e-05,1.1228943489507944e-05,-3.5732681082243363e-06,4.006842074280872e-06,-2.8376829708413032e-05,2.1948669308537962e-05,0.000135674292998381,-4.2608149903710805e-05
2005-12-01,2.3468725927493904e-06,5.155282273435266e-05,8.575733652473406e-06,-4.333280181432525e-06,5.4914698195353635e-06,-2.664087488111834e-05,4.279160696419156e-05,9.469201169054105e-05,-5.156448768902344e-05
2006-01-01,6.079963354893681e-07,4.501736897712402e-05,9.849870199209937e-06,-4.090406379853563e-06,6.799163954836092e-06,-2.6244807649334077e-05,5.888915526948293e-05,9.216172405776146e-05,-1.536623476080223e-05
2006-02-01,1.8858025621855307e-07,3.446663453496203e-05,8.817203162286697e-06,-5.795374510452591e-06,6.1081998686845315e-06,-2.4053075918425912e-05,0.00010549550926443805,5.010017483484332e-05,-1.2784361232718967e-05
2006-03-01,1.7235296512250376e-06,4.363013889882855e-05,9.826250107846162e-06,-3.9700892661158e-06,4.254646950726251e-06,-2.8168366365613952e-05,9.006616232435142e-05,9.646779394877704e-05,-1.5171710042932946e-05
2006-04-01,2.6430893390611656e-06,5.0301938308057e-05,1.087420890046622e-05,-2.926691620563958e-06,2.921209355413985e-06,-2.1976985859490402e-05,7.254125365085472e-05,6.819097359668703e-05,-2.8364022727522787e-05
2006-05-01,4.666472677328333e-06,4.915094793020636e-05,7.130383603702075e-06,-2.3208975086815112e-06,-4.6923617665000836e-07,-6.1991722111596555e-06,1.6438556610826218e-05,3.396346528432291e-05,-3.777194544629195e-05
2006-06-01,5.86778210807491e-06,3.1200100787133406e-05,1.1886251037324928e-05,-1.8945712262892267e-06,-1.7499962429259414e-06,-1.4857686648919497e-05,-5.6004216730222407e-05,0.0001475924266178779,-9.897649531407404e-05
2006-07-01,5.051081268804714e-06,5.5482353910314434e-05,7.915530202349105e-06,-1.481323475229517e-06,-1.0100176647308151e-06,-1.501536023595175e-05,-6.554476993844791e-05,0.0001557447807031271,-5.1291413338207405e-05
2006-08-01,4.9054349688743975e-06,5.41323464083624e-05,8.224033790945507e-06,-1.82320713942169e-06,1.4109359657156169e-06,-2.163687314686437e-05,-8.792395452604634e-05,0.00010828074954302103,-5.513769753244104e-05
2006-09-01,4.350280399751552e-06,4.8512975500527584e-05,1.1041607199533527e-05,-2.6141370749439247e-06,5.912960214055824e-07,-2.22161315517801e-05,-8.118632566166467e-05,9.982776634833745e-05,-6.211406127784412e-05
2006-10-01,3.666077485339769e-06,6.0192325324596745e-05,1.2506912515176047e-05,-4.601141987742986e-06,1.6974300852491005e-06,-2.923379929318832e-05,-6.749001711714079e-05,0.00013713230201608848,-5.759578260369839e-05
2006-11-01,2.5106940012408196e-06,5.34848348885339e-05,9.471251613176811e-06,-4.750197020463082e-06,2.6404299241388976e-06,-3.174461740659216e-05,-4.157401947737347e-05,8.576893446596625e-05,-3.777194544629195e-05
2006-12-01,2.016623610594455e-06,5.2451542775640476e-05,9.87620381060474e-06,-4.539920503849568e-06,3.762004189967134e-06,-3.06649687446803e-05,-3.5886472970799436e-06,0.00016437460455041912,-5.738357382056827e-05
2007-01-01,-6.673523239270176e-07,4.415272256901454e-05,8.198268036493029e-06,-5.410136945534661e-06,6.725227561415607e-06,-3.4058379246312134e-05,0.0001022426678280785,7.893968162538845e-05,-2.1088117731437608e-05
2007-02-01,-5.48883812735778e-07,3.4642612876136314e-05,7.065661146855238e-06,-5.420533238525074e-06,5.674551854716023e-06,-3.6783800150528534e-05,0.00012231863537911613,9.409689044375587e-05,-1.778286832459361e-05
2007-03-01,2.83436737079508e-07,4.23527305328142e-05,1.064851374443335e-05,-5.135071074265487e-06,6.549402506334658e-06,-2.688101842482817e-05,8.240139254261559e-05,3.8523717724541634e-05,-2.45596074930637e-05
2007-04-01,2.707927834232065e-06,3.780674306026021e-05,7.3798145092717765e-06,-4.423546186527598e-06,3.398643804555448e-06,-2.33249778933046e-05,-2.82123639420512e-06,0.00010313254266838264,-6.597301352260308e-05
2007-05-01,2.8457229887845046e-06,5.8310831282708904e-05,6.659368153688644e-06,-3.231931011616566e-06,4.214782197749709e-06,-2.541903849454333e-05,-3.999062395460164e-05,5.1412234642353414e-05,-7.846059782005806e-05
2007-06-01,5.547311855574524e-06,3.064311556667143e-05,4.448574757483411e-06,8.178548013544888e-07,8.316193392523338e-07,-1.857887170883902e-05,-5.164700647814613e-05,0.00016594206024281747,-8.109110696337472e-05
2007-07-01,5.763091455977648e-06,5.5963392244528036e-05,1.0597848768506976e-05,-1.605059500774981e-06,5.0724443365993543e-08,-2.1055753869621084e-05,-0.00010722995804175931,0.00017183870341538234,-6.845683999993555e-05
2007-08-01,5.214994866536878e-06,5.445896010487548e-05,1.1159813920818257e-05,-2.7467453239057206e-06,2.556827046136671e-06,-2.869668097093796e-05,-7.700355000461498e-05,6.381180934021787e-05,-9.020498994319307e-05
2007-09-01,4.512871160962229e-06,6.357763006028912e-05,1.0575965059398e-05,-2.685504695396072e-06,2.388116781080641e-06,-2.334692155080177e-05,-5.4531765575835416e-05,5.3084417034573306e-05,-6.347940820087167e-05
2007-10-01,3.8250172453408575e-06,5.0198793444866825e-05,9.524835876260215e-06,-2.742849593228647e-06,3.914115093445035e-06,-2.6325053595622528e-05,-1.2903224969519191e-05,0.0001402236994735876,-6.175833158665703e-05
2007-11-01,1.1684545564444706e-06,3.4974157011260785e-05,8.68966015920569e-06,-4.56240014680982e-06,4.841668220456667e-06,-3.0500954816945275e-05,2.494090285440463e-05,0.0001247633464788528,-2.4872530513829998e-05
2007-12-01,2.0500130671871097e-07,4.610497227120999e-05,1.028110711224299e-05,-3.1229473180955946e-06,6.3541414180988385e-06,-2.7895197456813222e-05,3.4221026189005076e-05,0.0001089216185525591,-3.644090343778397e-05
2008-01-01,-7.965151596307131e-07,2.12328245508545e-05,8.87225649699395e-06,-5.75466386477006e-06,8.262084787621678e-06,-2.785548826780553e-05,0.00014518090399101856,4.5674745843694196e-05,-9.760854480775295e-06
2008-02-01,1.2585514775313962e-06,4.414613933486785e-05,8.210279946227931e-06,-1.4219958018991683e-06,4.4283805519743565e-06,-2.15703163262912e-05,8.609757168458982e-05,5.115875106827242e-05,3.622434287501577e-06
2008-03-01,2.437340080422567e-06,4.269220715766598e-05,9.346724745115953e-06,-3.520083463984594e-06,4.481703943179685e-06,-2.6710843790811175e-05,2.8867055622965753e-05,1.5202535817531018e-05,-1.6617928886771307e-05
2008-04-01,2.596470408491216e-06,3.9214428973494484e-05,7.661722036799e-06,-3.449417940802525e-06,2.8310154964406553e-06,-2.5344347087546553e-05,-2.7300785518288558e-06,0.00010252477285504585,-6.998565393802125e-05
2008-05-01,5.29029707319389e-06,4.861347780922597e-05,5.293434256855851e-06,-1.5904062362398283e-06,-8.744196191404848e-07,-1.4188752361100722e-05,-6.0142567637496226e-05,8.948061563157698e-05,-7.330252587626541e-05
2008-06-01,5.61234198337896e-06,3.927490462211181e-05,9.961278772119633e-06,-2.1792430413885073e-06,9.771620434787509e-07,-1.6836567776217022e-05,-9.008540159371521e-05,0.00012991998447465836,-0.00010137600058549392
2008-07-01,5.961359755810689e-06,4.059720570435711e-05,9.348038901954879e-06,-1.1478593773979386e-06,-8.97148240713547e-07,-1.825522692947961e-05,-7.846394255822138e-05,0.00013390684800142563,-7.567644668992143e-05
2008-08-01,7.004470332728143e-06,3.299233326280812e-05,8.147514908769094e-06,-1.2467977719650538e-06,-9.207751055346752e-07,-2.566742271477169e-05,-9.301351298059409e-05,0.000182898948974543,-0.00011428781379147672
2008-09-01,4.857638243202681e-06,4.5538889670644335e-05,9.441268509194576e-06,-2.0942651601447938e-06,1.927092182541853e-06,-2.542251583898956e-05,-3.960443042387973e-05,1.2960959021361034e-05,-8.511422943689544e-05
2008-10-01,4.912663233630848e-06,4.526328734955847e-05,1.0050731888828258e-05,-3.0545713175339996e-06,2.597939677551618e-06,-2.8249281593821503e-05,-2.902518052608855e-05,9.412919924577451e-05,-9.685148948768954e-05
2008-11-01,2.548910984338588e-06,4.2566576830320914e-05,8.043665527379938e-06,-1.2165678323385196e-06,4.070047894952729e-06,-2.6823720289253193e-05,2.4987721610405893e-05,9.53781959107991e-05,-5.067169888615073e-05
2008-12-01,2.184443657033975e-06,5.01305048542086e-05,9.259153495782754e-06,-3.5066794493362146e-06,4.39907892245976e-06,-2.8665635333246517e-05,4.289552147648713e-05,3.4491676366122905e-05,-2.609706913920968e-05
2009-01-01,-1.8223175126368642e-07,3.909261597652097e-05,9.501531382472486e-06,-3.858913319706987e-06,6.30697172221166e-06,-2.5356457352277177e-05,6.433179548492198e-05,4.997918190190109e-05,-2.7510723487626565e-06
2009-02-01,1.5428722588669675e-06,3.334360831465685e-05,8.532846597841722e-06,-2.6967702158736444e-06,6.479795817285071e-06,-3.002790997476256e-05,0.00010392548813953204,7.583628730899337e-05,-1.231948140410993e-05
2009-03-01,1.9900651632583226e-07,3.824213965074329e-05,9.915273855030403e-06,-4.602497362997457e-06,6.103323714597995e-06,-2.612746789375893e-05,0.00011013375354668044,4.7563078612005704e-05,-2.5168030687460853e-05
2009-04-01,1.9771016976154476e-06,4.417810113868099e-05,1.0639823261036175e-05,-2.5411565924604624e-06,3.462542749846208e-06,-1.9672946573372613e-05,6.330723254947742e-07,4.3282895631561906e-05,-4.096870617601508e-05
2009-05-01,3.357287088941376e-06,4.113557717949117e-05,9.473800389578697e-06,-2.5974145162332598e-06,5.274308490756222e-07,-1.9919181292378957e-05,-2.6310672184698403e-06,0.00013983902346516238,-6.808186528017217e-05
2009-06-01,5.09159787938642e-06,3.8088344140944994e-05,6.599024757561872e-06,-3.2676016905537735e-07,-1.145860873717257e-06,-1.8241886757668455e-05,-3.966465042683313e-05,0.00011449393994731946,-6.891390085020236e-05
2009-07-01,7.0623274589203695e-06,6.881178164829942e-05,1.1986101153074798e-05,-2.058682766161758e-06,-1.4646970841087535e-06,-2.0499176552834027e-05,-9.593905619214473e-05,0.00011867011848150949,-3.2440341583205556e-05
2009-08-01,4.997942679245918e-06,6.396968254049448e-05,1.1258994194772697e-05,-1.192763690434527e-06,-1.3056096691951361e-06,-1.7970478580365034e-05,-8.008237830945387e-05,0.0001598798802240628,-6.420169940070443e-05
2009-09-01,4.644522316960109e-06,6.166426902479761e-05,9.729763360300335e-06,-2.9618501138347774e-06,6.414970288555437e-07,-3.4519471838723135e-05,-4.388883101314029e-05,3.666661278141793e-05,-4.770499415645187e-05
2009-10-01,3.4474923337304847e-06,5.925069662174566e-05,6.6802084264358364e-06,-3.1470422203085914e-06,-3.4882194584364284e-07,-2.837141024675833e-05,-3.958464700663792e-05,0.00016035990074523407,-5.2417195605949816e-05
2009-11-01,3.048165756420935e-06,4.046127419271721e-05,6.657505822719097e-06,-2.6149065600557045e-06,1.6590483759083981e-06,-2.896006102401967e-05,-1.7127686957842126e-05,0.00018068876981683726,-7.018595523130622e-05
2009-12-01,1.5401554972631684e-06,6.418881399573861e-05,7.17142330380635e-06,-5.369775141597238e-06,4.1121627965692285e-06,-3.092451350347441e-05,4.545098831885213e-05,0.00012080620980072163,-2.74961302151415e-05
2010-01-01,-1.1256892988753832e-06,4.164103275568992e-05,1.0842404393205178e-05,-6.751855104238386e-06,6.383863251410737e-06,-2.9990262540880816e-05,0.00013952506489464184,9.716230387280907e-05,-1.7277927239679905e-05
2010-02-01,-1.9371660101283966e-06,4.520716653389779e-05,8.60063547584025e-06,-6.133455297817762e-06,6.006205484126632e-06,-2.7129375526191168e-05,7.344309995054209e-05,9.033728363063321e-05,-1.6095252251866043e-05
2010-03-01,-3.7159808264549517e-07,4.072667472680478e-05,8.433023046498893e-06,-7.022708913112077e-06,5.405454577896132e-06,-2.6548505655771822e-05,9.832855281912552e-05,7.016610467180782e-05,-2.1745810526976735e-05
2010-04-01,2.5327450214729227e-06,4.594883665454618e-05,1.014640375780585e-05,-4.883230594903857e-06,2.4614127804386047e-06,-2.040542437395488e-05,6.057329643731758e-05,5.6696750643927686e-05,-4.35595936355436e-05
2010-05-01,3.764149401960275e-06,5.6232973849228336e-05,9.229624645285531e-06,-2.4056304729100343e-06,1.940156440910231e-06,-2.1102699638082497e-05,-4.04468587717835e-05,5.670496366467639e-05,-8.774564526358944e-05
2010-06-01,4.355749543222194e-06,4.6918818704662184e-05,1.0848126519206397e-05,-1.7297415293826943e-06,1.5641539560740839e-06,-1.930795223215961e-05,-8.2817832814365e-05,0.00014859223980121482,-0.00010183097584762263
2010-07-01,6.004698917864409e-06,3.823122693158104e-05,1.054096223467592e-05,-2.613764966137375e-06,1.4009754033250684e-06,-2.45130253524516e-05,-6.044556429488603e-05,0.0001481405236600359,-0.00014141773585639233
2010-08-01,6.087619092695835e-06,3.604948121117153e-05,9.618407520644813e-06,-1.3780654086461613e-06,1.0989266425041477e-06,-2.1467713800339907e-05,-4.029081137755806e-05,7.727036761943973e-05,-0.00011473363144384197
2010-09-01,6.623506904140911e-06,3.75509947146547e-05,9.300107111938599e-06,-2.8916453399247137e-06,2.12307990107226e-06,-2.7714692288608847e-05,-1.3450659570782256e-05,9.423025546552052e-05,-0.00011700863819123391
2010-10-01,2.9678526919247207e-06,5.424848226934298e-05,9.774154810650368e-06,-2.9526457862543587e-06,4.368813713855769e-06,-3.215835896672978e-05,2.4082845250810578e-05,9.703089554082975e-05,-8.600448486486347e-05
2010-11-01,2.3133209994366586e-06,4.917641231089037e-05,8.466712586855247e-06,-3.6708571409201525e-06,4.54351803141465e-06,-3.281849184616216e-05,3.018511966710018e-05,0.00010114561893593215,-3.651282183315264e-05
2010-12-01,2.4636170750489647e-06,4.2804694312888784e-05,8.161350684398752e-06,-3.2987242359996405e-06,6.060900440815807e-06,-3.5941582367946713e-05,3.692800970178896e-05,0.00014459249869659433,-2.471071101726011e-05
2011-01-01,6.810943175021779e-08,3.4941777185518364e-05,9.985069520470093e-06,-4.607668815563592e-06,7.549701564623667e-06,-2.7002220233436668e-05,5.076222103013205e-05,9.139182719311645e-05,2.3121115735975028e-07
2011-02-01,7.232746989763254e-07,5.093747406023948e-05,8.68613073082569e-06,-3.294050956024256e-06,5.010374442150643e-06,-2.8811835858056156e-05,3.586780177438272e-05,-2.9338529344869894e-06,-2.8051259952136998e-05
2011-03-01,1.263533675511025e-06,3.772965598227657e-05,8.681556314453038e-06,-1.2048844157819416e-06,4.486057016617539e-06,-3.19155060810837e-05,2.4180760301547586e-05,8.896302132584369e-05,-3.8519667122229e-05
2011-04-01,2.7355632477015193e-06,3.8035603932116e-05,9.696367928066139e-06,-4.237900181811934e-06,2.271136175977975e-06,-2.1081092140699618e-05,4.941664565418652e-05,9.735805763362967e-05,-3.4135968727639146e-05
2011-05-01,2.5639076138078324e-06,4.087219755205751e-05,7.807251086309728e-06,-1.9450575484962054e-06,2.507796785350491e-06,-1.6350531970905936e-05,-6.581199786074695e-05,6.811929710600812e-05,-6.125904470188722e-05
2011-06-01,4.839293432465537e-06,5.436811265260246e-05,8.801097351069777e-06,-1.635311215805798e-06,1.507665798047156e-06,-1.8125001739019112e-05,-7.502791977524186e-05,0.0001135134248831896,-4.8107949518117634e-05
2011-07-01,6.031823243973843e-06,5.248572133397443e-05,1.0199460401360735e-05,-2.182353345860389e-06,7.340327232315498e-07,-1.922584281984071e-05,-8.579252278280615e-05,0.00010366279760268266,-7.978397865122545e-05
2011-08-01,5.817134408658323e-06,5.32554991094534e-05,1.1545586012526382e-05,-1.7804127391210144e-06,3.6103726838164403e-07,-1.8801460039090754e-05,-8.429461811901772e-05,0.00012407492217363005,-5.97188263470313e-05
2011-09-01,6.198387489433902e-06,4.0397932399866896e-05,1.2127551677320833e-05,-1.4865629756696587e-06,2.1182141059148343e-07,-1.8598641207910922e-05,-7.695742408791846e-05,0.00013302849920350662,-8.378685382620809e-05
2011-10-01,1.7943706877613865e-06,4.7171081190993e-05,9.2402486983295e-06,-2.3311411571750607e-06,3.385176163037192e-06,-3.373642136628837e-05,-2.1111814617071967e-05,8.4342366261276e-05,-7.912388507057291e-05
2011-11-01,2.846777605260767e-06,4.1253633588697674e-05,8.131284847869549e-06,-2.4834497251924125e-06,4.608925551493858e-06,-2.7676432991959426e-05,1.582803768482907e-05,0.00010791955492407011,-6.466952820192526e-05
2011-12-01,1.1128119802906727e-06,4.759092762515504e-05,9.769886774481046e-06,-2.720686627467686e-06,4.742305029647125e-06,-2.4898010585347063e-05,5.6855392543847684e-05,2.8369815717227088e-05,-2.1492637836679202e-05
2012-01-01,2.522887880231794e-07,3.452392862844598e-05,6.100249727202476e-06,-3.8563191783391255e-06,5.657796370650739e-06,-3.145927381897137e-05,9.066545473320129e-05,5.0808916849507e-05,-2.171662236544776e-05
2012-02-01,7.185191351020406e-07,2.475501148790344e-05,9.847846913887474e-06,-3.2453886547846583e-06,2.490404690899325e-06,-2.8298490086557842e-05,8.63369011216984e-05,0.00010922657762697086,-4.091010597200892e-05
2012-03-01,2.6110724236198804e-07,4.280948688202121e-05,8.899989916748532e-06,-2.277549754242082e-06,4.4629201582340815e-06,-1.826322171458886e-05,9.777283288542207e-05,3.846452321670247e-05,-2.893087838461924e-05
2012-04-01,8.213504525308614e-07,4.2019006521215905e-05,1.0228007903734893e-05,-4.319462195283928e-06,3.7724709171155236e-06,-2.315299146194755e-05,-8.16094624053542e-06,7.186385663879264e-05,-5.4260932851932445e-05
2012-05-01,3.61313027904489e-06,4.2031278183860283e-05,8.416973866922896e-06,-2.883103245164158e-06,1.5866364544628066e-06,-2.254832007158067e-05,7.113682244500489e-06,0.00011408061408431464,-9.220257561942689e-05
2012-06-01,4.282453438790346e-06,4.198574833606806e-05,5.35399482623666e-06,-1.1437867709576339e-06,8.038692869952602e-07,-1.776908899155118e-05,-4.486458704918439e-05,0.00017109104961359443,-4.532772447263738e-05
2012-07-01,5.379290869216406e-06,4.533151193196263e-05,8.039633208264269e-06,-7.593603621701468e-07,-3.7757995215700413e-07,-2.072216410735245e-05,-9.668253954244324e-05,0.00013735326961282707,-8.217386910388726e-05
2012-08-01,5.867304957168318e-06,5.215201443461719e-05,1.1545207733422154e-05,-1.6706557324356277e-06,-1.9734745814652873e-06,-2.2009824542220484e-05,-7.605511122096036e-05,6.707216560383678e-05,-7.625996046594915e-05
2012-09-01,4.43550159965348e-06,5.1790115526458954e-05,1.023467247702155e-05,-2.6272267092169855e-06,1.7149906019800724e-06,-2.763872299462013e-05,-4.3216886600361284e-05,7.244277841810888e-05,-6.261521945191127e-05
2012-10-01,4.264852415791073e-06,5.1450750647351044e-05,9.983530879933712e-06,-3.0573149019664444e-06,1.6595758658135184e-06,-2.9616196729499637e-05,-7.080028276255149e-05,0.00010257343040929049,-5.1597892667077776e-05
2012-11-01,3.0582237041085174e-06,4.8037535713329506e-05,1.0219868509180686e-05,-3.2693170698248595e-06,2.863289064527628e-06,-3.241895770018416e-05,-2.1948191077174252e-05,7.588958962726859e-05,-5.854495401887254e-05
2012-12-01,5.488661678357727e-07,4.8363132020550956e-05,1.068505574001051e-05,-4.216575648008575e-06,6.311453695911561e-06,-2.9245909829584433e-05,-2.861585337563777e-06,0.00019431026620863153,-3.5227766045797305e-05
2013-01-01,-1.346413062733311e-06,3.2338943944567315e-05,6.488799756296142e-06,-4.38296949686825e-06,7.433399442407815e-06,-2.879197520424076e-05,0.00014743838064059772,2.3664128466455575e-05,-2.2053127382486965e-05
2013-02-01,-2.3978513694081785e-07,3.0527322803171374e-05,7.505662950309207e-06,-4.79462859484707e-06,6.129327825241868e-06,-2.6857075408493273e-05,8.62644534152632e-05,7.129936543509639e-05,-2.4736689201224467e-05
2013-03-01,1.1604925890474824e-06,2.7545920259052736e-05,9.60808825323209e-06,-4.9300828327989876e-06,4.722568851329226e-06,-2.9499016528376578e-05,0.00013349675317388338,3.686435146673195e-05,-3.821090950431488e-05
2013-04-01,3.5675496551733304e-06,4.1550912307645993e-05,8.493468730162186e-06,-2.2225058733133703e-06,2.231953628616366e-06,-1.945796871512533e-05,-5.460173073836741e-06,6.240251183784052e-05,-3.854131801653182e-05
2013-05-01,4.722299657702502e-06,3.750666893924567e-05,1.0058225353114988e-05,-2.041955253632766e-06,2.624615106028908e-06,-2.666699376396652e-05,-3.0667924932728386e-05,0.00015255568320785993,-9.6507865050102e-05
2013-06-01,5.3684957639289515e-06,3.5550485560473905e-05,1.0946542292207625e-05,-2.3301021846232903e-06,3.826876840752605e-07,-2.083413942516745e-05,-5.0258732083932205e-05,0.00017659491715769172,-9.824049505319079e-05
2013-07-01,3.692620594353677e-06,3.623442669539967e-05,8.235135526421052e-06,-1.5714214837708663e-06,2.838790499540726e-06,-1.8227591034550884e-05,-0.0001165741381091302,0.0001126971343926176,-9.702362467892843e-05
2013-08-01,6.059394258246053e-06,5.991820310334818e-05,1.277449775990105e-05,-2.5170311307512626e-06,-1.155877567111184e-06,-1.9511524352887085e-05,-8.951287508414357e-05,0.00014581051431211432,-7.192869523884258e-05
2013-09-01,6.492020452855734e-06,4.988760395448588e-05,8.347870549700181e-06,-2.7071452324016826e-06,6.14528451516063e-07,-2.5403899535576296e-05,-6.96400118859253e-05,6.008965225232201e-05,-8.564467786794536e-05
2013-10-01,3.662248759127594e-06,5.511985407709932e-05,9.572502449364188e-06,-3.7178458859638156e-06,2.0217958409696134e-06,-3.429023919181044e-05,-2.3124940361141878e-05,7.22422385065447e-05,-5.4981156185374185e-05
2013-11-01,2.0257861949106306e-06,4.842916552859302e-05,7.649372960376847e-06,-2.885885807314081e-06,2.5350867205461433e-06,-3.0003963184817346e-05,1.2107889283063438e-05,0.00011452646932611133,-3.868637541213924e-05
2013-12-01,1.0227339079369836e-06,5.809746454814723e-05,9.521911234744288e-06,-4.759443797380434e-06,5.512625496532622e-06,-3.018179609058246e-05,4.452015845712423e-05,0.00010674978117271286,-4.7671875195599665e-05
2014-01-01,4.100527264919435e-07,3.335048869793545e-05,9.655805486507854e-06,-6.805093791174982e-06,5.829249230284223e-06,-2.7111824058714114e-05,0.00012157499714117464,0.00010234036922659822,-1.2685827643979628e-05
2014-02-01,-5.528800561384403e-07,3.125060338526802e-05,1.0140496497549086e-05,-5.987884508304003e-06,4.568407377028485e-06,-3.0984097545420173e-05,8.532578853750942e-05,4.257253532792342e-05,-1.377850713777431e-05
2014-03-01,-6.634067599224972e-07,3.864454329333597e-05,7.884992225890378e-06,-7.233684399990256e-06,4.9709552447016645e-06,-2.703781472240045e-05,7.802391445992901e-05,7.760765560515009e-05,-2.3439181392435324e-05
2014-04-01,2.4071430695634383e-06,3.910717029976193e-05,1.0011260789381397e-05,-5.338787160429606e-06,1.2621395795042176e-06,-2.6888652562776064e-05,4.922400494491175e-05,5.7445117326795634e-05,-4.665428460583527e-05
2014-05-01,3.5727134449659053e-06,4.902687275117161e-05,1.0814181103322816e-05,-3.861591841707232e-06,1.3670706500381038e-06,-2.295786729568358e-05,-4.970684954088076e-05,0.00011644113793223449,-8.78205509315766e-05
2014-06-01,4.444223895821129e-06,4.778439951438311e-05,8.574172461470871e-06,-2.8007265827146034e-06,5.687805517730727e-07,-2.4466488646624096e-05,-6.785747002113705e-05,0.0001420670736795624,-9.021403934655545e-05
2014-07-01,6.319843404920766e-06,6.346200914045376e-05,1.3754455261181619e-05,-1.4447443315054753e-06,-2.4196538084602134e-06,-1.9134383223816833e-05,-8.470728158020918e-05,0.00013466113488828726,-5.511821465300687e-05
2014-08-01,4.507615288134207e-06,3.633206321579024e-05,9.333327645541353e-06,-4.4191398975089776e-07,-9.62584467984267e-07,-1.9060430511608574e-05,-0.00010733268474933899,0.00011439453189623808,-7.123957321621585e-05
2014-09-01,4.818647635461305e-06,6.566534865925961e-05,1.1236113011801862e-05,-3.355302142224617e-06,1.9585353005231343e-07,-2.7701683522713915e-05,-7.04504158040308e-05,0.0001503315463588191,-6.475287272924418e-05
2014-10-01,3.775746679848647e-06,4.790166414659582e-05,7.725382501045875e-06,-2.983409862289764e-06,1.5783813625878783e-06,-2.0959615219156046e-05,-6.1318737177318e-05,0.00011573870111479504,-4.185863571640301e-05
2014-11-01,2.5038887604274134e-06,5.173311854861769e-05,7.840020225218242e-06,-3.554770595017932e-06,4.094432296663055e-06,-3.222958656125896e-05,-1.0968759868016539e-05,9.818645273828347e-05,-6.705964054947743e-05
2014-12-01,3.5630864220309255e-07,4.956391417840378e-05,8.93308850945188e-06,-3.912888745210781e-06,4.794817700138883e-06,-3.31267165010081e-05,3.798501586588063e-05,0.0001202481720415668,-2.2363846017589754e-05
2015-01-01,-1.5433004302466435e-06,2.7397463798050027e-05,7.960410184164456e-06,-3.880466107231e-06,4.925178480302289e-06,-2.6452248835982456e-05,0.00011678751114495911,6.582106925641373e-05,-3.0926326504793032e-06
2015-02-01,1.795734693317971e-07,4.125706272867541e-05,8.54366163416122e-06,-6.825297062271215e-06,5.317009752577463e-06,-3.3404127349394004e-05,0.00014542072942387243,3.3754611375712225e-05,-2.1503380015068377e-05
2015-03-01,6.087558622737866e-08,4.141477741154049e-05,1.0204425024681226e-05,-8.101882734289142e-06,3.990992181045403e-06,-2.096428616406257e-05,0.00011352593352326036,2.1180371334163048e-05,-3.843783435088852e-05
2015-04-01,3.316583103156695e-06,3.718141937037495e-05,8.793462010215969e-06,-5.2165409314002945e-06,1.3266614325381764e-06,-2.5181409120080077e-05,3.324820853444847e-05,5.407938981829819e-05,-5.8453621229313547e-05
2015-05-01,4.0390154687509485e-06,5.6826707822357795e-05,1.1695426106359975e-05,-4.0236314567938025e-06,3.7005566337467206e-07,-2.3099986504913298e-05,-3.30476481760811e-05,0.00011942252253933154,-5.3011936460479296e-05
2015-06-01,4.248886513212181e-06,2.9739699726738548e-05,8.459273808427206e-06,-2.4973239300346885e-06,8.173696466444431e-07,-9.598302034899463e-06,-8.508697744018527e-05,0.00017234591100089616,-9.590168218581802e-05
2015-07-01,5.645874065843423e-06,6.559726208667185e-05,1.0227116340297682e-05,-2.140647834140394e-06,-2.9661878302086308e-06,-1.449368980211804e-05,-9.615059205694766e-05,0.00018825897655518433,-5.053142084818735e-05
2015-08-01,5.666396080866771e-06,7.173431755549843e-05,9.952319439980656e-06,-2.103910624765969e-06,-3.1132998505913505e-06,-2.4603490871125348e-05,-6.577500468012682e-05,0.00012129363812230609,-4.338169937746348e-05
2015-09-01,4.5501293961535935e-06,5.534567182196761e-05,8.089900045446052e-06,-1.940132649967873e-06,-2.0368598803640396e-06,-2.6026775452316124e-05,-8.691517752813747e-05,9.66515608804715e-05,-5.0694499729272285e-05
2015-10-01,3.4880102882910117e-06,6.202591913265779e-05,8.253205953882204e-06,-3.0569495637121703e-06,6.947891948753178e-08,-3.2436680280187304e-05,-7.711327846503225e-05,2.9917966120713946e-05,-6.0959886138618914e-05
2015-11-01,2.102764799160159e-06,6.242723839089867e-05,8.810725048645114e-06,-4.790688119115237e-06,2.414542236541494e-06,-3.217492529325508e-05,-1.1066331625632329e-05,7.666152329905988e-05,-2.3357329400033983e-05
2015-12-01,2.9311829750965267e-07,4.540952931883905e-05,9.294333691904027e-06,-4.315575736143222e-06,2.880355065332574e-06,-3.124038169745348e-05,6.116044649698629e-05,0.00010753493041814,-2.2318774420493063e-05
2016-01-01,-1.084004096367959e-06,4.275048850523006e-05,7.468635285252624e-06,-4.5635110224571725e-06,3.733030726572037e-06,-2.9968071841241725e-05,5.703591402250748e-05,6.797443148400561e-05,-2.6772195390772918e-05
2016-02-01,-9.396142514474809e-07,4.0706073648786654e-05,8.503736578415559e-06,-5.827766924877894e-06,6.3145424271396225e-06,-2.9045206337526798e-05,0.00011407939393065986,7.840399281546359e-05,-1.0097823130409436e-05
2016-03-01,1.1193204066544503e-07,4.403831783811191e-05,7.333926750074267e-06,-5.582846521003271e-06,4.89989885197951e-06,-2.577258533567582e-05,9.553884919348245e-05,-3.449078764964115e-06,-1.7473647681626417e-05
2016-04-01,1.1014079839846839e-06,5.183345684706372e-05,1.0152011678447543e-05,-5.854957308004517e-06,3.7203231476984384e-06,-2.9532739724571373e-05,4.414235872815665e-05,5.714093671600783e-05,-5.816590207864717e-05
2016-05-01,5.28724946364315e-06,6.200588522179758e-05,5.7374271637560335e-06,-1.2682719406555045e-06,2.5904675520647345e-06,-2.1077252352345917e-05,-2.63924979604255e-05,-3.0116764245322565e-05,-7.90815754226787e-05
2016-06-01,3.3621088755999755e-06,4.6301539091904095e-05,8.441274567270222e-06,-2.6192611278239972e-06,2.923203166527274e-06,-1.646299413556078e-05,-3.6668564585998336e-05,2.8865596158220922e-05,-7.456559960216358e-05
2016-07-01,6.7397702612977235e-06,5.342040006780526e-05,9.075503379571332e-06,-1.6404791690702918e-06,4.5146110663449e-07,-1.898373628475482e-05,-7.36850247105068e-05,8.465688241309989e-05,-8.85820898500951e-05
2016-08-01,5.867086492981457e-06,4.6005509080680806e-05,1.2267978610173553e-05,-1.8331511549015958e-06,5.552553082024706e-07,-2.198834289889643e-05,-5.0935493564584534e-05,0.00016328656516993988,-6.604260409117354e-05
2016-09-01,6.849667421035236e-06,2.7467191318059373e-05,7.201863709992746e-06,-1.427209354043106e-06,2.9292495206884006e-08,-2.5703977854464767e-05,-1.4282573532961896e-05,1.4485565817403579e-05,-8.898602328663491e-05
2016-10-01,4.520866427753288e-06,4.981455214325416e-05,1.0831806908062828e-05,-2.626416758553955e-06,1.522280686324269e-06,-2.7717722187022738e-05,-3.80338596015029e-05,6.746547535396545e-05,-8.022066771372096e-05
2016-11-01,3.2616027921080545e-06,6.890682575531244e-05,8.236598298014395e-06,-4.006722735928794e-06,4.419912207207026e-06,-2.5501435964669346e-05,-7.508034088781666e-07,9.09016933420054e-05,-3.3113950344447986e-05
2016-12-01,1.9057154890538095e-06,5.359156492893368e-05,8.111488092354702e-06,-4.71012474729466e-06,5.339682375401415e-06,-2.769071206914285e-05,7.334674618998513e-05,0.00013517279798676892,-4.986910929211943e-05
2017-01-01,5.462774856012326e-07,5.940093112550827e-05,8.808163084712328e-06,-3.5005355758577917e-06,5.865894151165769e-06,-2.3335140683522858e-05,8.984126672795612e-05,0.00010187942556570852,-1.2582947455695953e-05
2017-02-01,-6.44402361446374e-07,5.070333860667913e-05,1.0668583813517429e-05,-3.974019661720083e-06,4.714008135285667e-06,-3.1393759484857236e-05,9.44259350636009e-05,6.229694250944873e-05,-1.4543914506189566e-05
2017-03-01,6.354989683189847e-07,3.7646225885196986e-05,8.015387685678177e-06,-1.9093831016572424e-06,4.995725213546079e-06,-2.4572097362013096e-05,5.221975072218992e-05,5.136636691317882e-05,-6.927010083207459e-06
2017-04-01,1.1948792786542141e-06,5.07142881134575e-05,9.341426889354936e-06,-5.228992395740559e-06,5.103989127869647e-06,-2.81601395997253e-05,4.413076163890381e-05,6.925111269777326e-05,-5.6096443164102664e-05
2017-05-01,3.195644745155126e-06,6.328521517438149e-05,1.011949375156206e-05,-4.3636928706294675e-06,2.349624353472297e-06,-2.5373684573752522e-05,-4.098973403437415e-05,8.60555108943643e-05,-7.8148243930996e-05
2017-06-01,4.118196753455149e-06,4.9452292800123665e-05,9.9234548052902e-06,-2.931292418006263e-06,-3.7301792658643647e-07,-2.010697233946229e-05,-8.566528429122149e-05,0.0001569862311050427,-0.00010462129911265969
2017-07-01,6.86620253653484e-06,3.1603022578630184e-05,9.81433326254821e-06,-2.1280440365395107e-06,-4.2445610806924515e-07,-1.6016294229673107e-05,-7.014096180814713e-05,0.00010417629900911075,-0.00010778063491623271
2017-08-01,5.606409303538275e-06,4.4459449415204896e-05,1.0979440719661377e-05,-1.7762359896935085e-06,-2.36782401954147e-07,-2.4717622492483826e-05,-8.671839622574585e-05,0.00017499807660587284,-7.60874128177458e-05
2017-09-01,6.528477710624528e-06,4.388195724660381e-05,1.1312707281116385e-05,-2.7758566206052632e-06,-8.511769594095625e-08,-2.514764244300052e-05,-5.2764614888495465e-05,8.394020847415592e-05,-0.00010783510622319086
2017-10-01,4.149200912191967e-06,3.53972498138011e-05,8.890439940207021e-06,-2.913502417246489e-06,2.2361049740197517e-06,-2.7680864102552525e-05,8.996768650893389e-06,0.00014561080650194786,-5.923762186535629e-05
2017-11-01,2.2689712059914413e-06,5.2305864579572616e-05,9.17168526176704e-06,-3.6776438397957392e-06,4.218600024791945e-06,-2.5774205956801846e-05,1.5433461423115455e-05,0.0001218250024635532,-5.1747817158609893e-05
2017-12-01,5.183544751000327e-07,5.145360280540629e-05,8.762192061618301e-06,-5.198498436279409e-06,5.313759555891683e-06,-3.0474245466033902e-05,4.4303254110937966e-05,0.00010168877599135497,-3.641414424988907e-05
2018-01-01,7.138669203818607e-07,2.150653982342714e-05,1.045276102842054e-05,-2.487900558942475e-06,6.055029097756854e-06,-3.1385935643527715e-05,6.40213543756469e-05,7.358918912985486e-05,-2.490573777787019e-05
2018-02-01,-1.4618261756829403e-06,5.1089176394818015e-05,1.0401621417917118e-05,-5.502794926903928e-06,6.7199333251435775e-06,-2.8225415341604746e-05,0.00010803680828059821,2.3198023751760518e-05,-3.3119626412545606e-06
2018-03-01,5.910445320502672e-07,4.787724388333715e-05,1.1023333748146754e-05,-7.1305001120011e-06,4.87052584726292e-06,-2.7178044845478073e-05,0.00013811446187009761,0.00011001694892553687,-2.792715927919902e-05
2018-04-01,1.902253689050878e-06,5.201718937593301e-05,8.826585443291076e-06,-4.825366955815919e-06,3.931720434032209e-06,-2.197511804040204e-05,9.268758525295417e-06,6.668430213952993e-05,-3.6982888694198695e-05
2018-05-01,5.2992822373085115e-06,4.812437416581256e-05,7.97623796978515e-06,-3.0339707642815045e-06,6.121644190489125e-07,-2.1076071668113856e-05,-5.264477698498513e-05,9.159822689201256e-05,-8.104955313307082e-05
2018-06-01,5.125301320568013e-06,4.940991797064016e-05,1.0707099627549497e-05,-2.5057014900196953e-06,-7.968488115024568e-07,-1.798314687962824e-05,-8.301262360003588e-05,0.00013389812791061615,-7.949616693747239e-05
2018-07-01,4.675082425923292e-06,6.282413008306729e-05,9.93546445015326e-06,-1.189829861631343e-06,1.2657703120479644e-06,-2.1755883981515053e-05,-7.341064848988071e-05,4.7403536118338356e-05,-6.733366513127584e-05
2018-08-01,4.645899932141013e-06,5.629827078369799e-05,1.191469916360661e-05,-1.8893129379623227e-06,-5.136939735564365e-07,-1.9961566364468918e-05,-5.873883052156362e-05,9.83665524585486e-05,-6.191388362465492e-05
2018-09-01,3.956264491997348e-06,5.153537446058015e-05,1.033286755939829e-05,-3.840451715557771e-06,1.217184174523445e-06,-1.8194494866531822e-05,-6.178585728985284e-05,0.00012021638026476837,-5.5350400193802186e-05
2018-10-01,3.0787906556648118e-06,4.0876300562629384e-05,8.837942579599642e-06,-2.347694753173889e-06,4.0065672170422225e-07,-2.644058987915611e-05,-4.6806776118010787e-05,9.795686818718199e-05,-5.104018025546587e-05
2018-11-01,3.2933239769885735e-06,5.0948025668456104e-05,1.0118373357568678e-05,-3.89235907558958e-06,6.144640392715538e-07,-2.5574557626867664e-05,1.7880663312981254e-05,0.00011247505455373659,-3.8032704639575656e-05
2018-12-01,1.7125182772713646e-06,4.518871641571507e-05,8.055745469843944e-06,-5.996895378991563e-06,4.186185986366913e-06,-3.153404639772163e-05,0.0001017293775193496,8.984853364971761e-05,-8.919516105585176e-06
2019-01-01,-3.464243042419332e-07,4.764565233530018e-05,7.849751921938376e-06,-7.924941394168002e-06,6.849873653061512e-06,-3.282936221981063e-05,0.00017144465159729468,8.400960923741491e-05,-1.8438833374144367e-05
2019-02-01,-1.7088728123380057e-06,3.244534748178091e-05,7.0569387674815e-06,-7.30643690407275e-06,5.745183994978825e-06,-2.4736915158361732e-05,0.00012965192532141627,2.4903599568080976e-05,-1.9250801716066778e-06
2019-03-01,6.62547937584066e-07,4.372852520722507e-05,8.273821645390079e-06,-4.886819416917411e-06,4.204487302630566e-06,-2.8256623115596632e-05,0.000129345932285386,1.1222749634597868e-05,-2.020569638864182e-05
2019-04-01,2.2122872756361832e-06,5.561144823741631e-05,9.333215390085106e-06,-5.676062261624476e-06,3.5745479760788213e-06,-2.663956468740633e-05,1.2960000419802063e-05,5.0093735953541926e-05,-5.78230983341715e-05
2019-05-01,2.8767986456650236e-06,6.186364899515083e-05,9.802823059691535e-06,-5.876745356514969e-06,2.9825711038484627e-06,-2.4661925150161608e-05,6.613112607948071e-06,7.975531896228417e-05,-7.99533043593296e-05
2019-06-01,5.247928559922586e-06,4.1542691430435865e-05,9.402011589805698e-06,-2.8015514081858186e-06,1.2772664025518283e-06,-1.5483269496179856e-05,-9.164026418706697e-05,0.00015617461202507363,-8.25789220233314e-05
2019-07-01,4.4407335451699035e-06,6.12018187973674e-05,1.0857436667976635e-05,-2.3465646509906783e-06,3.7826555954537836e-07,-1.643907417222411e-05,-8.497751259608495e-05,0.00014284910884310956,-5.1278795660362485e-05
2019-08-01,7.667953786306475e-06,5.143902818918595e-05,9.500302291103072e-06,-2.4670961763202955e-06,-5.636928966798698e-07,-1.3586315481357052e-05,-8.787951106682377e-05,9.784839106046204e-05,-5.498032432201917e-05
2019-09-01,5.21530530441363e-06,6.358698035114069e-05,9.588615855064422e-06,-4.06748938018032e-06,9.686657980513351e-08,-2.783055920843759e-05,-6.928303107066058e-05,6.622253017526733e-05,-6.889807208984831e-05
2019-10-01,4.524805256874438e-06,5.3983299968859994e-05,8.43476476991864e-06,-3.585209846963965e-06,1.0373337698008711e-06,-2.9219985133599668e-05,-4.75970084849013e-05,8.60725945448449e-05,-6.495964559384558e-05
2019-11-01,2.182455542099452e-06,6.361820137229358e-05,1.079651658549356e-05,-4.732244542326053e-06,2.5054463587683737e-06,-2.386150841957326e-05,3.3458966425924385e-06,0.0001184091489330777,-4.098361060940802e-05
2019-12-01,5.638901208806645e-07,6.380941580796803e-05,1.0327365277024373e-05,-5.403576250461284e-06,5.0124655105587295e-06,-3.108141757423792e-05,2.1942376638755626e-05,8.999127955465212e-05,-1.6671970359646913e-05
2020-01-01,6.543051193555778e-07,5.0255577437016645e-05,7.611255978522065e-06,-5.307238327004695e-06,6.0127558233238e-06,-3.158869968900047e-05,8.496490032927066e-05,6.770384131852164e-05,-1.831848555471932e-05
2020-02-01,-1.012692835145389e-06,3.602032543798051e-05,7.686974485301625e-06,-6.90747898771162e-06,6.93720422097963e-06,-3.076084003122881e-05,0.0001500318613907371,3.483237101663077e-05,-3.824226531121338e-06
2020-03-01,1.2709799913594189e-06,4.14850228612983e-05,7.806264787239131e-06,-4.485864733270331e-06,4.392835671791991e-06,-2.4225366580472862e-05,9.971068662442784e-05,4.428036415457263e-05,-2.8175210508944857e-05
2020-04-01,3.6280219580629194e-06,5.60659239249156e-05,8.04065852333573e-06,-4.577903848026489e-06,2.5665262485945843e-06,-1.9845691410923954e-05,2.88743187715726e-05,3.9289119859570066e-05,-3.877079682337549e-05
2020-05-01,4.004559021283503e-06,4.83893674996524e-05,1.2690111592531418e-05,-2.1142199349291605e-06,1.1015982456172239e-06,-2.094727106235936e-05,-3.695508433180762e-05,0.00010665912750125029,-7.844136368460056e-05
2020-06-01,3.5183055440176357e-06,4.454711490426581e-05,1.1461708469511494e-05,-2.8597899302994162e-06,1.1750349015276704e-06,-2.1088085907879194e-05,-8.751992614243985e-05,0.00015004758184520954,-9.054611362838629e-05
2020-07-01,5.316501174962323e-06,3.350173274818473e-05,1.050974314212475e-05,-1.4841971763062791e-06,7.643607270823385e-08,-1.7455277243419504e-05,-9.585176701283783e-05,0.00014856199889756312,-9.20238363487965e-05
2020-08-01,5.785186866420938e-06,6.343555871526922e-05,8.261227048697491e-06,-2.0605348214479475e-06,-1.7321593991796592e-07,-2.426864886252809e-05,-6.184056376169441e-05,0.00012359005696807788,-5.7423116054936226e-05
2020-09-01,4.942155684012802e-06,4.661004942777203e-05,1.1640231707865446e-05,-2.7576613627645587e-06,2.9803479192767332e-06,-2.7727313302222664e-05,-6.772787396162655e-05,0.00011179971611374112,-9.322645111593887e-05
2020-10-01,2.5272388395604246e-06,4.121535947472436e-05,9.593699477665408e-06,-1.9367378855647377e-06,3.6943740668498327e-06,-2.6228469821291294e-05,-4.432011725214998e-05,6.337285611136195e-05,-6.281523193898625e-05
2020-11-01,2.9146754728475744e-06,4.491364092485056e-05,9.449995232883766e-06,-3.5611544890368238e-06,3.767412057093724e-06,-1.977127511926417e-05,8.767857501310321e-06,6.980252199059359e-05,-5.449125129582449e-05
2020-12-01,1.4822997575092047e-06,5.049134506146383e-05,9.85342660718589e-06,-4.59477432011516e-06,6.005302618778422e-06,-2.717566582824226e-05,3.9194797132735373e-05,0.00010769667749643193,-2.6532423016573934e-05
2021-01-01,1.3432951888984968e-06,3.220514740422581e-05,9.463933263514426e-06,-3.5630133345704427e-06,4.932750804250195e-06,-2.9097692872249e-05,7.398230742258459e-05,6.126020815518884e-05,-1.5677378582825346e-05
2021-02-01,-4.738571304037655e-07,4.8103324543041906e-05,7.65611578177252e-06,-5.477853756392644e-06,5.401316832901789e-06,-3.729958610751518e-05,0.0001577476512402473,2.826707376070225e-06,-1.4242685323051106e-05
2021-03-01,1.2564404822511676e-06,3.4586707292749885e-05,8.20327417160059e-06,-3.5916785791858163e-06,3.974465543370252e-06,-3.171706326571348e-05,8.048164074397154e-05,-1.5426739398888888e-05,-3.932388917765874e-05
2021-04-01,2.6471949936332776e-06,5.604434832358004e-05,8.737711201658048e-06,-4.822028997155767e-06,3.2856372088972195e-06,-2.993871961810154e-05,6.7275548569664e-05,4.184863549583366e-05,-2.9946526606242717e-05
2021-05-01,4.550019964368592e-06,4.996507352022511e-05,9.478254245633635e-06,-1.7201582115676387e-06,1.95005667892835e-06,-1.9402775833105908e-05,-4.087093793368037e-05,0.00011881215042528956,-7.922737580644008e-05
2021-06-01,3.966436969149277e-06,4.6444040548978764e-05,9.262737785985165e-06,-2.345861860970395e-06,1.1598479612629687e-06,-2.2107096189740228e-05,-5.342018259146475e-05,0.00012634861140434464,-8.787010628700785e-05
2021-07-01,5.802818986253471e-06,3.5100944757358337e-05,1.0169590195818636e-05,-5.943135329499906e-07,6.615619326490241e-07,-2.036547119607131e-05,-4.6799851043349843e-05,0.00010316016552498134,-0.00010214789704090577
2021-08-01,5.10956175015009e-06,5.094024486417055e-05,9.264383461317859e-06,-1.7748752115844588e-06,6.107928346740814e-07,-2.3528941952975596e-05,-6.055043523793316e-05,0.00010273667173143353,-0.00010194047150937214
2021-09-01,4.623001073668178e-06,3.276005748867547e-05,1.0046375645331247e-05,-1.9284713386805773e-06,2.393379052538993e-06,-2.9608011625293588e-05,-6.37568882462238e-05,7.598742089407631e-05,-0.00010142190768053808
2021-10-01,3.309832295274163e-06,5.2021492861083714e-05,9.12542286614482e-06,-2.648995350435346e-06,3.382691012472196e-06,-3.2846106117973584e-05,-1.1105374158605001e-05,7.937537124245887e-05,-5.6194499075727005e-05
2021-11-01,2.0023840025983118e-06,4.691832164495316e-05,9.242601001494501e-06,-3.2511599482624005e-06,4.254057832632173e-06,-3.26598031290479e-05,2.464960183950382e-05,8.717975686641156e-05,-4.476016664993586e-05
2021-12-01,6.450477414152649e-07,5.235575649901385e-05,8.14531162109414e-06,-4.50187344884342e-06,6.063895579537437e-06,-3.3580976529484405e-05,7.213276309974308e-05,5.059507874216823e-05,-2.7742630333697936e-05
2022-01-01,-8.867734245009997e-07,3.8739465608599625e-05,7.775645364015913e-06,-5.4655407911702145e-06,6.196805958906706e-06,-2.670452606160442e-05,0.0001253117273356517,8.400303526221062e-05,-1.9635987491852108e-05
2022-02-01,8.912058645833875e-07,2.8301550430957e-05,8.058099985409132e-06,-4.08403427299472e-06,6.052607397008626e-06,-2.97535415307065e-05,5.81362606191743e-05,5.823785218121644e-05,-1.8862328673223535e-05
2022-03-01,1.01906303553511e-06,3.931883243559321e-05,8.365157999105636e-06,-3.616291146963269e-06,3.7105031834691437e-06,-2.9907091422287933e-05,7.98065222763162e-05,8.05958105660282e-05,-1.3024721223571522e-05
2022-04-01,2.4606540587454525e-06,4.8653290346470584e-05,9.658526815350834e-06,-4.4252815912577975e-06,3.707369657804701e-06,-2.1546907246283965e-05,1.378763642001083e-05,0.00013368912383635712,-2.8497897596143105e-05
2022-05-01,2.99991796051255e-06,5.466184550686978e-05,9.360143191776445e-06,-2.9965184165111326e-06,2.7097942182914643e-06,-1.7505645433908016e-05,-1.9972021120145324e-05,5.161095644185245e-05,-4.5901313647515274e-05
2022-06-01,5.829369610619068e-06,6.0413788967544954e-05,9.40456406044468e-06,-2.599986556699622e-06,3.509419267679341e-08,-2.3320245583010213e-05,-2.9771699489440664e-05,0.00011454302175918521,-0.00010493382592953832
2022-07-01,4.231826182385255e-06,4.6301335567733624e-05,9.730223564568567e-06,-1.4247374511929807e-06,2.6011625436403336e-06,-1.9576176235662084e-05,-8.252116439593466e-05,0.00016433851663091555,-6.353135702959682e-05
2022-08-01,3.642215434319557e-06,4.658974925362235e-05,1.0189412055521653e-05,-2.0959949532800153e-06,3.1897773497219057e-06,-2.5201087319246036e-05,-5.890503358890876e-05,0.00010312569313275741,-8.376370734706539e-05
2022-09-01,4.5194324537443795e-06,5.155488511772487e-05,1.1081018603560633e-05,-1.6196596478278313e-06,1.1481870685325243e-06,-3.0442626803998757e-05,-1.9651616962935512e-05,7.541464090187922e-05,-7.437039522593861e-05
2022-10-01,3.1461753951186243e-06,5.175053500663338e-05,8.902711932780991e-06,-2.6283001978864154e-06,4.099845383451232e-06,-2.755296723496116e-05,1.4858255189224114e-05,8.501113614709028e-05,-5.253602412242095e-05
2022-11-01,2.617730103692627e-06,5.623599589747116e-05,8.398931351658866e-06,-2.7240216309338576e-06,3.72640899914795e-06,-1.636773823790592e-05,2.369672108689e-05,4.505439332236379e-05,-3.4343319781336807e-05
2022-12-01,1.9036608361608464e-06,5.227281273663332e-05,9.833702961955917e-06,-3.6937944982864524e-06,5.177718991048769e-06,-2.9345697935749143e-05,4.428854923927691e-05,9.440444826821706e-05,-2.5293856024044946e-05
