,vo600_cluster1,vo600_cluster2,vo600_cluster3,vo600_cluster4,vo600_cluster5,vo600_cluster6,vo600_cluster7,vo600_cluster8,vo600_cluster9
1980-01-01,1.0126970000766083e-05,2.8038123324797455e-06,1.2747140850867442e-06,3.46214860517683e-05,4.733559260446618e-06,8.621304310887603e-06,2.959397252706944e-05,4.6061801166972676e-07,2.8885880545173625e-06
1980-02-01,1.0879582562792838e-05,7.923917296296347e-06,1.9487430725009345e-06,6.607954743223941e-05,6.122931909009646e-07,1.2501821414599175e-05,5.194931112796297e-07,-4.359204919248066e-07,4.514771248698388e-06
1980-03-01,4.108536286359248e-06,7.614173200525255e-06,9.449261630536074e-07,5.725277010010424e-05,7.624570115555939e-07,6.429691453462831e-06,2.7164685519753118e-05,5.562330651470387e-07,4.991044899204844e-06
1980-04-01,1.7020627391238377e-06,2.7358745923084e-06,3.851056695411244e-07,0.00014583407147001997,-3.111944632258318e-06,1.2697522681251844e-05,3.8640770299651914e-05,4.1355053645709765e-06,9.013153448691606e-06
1980-05-01,7.163875842622184e-07,9.940324319085751e-07,1.6497464421046386e-06,0.0001443412693568505,-1.6606856882066036e-06,1.2165063270385463e-05,4.3173175610976785e-05,7.343181772206155e-06,1.0029450628775924e-05
1980-06-01,-8.550887044685614e-06,-2.221428412487614e-06,1.8018335397719734e-06,0.00012401953704228353,-8.64545423564497e-06,9.38868858852046e-06,5.3544822003439756e-05,1.0459308576258923e-05,1.791751526151746e-05
1980-07-01,-8.726115153580258e-07,-4.662395999465426e-06,1.4580646203639934e-06,0.00013221208086627547,-7.803242237305865e-06,1.2598703990036207e-05,5.6070623213773234e-05,1.1933472963585357e-05,1.9731961694859053e-05
1980-08-01,1.7175381238087924e-06,3.174836648385275e-06,2.9968122338527475e-06,9.894610837281269e-05,-5.2366301331564604e-06,7.237480075601037e-06,4.9521226758464655e-05,8.83747293193908e-06,1.638102403468201e-05
1980-09-01,-3.7100179347699967e-06,4.420279040066494e-06,2.3624536577273685e-06,8.239970755602672e-05,-2.953897426580693e-06,6.096572718969991e-06,4.9034294229612644e-05,7.084581220433644e-06,1.2336349946790775e-05
1980-10-01,7.513720148371153e-06,2.6039038768096126e-06,1.8579814163922709e-06,0.00011299738768353938,-1.538808674741253e-06,7.683296979605906e-06,3.42281719878853e-05,4.2676830311580654e-06,8.612869574351327e-06
1980-11-01,4.5470230988475195e-06,5.445730100208016e-06,2.1248235225052517e-06,0.00010091891695317631,6.701741827320729e-07,3.883288100417823e-06,2.483547801155072e-05,1.9428294936867214e-06,5.877592329219661e-06
1980-12-01,5.768259832320934e-06,4.977317274537208e-06,1.7495471224143486e-06,6.117660263621719e-05,-3.4844033315406823e-06,7.439652822679827e-06,2.6838737387962434e-05,2.534527135862045e-06,9.074147139944519e-06
1981-01-01,7.968526159268552e-06,1.0243698532314013e-05,1.9283713328507466e-06,6.793930721050338e-05,1.5447894814307655e-06,6.172090615461795e-06,9.866424526376872e-06,5.043713458563881e-07,1.5963789116855333e-06
1981-02-01,1.2125100144775715e-05,9.011160884641146e-06,1.6574775348694192e-06,4.211417456416057e-05,5.366532478297246e-06,7.303986734494098e-06,2.118688215104769e-05,-3.2555807286736e-06,-7.547459695195868e-07
1981-03-01,6.042492667293417e-06,2.9847889812185798e-06,2.026950948826485e-06,6.668561321499685e-05,2.895388384315633e-06,9.824335203939846e-06,6.491504188527697e-06,-1.483518031516982e-06,1.0529821099587353e-06
1981-04-01,3.748428495461907e-07,6.798975108360729e-06,8.754089831730316e-07,9.027887132612495e-05,-9.433060466579827e-07,1.0758497611860554e-05,1.9410223317954097e-05,2.7268061352677804e-06,6.424586555441064e-06
1981-05-01,-5.8238408374531676e-06,4.3089040527977954e-07,1.0985912108855999e-06,0.0001505334987471561,-8.804330927581827e-06,1.2845381642624307e-05,3.177681730076829e-05,8.74343217328196e-06,1.4302712521531424e-05
1981-06-01,1.0702003579493004e-06,-8.538793148086126e-06,2.6579956184554613e-06,0.00011237774864773721,-5.387321684550627e-06,5.783546097084777e-06,3.224154839618381e-05,8.851048177538597e-06,1.3327409257098787e-05
1981-07-01,-2.6125804530007872e-06,-3.827464091823708e-06,3.6498963915770748e-06,0.00010915512937198004,-5.45110438477758e-06,1.0797334166031092e-05,3.765518673992837e-05,9.478611486408178e-06,1.614140868028394e-05
1981-08-01,2.242894317816634e-06,-7.54970875333887e-06,2.497949290221333e-06,0.00010702461086152887,-8.034448384761565e-06,2.7753494048604665e-06,3.580461991807725e-05,9.810151764526608e-06,1.7062546957684257e-05
1981-09-01,-3.850222660974365e-06,7.193942441297582e-06,2.9251383199395357e-06,9.446948025727226e-05,-4.397401990261728e-06,4.462259769791335e-06,5.685619936056359e-05,7.984172017714899e-06,1.7242805261953122e-05
1981-10-01,2.5155746733006e-06,3.5036067940293854e-06,3.1160281740491114e-07,0.0001134482003488959,-2.339440422963096e-06,7.547680637949323e-06,3.50455598851227e-05,5.496420614032993e-06,1.1548001360159244e-05
1981-11-01,6.68091114358899e-06,-8.775922246384268e-07,1.8905410510206908e-06,9.252763981585045e-05,-1.6818244586159924e-06,5.7905758308368e-06,2.0767849796478838e-05,4.982502597493817e-06,6.290232903991244e-06
1981-12-01,6.284201741247109e-06,4.253577674002721e-06,1.781578198325059e-06,7.073900490564116e-05,2.1744870272153934e-06,8.147729354356353e-06,2.306146219230386e-05,9.033064590201554e-07,3.0217452695389095e-06
1982-01-01,9.345106075409428e-06,1.0282543681862577e-05,9.758605990334861e-07,5.3179551026990326e-05,4.111438804590739e-06,1.0239070689202704e-05,1.1464497453536077e-05,8.271001857042591e-07,4.62252129630049e-06
1982-02-01,1.4062039776614482e-05,9.490101624724558e-06,1.6696211010296513e-06,6.466848530067315e-05,3.531537445309207e-06,7.230059538263112e-06,1.8471638186134774e-05,-1.0666469415000442e-06,3.7325936196434395e-07
1982-03-01,8.626960582894292e-06,4.94206018863984e-06,1.5035677866607013e-06,6.355005250709298e-05,-2.4951792136149478e-06,9.725221447946366e-06,1.65071242192886e-05,-8.100771395299613e-07,7.2489417609593335e-06
1982-04-01,-4.035525726557885e-06,2.296995798623976e-06,2.401487113677742e-06,6.603206174256914e-05,-5.176727911536256e-06,4.4773882810861795e-06,2.690681998896039e-05,4.001612091701883e-06,9.558717478598073e-06
1982-05-01,-3.827100605753328e-06,3.5269147599445526e-06,1.2486631055485511e-06,0.00011229305011773759,-3.2961220402100248e-06,1.2231629311991633e-05,3.4602329158360485e-05,7.472492791135418e-06,1.3630601673075262e-05
1982-06-01,2.36632214218143e-06,-4.806969169833251e-06,-3.3038863564253183e-07,0.00017727867476515706,-1.3199515563280487e-05,1.6070238800873255e-05,5.333465087858787e-05,1.1131696750273068e-05,2.2121799023042277e-05
1982-07-01,-1.3102688258734013e-05,-3.4837208606277595e-06,1.0356783400221504e-06,0.00016443210788907785,-1.0445615677467688e-05,7.53724787180654e-06,4.8896646496617986e-05,1.2143200961237386e-05,2.0857536517898543e-05
1982-08-01,-9.530750194964923e-06,7.532135770333144e-06,2.424272707338449e-06,0.00013652997942912882,-7.319545793704719e-06,3.359251554037928e-06,6.17306643815035e-05,8.536559725199897e-06,1.7739830640012014e-05
1982-09-01,-1.2037003585989736e-05,-2.3583412302436048e-06,9.522457429896015e-07,0.00012878798723709277,-7.155694859625209e-06,6.716777521354956e-06,3.954207829445411e-05,1.0009080864932035e-05,1.3461436790258976e-05
1982-10-01,3.760589439943361e-06,1.652091835678769e-06,4.6831325759611987e-07,0.00012068034383643607,-4.766986853476917e-06,6.263926321154888e-06,3.25026173478112e-05,6.8417149620365435e-06,1.4020034636068673e-05
1982-11-01,1.930834005665605e-06,1.040510681405085e-05,7.277993517313361e-07,0.00011619744547815421,2.6484265209032005e-06,4.4091700892884176e-06,2.2398443478979056e-05,7.320250860794741e-07,1.968953349164767e-06
1982-12-01,7.132477337445973e-06,5.371235104839881e-06,1.8238388065500225e-06,5.561837830653273e-05,2.762835747083982e-06,3.340422097336306e-06,1.4745909186461937e-05,9.009532388587439e-07,3.1593623194403877e-06
1983-01-01,2.215711011573456e-07,8.182995930760146e-06,3.1046490830054152e-06,6.71302145676519e-05,7.114511510563953e-07,3.889918542019302e-06,1.4289721488188209e-05,1.1581365268246938e-06,2.231427831814538e-06
1983-02-01,3.825466553300252e-06,1.0051688454862621e-05,2.42132392978499e-06,4.957587661949334e-05,1.7302519163880777e-06,6.746886252433185e-06,1.4257344514330315e-05,-2.100633502277494e-06,5.980383639828632e-06
1983-03-01,4.364856295392855e-06,6.833183569503602e-06,2.41365809037863e-06,9.107090828126095e-05,2.8095198396043856e-06,-6.018074214681889e-07,1.9933296273281218e-05,1.4173983200809686e-07,1.3858195229252418e-06
1983-04-01,4.013793986807505e-06,-2.5232166395468573e-06,1.584885152195042e-06,0.00012273756569907565,2.335861529897602e-06,4.228118932605232e-06,2.3908498562231906e-05,3.4949558050967664e-06,4.968296703323023e-06
1983-05-01,5.2044470209615226e-06,1.1853852124866906e-06,1.7377376787707475e-06,0.00013664966752872186,-1.558710621118311e-07,1.600091583639584e-06,3.910234411848649e-05,4.090128358002722e-06,8.32982924860843e-06
1983-06-01,-1.3696013231103028e-06,8.320558455448109e-07,-5.008612076252871e-08,0.00013592562248690784,-9.043783734091737e-06,6.9112068210846974e-06,4.849494081802645e-05,9.455326374549777e-06,1.8227464780949123e-05
1983-07-01,8.721002118459568e-07,-4.312292316829515e-06,2.056016112721467e-06,0.00012250653662103882,-7.481823529466901e-06,3.1084803697139232e-06,5.247099229995873e-05,9.478830549247812e-06,1.524693512498616e-05
1983-08-01,5.626842708830272e-07,-3.6985383303919065e-07,2.21344274753483e-06,0.00012144581460887471,-6.806723625293177e-06,6.2068990910642415e-06,6.416621160781296e-05,8.990549936561937e-06,1.4322585030788365e-05
1983-09-01,-2.9721672938687606e-07,2.1654272133028774e-07,2.456218689500672e-06,9.857807792826244e-05,-3.4910913023662498e-06,1.0319484325969313e-05,4.2029827335864165e-05,7.357833193866802e-06,1.4766401679877848e-05
1983-10-01,7.473114155707055e-07,-1.281262283585219e-06,2.393186066249258e-06,0.0001003076727990466,1.2014734123853326e-07,1.6729337881368505e-06,3.200863877679084e-05,6.223097527736072e-06,8.58117521844698e-06
1983-11-01,5.779250889752686e-06,1.4887656893699632e-06,2.004116963714003e-06,5.008163429220224e-05,-8.888137314144717e-07,6.941756142358085e-06,3.43501000853835e-05,3.585270362360935e-06,5.833376622300474e-06
1983-12-01,5.055413709970201e-06,5.2327678424081125e-06,2.0101079963959386e-06,5.0911567255625164e-05,-1.6487835846801922e-06,1.0167292152672788e-05,1.8648896467853335e-05,1.5713498194274781e-06,6.468501360212835e-06
1984-01-01,8.058367040593233e-06,2.621177882731046e-06,2.1670811277910778e-06,4.863892166571363e-05,6.676423440709189e-07,7.304602241477876e-06,2.5762494340584267e-05,4.564836355603767e-06,7.869461158032817e-06
1984-02-01,1.0433514222367862e-05,4.172122404811814e-06,1.1456077771877567e-06,5.496014871303443e-05,-1.7496532113052425e-06,1.0006437006634813e-05,2.8497675890737437e-05,3.1336651537428706e-06,9.482131896557734e-06
1984-03-01,6.743662255506627e-06,2.635718996862083e-07,1.84734883102824e-06,7.64808082263901e-05,8.898930874887389e-07,1.2145967301936005e-05,1.7222608313263862e-05,2.5748279642227562e-06,5.220142747128336e-06
1984-04-01,1.2174156995312732e-07,3.4669170043649353e-06,2.459235116353106e-06,7.8303722032615e-05,-5.022988034328283e-06,5.788251367228825e-06,1.5246455609265023e-05,4.751279753249726e-06,1.2571528302074077e-05
1984-05-01,-1.5227638967018015e-06,9.648418667879862e-07,1.5695816085368782e-06,0.0001639071297212206,-3.045434006085475e-06,3.119901070015434e-06,2.2475552375042158e-05,6.3966641318773395e-06,1.2261700809992691e-05
1984-06-01,1.197278710237617e-06,2.7968372575918304e-06,1.365443882441088e-06,0.00014945383917533067,-4.39109263364413e-06,8.486241464014268e-06,4.7748431478207985e-05,7.330404090797559e-06,1.371290923491071e-05
1984-07-01,-1.347687400388525e-06,-8.244172986182473e-06,3.3524001249342857e-06,0.0001375704071367481,-2.9116195303288962e-06,7.852473948914318e-06,3.779052927803426e-05,8.832638816493904e-06,1.2092893573233997e-05
1984-08-01,-4.334896683602574e-06,-4.192712710992801e-06,1.7787871795505752e-06,0.00010145085590536031,-8.270555687316678e-06,6.37987343569284e-06,5.619165388793507e-05,1.118987069640055e-05,1.596147297240652e-05
1984-09-01,-1.1956736330617978e-05,-4.949311566469278e-06,2.6545608216286742e-06,0.00012179460606753086,-1.1703496335949194e-05,5.685725990548073e-06,4.2418471620652585e-05,1.177902211582067e-05,1.8948871011971562e-05
1984-10-01,1.625832415619961e-06,4.225482861027796e-06,1.4135092969463966e-06,0.00012226777188002215,-4.553715749498291e-06,1.2839539963506872e-05,2.6530978969677254e-05,6.434462275847338e-06,1.3283321530426593e-05
1984-11-01,9.961239164102278e-06,3.4477059612930077e-06,1.6540193299362214e-06,0.00010130620731996164,3.4024954537927207e-06,7.936871333576017e-06,2.9871432111337264e-05,7.42668807697959e-08,5.532597843259129e-06
1984-12-01,9.00358964359347e-06,9.017550848188384e-07,1.250218668032233e-06,8.076668060317456e-05,5.155606853639242e-06,8.11536955134543e-06,2.477721150778897e-05,1.2550174461070226e-06,8.292839548174814e-07
1985-01-01,6.777992495291791e-06,5.458680565658077e-06,1.2149301596308295e-06,5.9591968078346726e-05,9.974541526610848e-07,1.1922775747891675e-05,1.3656995482913315e-05,1.2343046125947766e-06,3.985503143600097e-06
1985-02-01,9.374332623224827e-06,4.241276702896525e-06,1.1450417673922949e-06,5.1632766359741166e-05,1.3739815348418227e-06,9.512726030858336e-06,3.3959853854314745e-05,9.364656045784586e-07,6.129118645517659e-06
1985-03-01,9.544436298423685e-06,8.178919484221716e-06,6.912246335467599e-07,8.844526637661828e-05,4.0132734280536306e-07,4.723255346921182e-06,9.73538663648543e-06,-1.5392018915410514e-06,1.93994940972012e-06
1985-04-01,1.1387499435658596e-05,-2.9229058587969317e-06,1.369909188093091e-06,8.620321761863608e-05,-1.0065225179108176e-06,8.41211510313717e-06,2.548997343327847e-05,3.0840020972931504e-06,7.509802637222875e-06
1985-05-01,2.540834157048624e-06,1.5927140604726617e-06,2.057401346251041e-06,0.00011866547648562635,-6.49094440612769e-06,1.4559767264033914e-05,3.343572607612257e-05,5.806929248818374e-06,1.3772169083736378e-05
1985-06-01,-8.990699274351245e-06,-2.0849712425305446e-06,1.4254172084675087e-06,0.00010073939687153257,-7.572338805934422e-06,6.904941038830241e-06,6.0767165146780016e-05,1.0254385023975652e-05,1.8031026569430457e-05
1985-07-01,-7.347529219584706e-06,-2.1840139933121016e-06,2.478474894675947e-06,9.659822624629526e-05,-7.967441472346347e-06,1.0921435027171805e-05,4.6506731784132793e-05,1.0170162664574172e-05,1.6756636213060753e-05
1985-08-01,5.88346638221656e-06,-5.656020386805964e-06,2.5643076994191016e-06,9.504908351774021e-05,-7.207090460582353e-06,1.0390859657311254e-05,4.499246232906327e-05,8.817583343970853e-06,1.853540068008936e-05
1985-09-01,4.614054142745456e-06,-3.6858992598752198e-06,1.9561216791804622e-06,0.00010199619365070714,-8.603150947154899e-06,1.2128736998810731e-05,4.082556942874474e-05,8.790520897038474e-06,1.7512003823928066e-05
1985-10-01,-3.656103450754216e-06,-1.6322429532633322e-06,2.8440998543169603e-06,0.0001360980496642913,-5.902868916045071e-06,1.833715373255964e-06,3.081619659315541e-05,7.032341259437864e-06,1.111896132010557e-05
1985-11-01,2.8189110605199356e-06,-1.0564101393938688e-06,1.131468453437915e-06,8.079661611395734e-05,5.992864539313659e-07,1.0226232455441375e-05,1.7551899035995262e-05,2.0659731696951517e-06,6.536599946599175e-06
1985-12-01,8.61987114531383e-06,-1.660980873053716e-06,2.0476513632772455e-06,6.492977272572179e-05,-9.751124481779015e-07,7.594864231531076e-06,1.3626651219521431e-05,1.5430960648364067e-06,5.426766184694558e-06
1986-01-01,1.0310295133413772e-05,4.557698158847139e-06,1.86800074036197e-06,5.493384892016056e-05,2.8592609691264456e-06,1.0167404125759655e-05,1.4841553338199238e-05,-8.364851325277718e-07,3.954804358734031e-06
1986-02-01,9.534547196886783e-06,4.93504134232331e-06,2.0830426123811278e-06,5.47797643587779e-05,7.663171377747352e-07,1.0628930192725367e-05,8.375946092514485e-06,5.210384481611228e-07,1.1505677091874197e-06
1986-03-01,1.0436475189331771e-05,7.2758323342263285e-06,2.3535339967354466e-06,6.327900087595648e-05,3.6462374712449556e-07,7.59980992699013e-06,2.131965297821847e-05,1.7677284922387598e-06,7.0227742944018875e-06
1986-04-01,4.651749175405842e-06,6.194051645813048e-06,1.309260266346099e-06,0.00010930575867724556,-1.7703242790368412e-06,9.657097095259061e-06,3.0070456269681747e-05,3.946376304570503e-06,7.635324790745526e-06
1986-05-01,-5.181609265827917e-06,-7.216573896595762e-07,1.792524162901489e-06,0.0001228467242699639,-2.0800042935103668e-06,8.443661879933897e-06,3.591730820068919e-05,6.199423377414742e-06,1.0870619594669361e-05
1986-06-01,-5.731563201939209e-06,-1.9611640047849923e-06,2.7928483889430657e-06,0.00014216295771236318,-1.0238253917412113e-05,5.791716102625659e-06,4.691496878382002e-05,1.1853356497053598e-05,1.8729302349231375e-05
1986-07-01,-8.933799358498814e-06,-3.491350826022666e-06,4.356775452640953e-06,8.64762093957649e-05,-7.331657932513173e-06,3.750315376547482e-06,5.4133229684105114e-05,9.911157040008627e-06,1.806093493329312e-05
1986-08-01,-3.037605542061108e-06,-6.719086329224502e-06,2.7912012502678248e-06,0.0001522056070911381,-8.15613925949157e-06,1.304494600609368e-06,5.3603265238287166e-05,1.0463299378398257e-05,1.4910751851371439e-05
1986-09-01,-5.37942003773913e-06,-1.374088144061435e-06,2.4677399985959746e-06,0.00011114140909794584,-9.104038064081358e-06,2.0351230639551395e-06,5.079988970519926e-05,9.182604231474574e-06,1.798251069791466e-05
1986-10-01,-8.21396716528291e-07,-5.069803043030749e-06,2.9254672876544852e-06,8.824389894695465e-05,-2.037370049152652e-06,4.16510603639946e-06,3.133374656782031e-05,7.945218217427553e-06,9.602949601292382e-06
1986-11-01,9.142601444253303e-06,2.085846379368146e-06,9.046993992355211e-07,0.00013061526481890869,-3.2139876065172667e-06,4.4740264454079336e-06,2.404122632150709e-05,2.9964973364283222e-06,7.37694283182571e-06
1986-12-01,8.707402407660951e-06,2.6931969441764702e-06,1.6994366237593184e-06,5.963525335877261e-05,-9.562173165038387e-07,5.879552344096153e-06,3.393609454207975e-05,1.0035197227207335e-06,3.7427584611009388e-06
1987-01-01,1.7005228133295516e-05,8.75695649587033e-06,1.6080046030402472e-06,4.5978124040512615e-05,9.853870844221499e-07,9.073773978210286e-06,3.743843014681479e-05,-5.657303677871666e-07,3.651455323355672e-06
1987-02-01,5.125475465847089e-06,1.0082216890423962e-05,1.3484242574508183e-06,4.625370440002936e-05,-3.226564509519589e-08,6.399854465325786e-06,2.9768075736455468e-05,-1.3764513312467642e-06,6.998044854927618e-06
1987-03-01,-7.536266828799114e-07,1.8336709663801306e-06,9.250136934847329e-07,6.14629363468939e-05,-3.5202050559411705e-06,9.31939310796773e-06,1.985006277639284e-05,3.161712724452356e-06,9.690942278319764e-06
1987-04-01,7.067607388922375e-06,7.246638788765257e-06,4.59426053865957e-07,9.13623551187682e-05,1.3357618495362276e-07,8.817550684068604e-06,2.5270728521059295e-05,9.718426562063015e-07,8.342625221689292e-06
1987-05-01,3.3829817952653942e-06,-3.591326808606558e-07,-9.389751561014552e-08,0.00011498096429746505,1.3277624472542493e-08,6.81872938249757e-06,3.99130402495159e-05,4.674760413069453e-06,1.068184178553944e-05
1987-06-01,-2.3527397530371077e-06,8.192885971616756e-07,2.895972336251094e-06,8.426146385080619e-05,-3.4367554415119974e-06,5.569419274387234e-07,6.071709322116625e-05,9.291710290274622e-06,1.1782097139818448e-05
1987-07-01,-7.929423376307525e-06,-2.962474545793677e-06,1.1680334201784086e-06,0.00014707670026591947,-1.0959316224938785e-05,1.0182229452053256e-06,5.434994096410696e-05,1.1484320639225354e-05,2.0581816039229362e-05
1987-08-01,-1.14502204041884e-05,-2.1919261513842063e-06,2.6041730487576774e-06,0.0001330394936300029,-5.641454433790943e-06,4.215867852799785e-06,4.93238384213964e-05,1.1685064096094987e-05,1.2230765868275179e-05
1987-09-01,-3.765254615070268e-06,2.103947237494169e-06,2.458399364921692e-06,0.0001133517195525911,-8.525721280158446e-06,3.3713479951465697e-06,4.710917014804177e-05,9.407793424798816e-06,1.8920749429191243e-05
1987-10-01,-1.6358499236345027e-06,-1.7433884723318815e-06,1.9657841201418512e-06,0.00011358015386410339,-2.3180155826417923e-06,6.729281599611418e-06,3.203396755432905e-05,8.070450797198462e-06,9.679507887945608e-06
1987-11-01,-9.916209801623665e-07,-8.316264023231077e-07,2.106090200046163e-06,8.672108323776954e-05,-5.262767798761962e-06,7.678861904868594e-06,2.7242311582933883e-05,7.016748223523721e-06,1.0069919781192157e-05
1987-12-01,6.627003346362778e-06,5.00175771304715e-06,2.040067908220672e-06,6.82516768725449e-05,2.9282867725742433e-06,9.046953015854019e-06,2.6970471581071042e-05,1.2797383065868389e-06,3.8272388600062734e-06
1988-01-01,2.9896899409278457e-06,1.1052215702709055e-05,1.5612040478886605e-06,6.968902684976184e-05,3.6428758578820343e-06,8.245473807634521e-06,2.2857472445335046e-05,-1.3009009124876445e-07,3.704836415228655e-06
1988-02-01,3.484840181578999e-06,4.467145222896893e-06,2.6625942502133623e-06,3.5382610582221726e-05,1.3517811594782222e-06,9.221446965251615e-06,1.057151138593173e-05,-2.637014487804048e-08,3.0874732468025356e-06
1988-03-01,1.7731949635258373e-06,3.2115779383230424e-06,2.1513763093331095e-06,6.234658063985959e-05,-1.5752594107202394e-06,5.695586005307037e-06,2.969610247338603e-05,4.3287457572574426e-06,7.701782782880522e-06
1988-04-01,5.9811949420620275e-06,2.925506725198215e-06,1.3279237303460855e-06,0.00010183203154374369,-1.9784085338706625e-06,8.091304674040948e-06,2.253186174384924e-05,1.993680979697405e-06,6.817841842701053e-06
1988-05-01,3.056248165188515e-06,-1.0522426384387865e-06,2.201648918898199e-06,0.00010034091535626217,3.42391870601726e-06,5.283509892772165e-06,3.850500472434674e-05,5.261122701391001e-06,9.047223483154903e-06
1988-06-01,7.050731521915604e-06,-4.3949827958080895e-07,3.02134763404087e-07,0.00012500033665796374,-5.545183253055105e-07,1.244890696821486e-05,4.227141211602882e-05,7.0089419562707686e-06,1.384860371076576e-05
1988-07-01,-1.147860335157603e-06,-1.8360305988577948e-06,3.3012000217741905e-06,0.00010483616074203036,-3.694379704904887e-06,8.59902400470021e-06,4.6899654651368176e-05,8.459110652132107e-06,1.2917261980620293e-05
1988-08-01,-8.361544355278723e-06,-1.4900729114192616e-06,3.469308902835471e-06,0.00013683997668703692,-5.329327569315508e-06,3.692235155755494e-06,3.2587213254369606e-05,1.0392260536969426e-05,1.7582939947017588e-05
1988-09-01,4.645047482928518e-06,-9.175841101057013e-07,2.0759920588474072e-06,9.498356645604626e-05,-5.299517833624364e-07,8.206712710554742e-06,4.342686930681024e-05,5.4037479481039414e-06,1.2136379112220638e-05
1988-10-01,8.778945257635492e-06,7.154748935749744e-06,3.2224093285807976e-06,9.587106581098741e-05,4.916498980921672e-06,7.392483784938984e-06,3.169899212421099e-05,-4.6303380917553803e-07,5.821425216985433e-06
1988-11-01,1.0387011013648315e-05,4.545606004465957e-07,2.4043541256545614e-06,5.3716120471552004e-05,4.300749194211202e-06,7.463859064572668e-06,1.3675461448948361e-05,8.640349137676548e-07,3.114834807521184e-06
1988-12-01,1.3733204718976282e-05,8.884490081036071e-06,1.8281453384804772e-06,5.5552183937022256e-05,1.1614330928713743e-06,7.108533457317142e-06,4.71344775710282e-06,-1.082371172078005e-06,3.3205848567181346e-06
1989-01-01,1.4245699239693143e-05,1.118873162585194e-06,4.0192402194570563e-07,3.932598782843589e-05,1.7708817340662357e-06,1.029149111774761e-05,1.9583618404771214e-05,8.52020342121725e-07,5.320933254237019e-06
1989-02-01,5.705779498423088e-06,5.162175283118104e-06,1.2787643913666444e-06,2.807274293481489e-05,4.584973598450768e-06,5.415489421790352e-06,1.1156358156953876e-05,1.9079730445719216e-06,1.1591275978730594e-06
1989-03-01,6.692787338119507e-06,4.8076443735281795e-06,1.2853324069812705e-06,6.388254950254703e-05,3.0080237201328994e-06,8.310684800000116e-06,1.0042825065931464e-05,3.923423757865992e-08,5.067255340587482e-06
1989-04-01,8.533664511013931e-06,2.783044897219063e-06,1.1709761996668026e-06,7.428436388616103e-05,2.362992203291514e-06,1.093133503387931e-05,2.8180354002344797e-05,2.8227425115372635e-06,6.34778530431119e-06
1989-05-01,-1.2772904675475177e-06,1.952929857268271e-06,2.285945308544664e-06,9.034003154987939e-05,-5.178083899143329e-06,8.147686403509125e-06,3.9560815250418e-05,5.20356813027222e-06,1.1278591673121545e-05
1989-06-01,3.057936815353843e-06,-5.198175897397671e-06,2.181986605710027e-06,0.00011076156822630258,-1.952062069117596e-06,7.723944936891572e-06,3.59564870761864e-05,8.809369491693479e-06,1.272466656939332e-05
1989-07-01,-6.470849772384848e-07,-6.366751739328412e-06,3.539507797315276e-06,0.00011607273458743883,-8.27741756885459e-06,1.0802000323682673e-05,5.162164214453236e-05,9.240579836656514e-06,1.7365555935889643e-05
1989-08-01,-2.9518430689311452e-06,-6.192778634727013e-06,1.5256626753481573e-06,0.00011956731151394747,-1.3905393009035356e-05,1.5903818913229058e-05,5.236807961079846e-05,1.2484826236456187e-05,2.22480204311705e-05
1989-09-01,2.2899776967835386e-06,-3.144304383095319e-06,2.196933562066127e-06,0.0001016516264136997,-8.26387510373526e-06,6.153511274461892e-06,5.06460022345012e-05,7.62099355908588e-06,1.683338463572949e-05
1989-10-01,6.9624140517074655e-06,-1.817273143471214e-06,4.051162851926842e-06,9.539611885181091e-05,-6.44810266442247e-07,8.50528411756971e-06,3.803263100940951e-05,3.508731237104719e-06,7.828684257466301e-06
1989-11-01,1.6124478717678088e-06,7.264810242799419e-07,8.653571869851641e-07,6.782732567798202e-05,-1.8875967226528853e-08,7.088454062819783e-06,3.4798614709861465e-05,4.125140052102652e-06,3.7772552869778377e-06
1989-12-01,8.356453585445853e-06,5.5769926454797455e-06,1.4376108389282744e-06,6.606688217559577e-05,3.1496783647317293e-06,7.325556884093942e-06,1.5988926805081157e-05,1.3862623049014711e-06,1.8641699296551475e-06
1990-01-01,8.504169270277623e-06,9.520968475046995e-06,1.279332949511204e-06,5.190721272575495e-05,5.359853256864711e-06,7.12875520957761e-06,3.1184205221481246e-05,-2.9383028452766786e-06,2.0882300409710846e-06
1990-02-01,1.0652992164609784e-05,3.2246262271776694e-06,8.178299844343091e-07,5.228688941800616e-05,3.3206840896009458e-06,4.037915030959424e-06,6.606634284718582e-06,-2.433095669340619e-06,1.1648136196624501e-07
1990-03-01,8.501803452093895e-06,6.439931775960816e-06,1.738002548562763e-06,9.332563665700277e-05,2.6361597104297443e-06,6.266803465795208e-06,1.9560259979596498e-05,-2.1192594141005425e-06,1.4342669175042676e-06
1990-04-01,-2.586527381249085e-06,1.933030525378147e-06,1.3872629381645136e-06,0.00011248956297352092,-6.54406309000737e-07,7.330561680387037e-06,1.9909981623747363e-05,4.639114751190077e-06,7.422076305515837e-06
1990-05-01,4.696230508916567e-06,2.4428822133822707e-06,3.34224716940845e-06,9.662564740882591e-05,2.8465222949668398e-06,3.3890887011635793e-06,3.9175993030040694e-05,4.108657179810526e-06,8.711073697331722e-06
1990-06-01,-2.441951613873951e-06,-9.774011183978063e-07,1.6565065594374941e-06,8.95969111998574e-05,-9.02205346110709e-06,9.196371178201102e-06,6.003131833645334e-05,9.553115378704303e-06,1.7770967254974416e-05
1990-07-01,3.4921394455316875e-06,-3.4522953662836733e-06,1.7262113195030486e-06,8.540393153319811e-05,-7.714214829584715e-06,1.045250403564277e-05,4.8491105086373055e-05,9.538919036121044e-06,1.985736537909827e-05
1990-08-01,-2.461803061944554e-06,-8.810729515701732e-06,3.9976445569273875e-06,0.00010718084554068743,-8.239639621962414e-06,7.860741556843596e-06,5.493616755152592e-05,9.770319394236278e-06,1.7351241584615486e-05
1990-09-01,-6.768921029241021e-06,8.984745083887294e-07,8.341835686953073e-07,0.00010140626483006564,-9.851517005264395e-06,1.4924213723850419e-05,5.6634384376638286e-05,9.558777096063786e-06,2.1362924307788843e-05
1990-10-01,5.589549025610423e-06,-1.69557752151216e-07,2.013954041864162e-08,9.385609383984548e-05,-5.228997655678978e-06,1.094088024609728e-05,3.2492364284455425e-05,7.700096082253526e-06,1.3991641127889883e-05
1990-11-01,1.2488278436084225e-05,1.4103451677008674e-06,1.65438151115578e-06,8.646996627165369e-05,-1.6020594772959384e-06,5.93347071763541e-06,2.8615792818283768e-05,8.958384227885676e-07,6.4497866290707325e-06
1990-12-01,4.932858949388393e-06,8.451759937738674e-06,2.5314720980954446e-06,7.731334089740592e-05,3.3049857959858616e-06,4.900159529167134e-06,2.2630860193547792e-05,3.915393059869728e-07,2.095099595133875e-06
1991-01-01,8.35206206799102e-06,7.994117984138947e-06,1.9700935350901196e-06,6.474074578382634e-05,1.3001730820205133e-06,4.61106225647964e-06,2.5675086013469175e-05,8.936297069016977e-07,5.640050690916987e-06
1991-02-01,9.079858497604636e-06,1.1822334422519919e-05,2.4937997752886797e-06,4.8663923198505013e-05,3.543197568638384e-06,9.35859078077959e-06,2.10065785951177e-05,-4.7042936366795804e-07,1.4559702043848147e-06
1991-03-01,2.733803970719736e-06,4.526609916699873e-06,1.574221341369754e-06,6.045720002408922e-05,-5.986973271998936e-06,8.300445785436343e-06,5.6872291873519986e-06,1.085693841810499e-06,9.308761933367056e-06
1991-04-01,-4.47150274504034e-07,1.6211129172955177e-06,1.4689874530433208e-06,0.00010317333900574204,-3.2031613323177953e-06,8.208536850323067e-06,2.8648025271374668e-05,5.416173552956892e-06,1.211836019686731e-05
1991-05-01,-1.0810308697755292e-05,2.795829015545255e-06,1.7455189129147677e-06,0.0001392483935976859,-6.853370291917934e-06,9.189866229342441e-07,2.3670141819003632e-05,8.017594775486215e-06,1.7402122683595278e-05
1991-06-01,-1.1249107308362642e-05,-9.550019077513335e-07,2.891268559760398e-06,0.00011475894944938358,-6.290482872668466e-06,1.7254551531482974e-06,3.854944867109305e-05,9.15284671276225e-06,1.6941995393975127e-05
1991-07-01,-4.00853193233381e-06,-5.0891672977407335e-06,2.8050946629036e-06,0.00012282494793288318,-7.697424882796651e-06,1.0258756147465186e-05,5.6734898303024674e-05,1.0009348981671911e-05,1.8200687402100754e-05
1991-08-01,3.5966056319460615e-06,-2.9919571303930678e-06,2.2369876856466445e-06,0.00012958662082904331,-5.709813230038606e-06,8.973338563049746e-06,5.7133103428851634e-05,8.948969249358785e-06,1.6037167355186657e-05
1991-09-01,-6.26835983925831e-06,-2.542232007019539e-06,1.5271941538561648e-06,0.00011234348491212226,-6.868049423630199e-06,8.39448656487236e-06,4.640369621232958e-05,9.864302994580107e-06,1.691756811513849e-05
1991-10-01,-1.0116756048527246e-06,3.869648127406955e-06,1.719835948728099e-06,0.00010317602933744487,-5.8906390605447445e-06,5.206491580051282e-06,4.4957890986957984e-05,5.4007253723181514e-06,1.53463607423553e-05
1991-11-01,3.0615703744447647e-06,3.8961388888361895e-06,1.2123379693835012e-06,0.00010262969493127853,1.0159989045144762e-07,1.1604067216863756e-05,2.4314389360800916e-05,1.0591630292752709e-06,8.592840841768547e-06
1991-12-01,3.7231335100758008e-06,-8.11346689701768e-08,1.9045822664005066e-06,9.296767686762321e-05,-6.840867347070676e-07,8.737280747125493e-06,1.8462001938986346e-05,1.5667205248056328e-06,3.4837236546170362e-06
1992-01-01,7.300070383196588e-06,5.8955625834906195e-06,1.2831040443193135e-06,5.139386402337211e-05,2.1637521614486568e-06,5.827489134462936e-06,1.6865465689719722e-05,-1.006997354071644e-06,1.8244813524617096e-06
1992-02-01,9.066211065736394e-06,4.641417168183925e-06,1.571603178551472e-06,7.353057959658138e-05,4.950968295470253e-06,8.653453795242052e-06,2.313681591477152e-05,-6.869448554339736e-07,3.149063264878405e-06
1992-03-01,2.301366051945909e-06,8.196047077713626e-06,1.604508591379597e-06,6.54045571979871e-05,2.842414835861383e-06,8.783613381992925e-06,1.9810477556107613e-05,2.4749638135310915e-07,3.2454957772464154e-06
1992-04-01,7.1680593676758795e-06,4.2091167269343535e-06,7.289403496627762e-07,0.00011068311433817007,-3.1000203394210268e-06,7.541029213401864e-06,2.716700061302297e-05,2.5718524015994612e-06,1.0781581645220866e-05
1992-05-01,-4.8504627793605355e-06,-1.2825819481559408e-06,2.823531928923625e-06,0.0001691969701733918,-4.925755894419732e-06,7.679395977986312e-07,3.551710571482626e-05,5.480907722294768e-06,1.482888686691767e-05
1992-06-01,-2.7246046235421355e-06,-2.6237449074912007e-06,1.027593028649618e-06,0.0001639672818962455,-9.740585118997902e-06,1.0323942096780151e-05,5.80028985770111e-05,1.0417417635148224e-05,1.6711199643756154e-05
1992-07-01,2.0602552678977385e-06,-3.0269729323161343e-07,1.5548420895373753e-06,0.00010487473266984953,-5.646013860563378e-06,7.244709448114966e-06,5.612186151526371e-05,8.971432903510647e-06,1.7786885739453285e-05
1992-08-01,3.3393351067900065e-06,-4.418745183459178e-06,2.9061396976770244e-06,0.00011085179249712798,-4.3474957121225e-06,8.96481196706099e-06,6.734023351893396e-05,9.276702099770582e-06,1.6858254886168185e-05
1992-09-01,5.224630384752785e-06,-7.45976273433879e-06,1.766184916194278e-06,8.925054440282054e-05,-8.903404897097815e-06,1.424225229612242e-05,4.080873710379323e-05,7.643861032412712e-06,1.8856153269033767e-05
1992-10-01,9.715616077725677e-06,-5.512657776274783e-07,1.5282695999494612e-06,0.0001044239707700141,-5.931457266502367e-06,9.83593717453184e-06,4.441606599823775e-05,5.3590529526181186e-06,1.1784114559484397e-05
1992-11-01,1.2403617856772539e-06,-3.783207461001558e-06,4.315435305659116e-07,8.642191309915148e-05,-3.7465871048660205e-06,1.0323855212618944e-05,1.7465287409988173e-05,6.522161950651349e-06,9.34808111008439e-06
1992-12-01,6.524963357368872e-06,3.4833359804666925e-06,1.108405933552444e-06,8.919600067632291e-05,-8.169938959117124e-07,1.030997435388304e-05,2.2293667231126027e-05,-1.028696452332483e-07,4.473889229250194e-06
1993-01-01,4.608107228740292e-06,1.1535364294959398e-05,7.913877164717849e-07,5.200935712244781e-05,3.2025817838723505e-06,9.207173642541753e-06,2.2269074959403074e-05,1.269652605292427e-07,4.052052462690083e-06
1993-02-01,6.055263598738057e-06,7.058478432427781e-06,2.1721283795588123e-06,2.2901696768114536e-05,2.709666364947075e-07,9.008815945065639e-06,7.608709913486117e-06,-9.121919792659752e-07,1.8851018677486152e-06
1993-03-01,2.467721715511489e-06,3.710981909707363e-06,1.65420683318984e-06,6.331544807795367e-05,-1.5380769856191849e-06,1.1137203393802846e-05,2.3079814466106924e-05,1.5071043901109473e-06,8.362870546785092e-06
1993-04-01,-1.556523924948236e-07,6.245299309709551e-06,1.6194532671301082e-07,0.00010978798924910914,-5.438652603303031e-06,1.0613448843322501e-05,2.313198449525451e-05,4.547504901555881e-06,1.025159594491865e-05
1993-05-01,-2.9301638151098e-06,3.245981467478493e-06,-1.193692661313675e-07,0.00013412965152809984,-5.874648154093617e-06,1.2340682686997694e-05,2.7203862259504835e-05,8.637844963956099e-06,1.4367358616433504e-05
1993-06-01,-1.0491630306128222e-05,-3.727488311990144e-07,2.7665894138452444e-06,0.00014313443250356793,-3.248158431172288e-06,4.524910875054057e-06,4.508105498457104e-05,1.0746615463585942e-05,1.2991857569052296e-05
1993-07-01,1.2760003582864398e-06,-7.288935581397641e-07,2.163627465743538e-06,0.00010706661497600662,-5.781350682967342e-06,9.467375654421114e-06,6.0626726490922174e-05,7.894973901921495e-06,1.470679854671845e-05
1993-08-01,-5.215557488052584e-06,2.339697659105036e-06,2.750010105858486e-06,9.070553749633713e-05,-7.74970529638064e-06,3.7722649311152492e-06,5.612434112469183e-05,1.0082105520641212e-05,1.6948464391045896e-05
1993-09-01,-2.448788047835374e-06,-1.542236455952276e-06,2.3598789341989685e-06,9.446601523050174e-05,-6.9207226913904525e-06,-1.0113072479597227e-06,4.401344528992987e-05,9.094026443893936e-06,1.5858411769019008e-05
1993-10-01,-4.853354216297449e-06,5.410642541315497e-08,2.1641476309955237e-06,8.974892611732566e-05,-5.069820204637685e-06,7.598060728451786e-06,4.128105028399615e-05,8.105288918225335e-06,1.0634941996649177e-05
1993-11-01,7.012119524359967e-06,2.8335887728065615e-06,1.5527205068415599e-06,9.54025772831242e-05,9.302907983220061e-08,9.912919542532736e-06,2.730420283729562e-05,2.512819642365208e-06,7.811341686936136e-06
1993-12-01,8.739206331355082e-06,2.2735131131321536e-06,1.9397139062433543e-06,7.184917752678518e-05,9.559447396400594e-07,4.583896682078208e-06,1.9794284626199234e-05,2.190735350517563e-06,5.711549856407275e-06
1994-01-01,6.039390337113801e-06,8.826182687410633e-06,1.291159165801086e-06,4.6526416681818384e-05,2.053979470632958e-06,1.1327279365138384e-05,1.5997689451235875e-05,2.453999351020015e-07,5.06012498442357e-06
1994-02-01,1.1350171684133998e-05,4.780578774782924e-06,3.345443981828444e-07,4.969050078453414e-05,3.543505034737926e-07,8.413194581024637e-06,2.056317660757021e-05,2.277857837007769e-06,5.884029790109599e-06
1994-03-01,-2.940711276625432e-07,2.0743186724050263e-06,1.778041754032064e-06,4.776561665762908e-05,-2.378016660171239e-06,1.1421137469016423e-05,3.0494333266825154e-05,2.9950069985443435e-06,8.975293250762157e-06
1994-04-01,1.5979887686988408e-07,5.245309878966982e-06,2.0102531484378783e-06,0.00010721563842960098,-1.9160559122532047e-06,4.1884669245969106e-06,2.9246852612517898e-05,3.78181832388511e-06,8.894153123765837e-06
1994-05-01,-1.6263758901118384e-06,2.7905095992488223e-06,1.6238243433425652e-06,0.00012216838507250722,-4.0220921554126e-06,2.988454639062319e-06,3.213371611195695e-05,7.712997659874955e-06,1.5176337008224082e-05
1994-06-01,-2.0359373696857348e-07,-1.6543972960037214e-06,2.6523842829058756e-06,0.00011770751467407177,-5.136835083135864e-06,1.3253617067168889e-05,4.899758554217246e-05,8.235269521972039e-06,1.673251422187165e-05
1994-07-01,-5.4639450179389526e-06,1.0987179248746375e-06,2.0801303985107606e-06,0.00012730419396017972,-7.113119807352304e-06,7.433139533044578e-06,6.4540229605826e-05,9.173691871772068e-06,1.667269819958946e-05
1994-08-01,1.27162391195302e-06,1.4775511676336137e-06,1.7554510136240247e-06,0.00011388753876570833,-6.238513696461621e-06,9.218485378924972e-06,5.7250298675341914e-05,9.585366004966574e-06,1.533527599375653e-05
1994-09-01,-1.1731732371942303e-05,-1.3956300152543057e-06,3.150525839325459e-06,0.0001251175170323996,-6.2083775026219395e-06,-1.738545948640588e-07,4.55907916549534e-05,1.009003024039782e-05,1.6940946637574833e-05
1994-10-01,-6.308290707547748e-06,4.732239226143071e-07,2.2930450734009026e-06,0.00010949561525266947,-5.036753373349636e-06,1.1773998292961378e-06,3.363375486054228e-05,7.5102134132560995e-06,1.3033250698462083e-05
1994-11-01,1.1815460371750708e-05,3.544089904949203e-06,8.270326166154343e-07,8.976415189075855e-05,4.168303968797031e-06,1.0699186021538226e-05,2.5416158369693165e-05,1.8952543560083857e-06,4.851713626228731e-06
1994-12-01,5.928060037153875e-06,1.1025527614258153e-05,1.0373458055799804e-06,6.907377343476375e-05,9.158656983711331e-07,8.447636904923968e-06,2.5504639741115177e-05,-6.121829425036446e-07,6.426982187036016e-06
1995-01-01,1.1475883688712052e-05,3.4577921238092405e-06,1.9850097203154594e-06,6.550396589368022e-05,5.684931069550135e-07,8.287801537193799e-06,2.8456755167828457e-05,5.335400369788249e-07,4.653076796608096e-06
1995-02-01,3.611002436312175e-06,5.5152490630648284e-06,1.6576062110722451e-06,6.67276708704312e-05,4.51310654619076e-07,7.643774846679364e-06,2.4860048144587918e-05,2.6317164149471202e-06,6.357062037362007e-06
1995-03-01,1.0723261033813231e-05,3.940777992194802e-06,2.201450109868116e-06,6.437435005181576e-05,3.2736173674034967e-06,7.946203671482813e-06,2.8151277521741748e-05,6.236322566444002e-07,7.133628497769579e-06
1995-04-01,1.0552785241392898e-06,-9.832395728848783e-07,1.4486611946387188e-06,8.814477997709752e-05,-3.136880258390504e-06,1.0067508053038984e-05,2.5466767743456892e-05,4.825205513305028e-06,7.26949179981712e-06
1995-05-01,-1.3643270607411218e-06,-2.77447525946546e-07,3.060540386205413e-06,7.457214617043043e-05,-1.5373167506960661e-06,5.9269109649294005e-06,3.199930188094446e-05,6.764815851840301e-06,1.0645524035339105e-05
1995-06-01,-4.804678580959494e-06,-2.449046153334688e-06,3.0183810930104093e-06,0.0001212184239657004,-7.040905666385066e-06,8.224802008811606e-06,3.916516188723954e-05,9.778406581402952e-06,1.9954714481355467e-05
1995-07-01,-6.822730118825996e-06,-6.54032178470506e-06,3.801862986126642e-06,0.0001620349263793593,-7.788603224582485e-06,2.6489032262424566e-06,3.7606447806843675e-05,1.1970316694338431e-05,1.921944090309998e-05
1995-08-01,-5.898883304553019e-07,4.663565984714492e-06,2.0921503120750914e-06,0.00015287191883859587,-6.428700939607987e-06,7.408883504893929e-06,3.328737371759147e-05,9.477147123654325e-06,1.728786284342336e-05
1995-09-01,1.1985249935779337e-06,-9.827295840253317e-07,1.8935599819261562e-06,0.00010707209109125725,-4.960579451307992e-06,9.704885570490662e-06,4.8443571141654347e-05,8.813542265056509e-06,1.5001053912211874e-05
1995-10-01,-1.0443178101033024e-06,1.009291098633052e-06,2.899077466960755e-06,0.00010458009201155234,-1.0055880370213417e-06,7.41283558251835e-06,3.9192873143463754e-05,3.5776592280489394e-06,1.0545894452009195e-05
1995-11-01,7.045751924358076e-06,1.644511482369848e-06,2.0662304288554898e-06,9.173121701350288e-05,2.083717296332663e-06,8.423928042151553e-06,1.972641884541413e-05,2.564379719027803e-06,4.019687728816168e-06
1995-12-01,3.1071060282771044e-06,2.795712315500741e-06,2.497378767666405e-06,4.0183573702422494e-05,9.974253391148806e-07,1.0069356933460386e-05,1.736464562818465e-05,3.049589168988802e-06,3.080883229132188e-06
1996-01-01,1.0697058917775592e-05,2.631438836852479e-06,1.4760728919621138e-06,6.715691833239329e-05,-1.6151822238007125e-06,6.237308298651884e-06,2.72965550801958e-05,1.373748412199435e-06,5.346168423187786e-06
1996-02-01,1.0154122100511228e-05,1.4929271068406872e-06,1.402847671215572e-06,6.590411916522383e-05,3.090884678984053e-06,4.11703937726569e-06,2.7937218343770497e-05,2.3549306439635406e-06,3.979570503864635e-06
1996-03-01,1.3426906968115006e-05,4.865512573728756e-06,2.373348215735176e-06,5.574820255591019e-05,2.010245832782231e-06,8.30652919640754e-06,1.9328180547131175e-05,4.4012883310855936e-07,3.9853344631180094e-06
1996-04-01,7.130733002895163e-06,-7.254594793736259e-07,2.188913725000231e-06,9.504091001334212e-05,3.4150241550782057e-06,1.1540577198015882e-05,3.309462174399965e-05,3.646958976155636e-06,6.4516303292554164e-06
1996-05-01,-1.277584467608169e-06,4.2797272587552005e-06,2.9041592025992666e-06,9.476298034424546e-05,-1.2668420249110865e-06,6.226546240090633e-06,4.1036295867386165e-05,5.083524503383844e-06,9.697606400136721e-06
1996-06-01,-3.76205320093462e-06,-2.2351312865747544e-06,2.816974583759356e-06,0.00010544905850983332,-6.568904824253482e-06,5.708286687083196e-07,5.023792797014076e-05,9.299034110919586e-06,1.73980697885976e-05
1996-07-01,-3.1843255775316886e-06,-7.369552139403842e-06,3.4817763676104717e-06,0.00011026184575190718,-8.042249226889133e-06,-8.220925905518783e-07,4.764231922959583e-05,1.0602788435801052e-05,1.6824305857623923e-05
1996-08-01,-1.040164705067425e-06,-2.7979132529162497e-06,3.1340140652402004e-06,0.00013205677875605983,-7.005278388520863e-06,5.815269666793069e-06,5.6955623270053975e-05,9.514910799811115e-06,1.725068125361884e-05
1996-09-01,5.18700552213966e-06,-3.5263308367589056e-06,2.937214763682314e-06,8.302693001189956e-05,-3.1197596850135554e-06,5.3706424456207096e-06,5.787661557005493e-05,8.478304811866203e-06,9.515602269240936e-06
1996-10-01,2.2071173551199983e-06,5.425205157760328e-06,2.9272710236852775e-06,9.152403222263754e-05,-8.10950005588048e-07,7.598088902888499e-06,2.4237055802415862e-05,3.477197317654397e-06,7.714665470253719e-06
1996-11-01,4.629921095041274e-06,1.0113362335376412e-06,8.364839504649419e-07,6.681868221258594e-05,-1.0673141733162243e-07,1.1316960840184187e-05,3.292093813416736e-05,5.528665111081342e-06,1.0233719989275729e-05
1996-12-01,1.3872232129998534e-05,3.2454228256988864e-06,1.2033934756885983e-06,7.961172681424675e-05,3.1193559522118023e-06,8.424589399982551e-06,2.927094169009674e-05,3.322830048616257e-08,2.967502085189026e-06
1997-01-01,1.2094710987948852e-05,4.533159338973027e-06,1.619552876515303e-06,4.695371832803565e-05,4.3110607880067675e-06,1.2557668488183611e-05,1.3585027953864354e-05,3.373368946970267e-07,9.7814192624783e-07
1997-02-01,1.4662290892461928e-05,6.7829240096816346e-06,1.6794165305634783e-06,5.9613222303030435e-05,3.8142307858030504e-06,6.105084181275208e-06,3.495613075479472e-05,-4.336043797516433e-07,4.4886869268787816e-06
1997-03-01,3.573983258118839e-06,5.632621523682204e-06,5.639858955797691e-07,5.689558818997196e-05,2.1209130069847684e-06,5.845859529263198e-06,9.366341612637732e-06,-2.3548493513953356e-06,2.812617162616165e-06
1997-04-01,-1.7261687778578811e-06,7.141901482613318e-06,2.7060050113152857e-07,6.561684611150684e-05,-5.220386371831098e-06,1.3537657804705977e-05,2.9685885286631208e-05,3.623045600714733e-06,1.2201853208501831e-05
1997-05-01,-8.636040404607675e-06,-1.1569217978509779e-06,1.799516579599453e-06,9.805146901085457e-05,-4.9881927640646205e-06,3.7981878687994364e-06,4.1779656001136924e-05,7.214169165523882e-06,1.1580130421898104e-05
1997-06-01,-5.541087586554554e-06,-3.3150526217093035e-07,-5.023915190741548e-07,0.00015706220604542765,-7.222500697989263e-06,9.535053357955657e-06,3.573253071261774e-05,8.6116186433499e-06,1.4215795139149753e-05
1997-07-01,-9.746292790100773e-06,3.5558218887153815e-07,1.2830264039851681e-06,0.0001429062541427281,-9.084417353627308e-06,5.521191777664081e-07,6.310808995682821e-05,1.1849053622833236e-05,2.0106807324299738e-05
1997-08-01,-1.6617923543427803e-05,-4.08998234043914e-07,5.017743891783774e-07,0.00010685681104328926,-1.1620641002162228e-05,3.8892816950426265e-06,6.36833079165047e-05,1.2373114368900157e-05,2.1197762813813655e-05
1997-09-01,-1.8950310449158324e-06,-6.4030214577563485e-06,-6.542161036545236e-07,0.00015218045673385624,-6.7882072047805755e-06,1.908825061004829e-06,4.813403979220019e-05,9.48493504579717e-06,1.753434093711537e-05
1997-10-01,7.051233248794556e-07,4.046849286799751e-06,-3.4025279905846474e-07,0.0001297409896049854,-4.188294841688289e-06,5.304228511423196e-06,3.2241316061042706e-05,3.530492365800583e-06,1.1574244355699959e-05
1997-11-01,3.0099033586513644e-06,8.564263944719047e-06,-4.894421804282976e-07,0.0001202091351409096,2.3024454572731167e-06,7.2359603551495506e-06,2.9466813434142586e-05,3.3720442461505083e-06,8.598200328741546e-06
1997-12-01,8.393430636000606e-06,8.154911299187028e-06,1.7163995068193952e-06,0.0001078750741203426,5.6428289507993625e-06,3.5931751901357613e-06,3.819174356578593e-05,-2.6847857033853284e-07,3.318269092383841e-06
1998-01-01,9.710493620769353e-06,7.44258450781025e-06,4.012089349726772e-06,7.263432535358845e-05,4.915289758541826e-06,1.0903612860286985e-06,3.3408671653944446e-05,-4.448982828887945e-06,2.83738352850531e-06
1998-02-01,-1.0166455396919872e-06,7.697703812984255e-06,3.5537708570908946e-07,8.828369746597405e-05,1.713443849709784e-06,9.256161070311457e-06,3.098682427807889e-05,1.0447683665599836e-06,5.903741172572202e-06
1998-03-01,3.200079524581315e-06,8.056023097083032e-06,1.8260104443636776e-06,9.933543807887635e-05,3.3392303949701383e-06,8.623454392491395e-06,3.737594249935905e-05,-1.8647508321465257e-07,4.800187025576523e-06
1998-04-01,-8.045586850008387e-06,2.5009491480189723e-06,1.5233214222304896e-06,0.00011560929656696708,2.2369518684798554e-06,3.6171039627612165e-06,3.619651863969414e-05,5.826164481938477e-06,4.705915342050252e-06
1998-05-01,-3.3528138192899666e-06,1.6987682826473511e-06,2.9151135085177266e-06,0.0001049263169782059,-2.0983906827419797e-06,5.885001705372291e-06,3.885992370880916e-05,7.4008374869690855e-06,1.1461454205488576e-05
1998-06-01,2.3565840888651305e-06,-3.824607879104972e-06,1.9229665655802775e-06,0.00011842884936491825,1.0371709230010017e-06,4.829551480061731e-06,6.002565006124768e-05,9.617880524210983e-06,1.1287374400069809e-05
1998-07-01,9.408531349428785e-06,-5.55574910097719e-06,3.047858265975239e-06,9.909412207199572e-05,-7.811128595382755e-07,5.577449810401471e-06,4.859637780821842e-05,8.830494084199139e-06,1.1181031103467473e-05
1998-08-01,7.801293747283774e-06,-1.7208726949357253e-06,2.7131629747450666e-06,0.00011093923199264472,-1.6411561537519107e-06,7.617855127171537e-06,4.9252814148543553e-05,6.7057296872655895e-06,1.2015998391627666e-05
1998-09-01,1.5178606154509272e-07,4.091942332950865e-06,2.1791043799012506e-06,0.00011599583843507032,-1.7328380561213634e-06,7.186164634416581e-06,4.431787892752109e-05,8.434785696151981e-06,1.3309284725241537e-05
1998-10-01,1.196312154753647e-05,-3.7339616468061623e-07,2.3429961358267646e-06,6.99921769760603e-05,5.585617303394561e-06,8.149920475325138e-06,4.2390894821331526e-05,4.060695056264103e-06,7.90235658444397e-06
1998-11-01,8.705784295803553e-06,7.093638534460486e-07,1.4647198382762476e-06,8.20634718761157e-05,-2.173921612933963e-06,7.873659616664605e-06,2.2576551523814755e-05,2.0437431665075677e-06,7.3159421330110885e-06
1998-12-01,1.404927364798316e-05,4.665338426099669e-06,1.925195135357562e-06,4.815292899513201e-05,1.8379985409970954e-06,9.273224482066935e-06,2.8374877269288778e-05,4.090605315623231e-07,5.538754349470143e-06
1999-01-01,1.1790741610428714e-05,4.89681729684848e-06,1.1351023219532183e-06,3.6818674979969404e-05,2.699102663679149e-06,7.711304358646843e-06,2.4405304293696236e-05,1.0660944838945456e-06,5.52314566980189e-06
1999-02-01,1.3905993542899104e-05,4.013205504289561e-06,9.109739930005158e-07,5.2377760952477886e-05,2.1383197301551092e-06,5.5356076380016246e-06,1.3066732619620465e-05,3.626071725504125e-07,2.824653805957626e-06
1999-03-01,3.5719348805648032e-06,3.8184263551435074e-06,1.6198647498833256e-06,8.964459779237495e-05,3.65965983991862e-07,1.0648510458708994e-05,2.9869215670305672e-05,2.8371185437307687e-06,6.3442732060581615e-06
1999-04-01,3.4038038728032833e-06,-9.018826825105698e-07,2.7012746062330216e-06,8.45663148366469e-05,-5.477959148534697e-06,6.607278883274563e-06,3.966016674734364e-05,5.546617739541357e-06,1.3041102114214529e-05
1999-05-01,4.6130432465508426e-06,2.098535295867155e-06,2.7270366991477426e-06,0.00010212882195344161,-2.222216680205594e-06,6.713978264304359e-06,3.4347272320145405e-05,4.097321329101905e-06,1.2056981522146958e-05
1999-06-01,-1.9397343287983013e-06,-2.5995067251959738e-08,1.5068041060688536e-06,0.00013506504162162517,-5.190678134772143e-06,9.642375552451876e-06,3.787268256112579e-05,1.0873583054987187e-05,1.800316315601867e-05
1999-07-01,1.5805537744355312e-06,-1.0331227184252643e-06,2.046394563065385e-06,0.00010994146168942948,-7.222110452945325e-06,1.251825577717311e-05,6.81803161924312e-05,1.0507754637731232e-05,1.716959684923682e-05
1999-08-01,-1.0503776648225297e-05,1.4450520309303617e-06,2.527154749137048e-06,0.00010997271812445851,-1.053507415874133e-05,8.706594722758214e-06,5.216818000940004e-05,1.1168472405076051e-05,2.1551572962081003e-05
1999-09-01,9.213390306450939e-07,-3.557975947096848e-07,1.927527324953334e-06,0.00012981345596375967,-3.4978692186560303e-06,1.083700920957037e-05,4.056267207435453e-05,7.616514888721262e-06,1.2563943747098016e-05
1999-10-01,3.9302142090927775e-06,1.504966402792089e-06,2.0169326402487545e-06,0.00010094462415638668,-1.822730563076347e-06,9.174451659523256e-06,4.216931468107893e-05,5.980372963445323e-06,1.1037741417988626e-05
1999-11-01,2.006900803481408e-06,-1.2638603803891559e-06,2.2424236505768425e-06,7.384031718092632e-05,-1.0950357826173363e-06,9.28415121067908e-06,2.5798591269877588e-05,4.325738492543534e-06,6.408442305787367e-06
1999-12-01,5.545083498572562e-06,2.436630190023666e-06,1.6196808802516188e-06,6.66648301098038e-05,-2.384499305572173e-06,6.116075997708503e-06,1.2372373053793063e-05,2.9038656428976304e-06,7.614420245072799e-06
2000-01-01,5.546849288995479e-06,8.58678987717576e-07,1.3876058029079034e-06,6.196204155673501e-05,-8.906269578626252e-08,7.38603555508959e-06,1.4229418960194376e-05,2.8176697032642366e-06,6.5718706588278635e-06
2000-02-01,4.285241611142549e-06,8.50510352440034e-06,1.2869424197462063e-06,7.868940666284422e-05,2.5109465775775996e-06,1.1003583691380529e-05,1.6720334709754022e-05,2.3490902196521504e-06,6.083486930211676e-06
2000-03-01,1.1165708447057556e-05,6.462576126954188e-06,1.4149598777293805e-06,8.390744170373811e-05,2.392508861492327e-06,9.16521796295531e-06,2.1060523366459408e-05,1.939474510643355e-06,5.695964463784453e-06
2000-04-01,7.2105331873851205e-06,3.015435861636765e-06,3.0735538146449157e-06,8.783606834560721e-05,1.3124050660033878e-06,4.29953728548601e-06,2.2522730075934846e-05,3.5939503957092965e-06,5.40059771662345e-06
2000-05-01,1.937641971687991e-06,8.766606391173964e-07,2.3516572071078427e-06,0.00011992984115070032,-9.919258587900829e-07,6.489740269487549e-06,3.512647276695009e-05,6.082141483729026e-06,9.308453482572299e-06
2000-06-01,-2.281219060747816e-06,-1.3527048614097504e-06,1.4143763877516055e-06,0.00017605723572673102,-9.056265534409706e-06,1.8058861314773605e-05,4.4141040191715214e-05,9.768272759313772e-06,1.891149080975177e-05
2000-07-01,-5.78018231056977e-07,-2.249472725588564e-06,1.8307901766348614e-06,8.591928887319747e-05,-8.390091985848024e-06,1.4445475945553432e-05,5.476568090050044e-05,9.863159665897513e-06,1.7806676966703508e-05
2000-08-01,1.839247391288083e-06,-5.3417167606467984e-06,3.1579956625878267e-06,0.0001423416035450882,-9.131422533234747e-06,2.074029352342633e-06,5.49130333202552e-05,1.0840819635481508e-05,1.92074794814806e-05
2000-09-01,-6.0383855417025906e-06,1.4801778564232579e-06,2.544699327522534e-06,0.0001238982567767592,-3.6976316183816295e-06,7.000180806098865e-06,3.4911934725455205e-05,7.34953866092148e-06,1.680411640699163e-05
2000-10-01,3.3364283002370457e-06,2.90959295658484e-06,3.2391090525776602e-06,0.0001079542553565656,-1.7551592307440465e-06,5.036322134611294e-06,4.1872690236851346e-05,4.897775672543168e-06,1.0096221147241356e-05
2000-11-01,-1.7230648664295657e-06,1.6608255772618215e-06,1.4344190513198836e-06,9.899847269960928e-05,-1.1383318431403633e-06,7.686403244790038e-06,2.4008161279370824e-05,4.2982013848961775e-06,9.258458099389092e-06
2000-12-01,1.0633540904099636e-05,9.77242681775208e-06,1.7880664248256467e-06,6.724769332444358e-05,6.145237519927283e-07,6.667522791946771e-06,1.7982246548831845e-05,1.6991787835410861e-06,3.6049135704978016e-06
2001-01-01,1.2652012933957277e-05,9.408323999234613e-06,1.3946051686808788e-06,6.840827140060433e-05,3.3435947461539036e-06,8.211510089348993e-06,2.78224679465562e-05,3.5082983882041858e-06,7.658597857883073e-06
2001-02-01,1.0920199989745627e-05,1.0763850182266756e-05,1.5901766327378207e-06,3.900275816404536e-05,3.844948189882349e-06,5.267971237227151e-06,2.9494823703845792e-05,-6.061854250230278e-07,2.073853774931369e-06
2001-03-01,1.1320294283598617e-05,3.612894079831034e-06,2.008706508955792e-06,7.148403182378124e-05,5.80884574717339e-07,4.784116576536155e-06,2.3771210694053167e-05,1.745150021408484e-06,6.681456656557647e-06
2001-04-01,1.0781938170678111e-05,4.2169953704601595e-06,3.0503369855371625e-06,9.66968653617648e-05,-4.562832440231498e-07,5.672576254214948e-06,3.5841110952785755e-05,2.5205795030692046e-06,7.51756043199897e-06
2001-05-01,-1.8327038841463457e-07,-3.0119712134974343e-06,1.4109962051365163e-06,0.00013741031961038327,-3.789867034044985e-06,6.6536274741146405e-06,4.647409766084591e-05,8.336693535527769e-06,1.183564029520162e-05
2001-06-01,8.101678534893781e-07,2.2672874736867134e-06,2.153842310731102e-06,0.00010479382616882225,-3.580796221451926e-06,1.0645787696407387e-05,4.669163875711672e-05,7.411456751596133e-06,1.367445050182436e-05
2001-07-01,-1.1034766978428325e-05,-4.800183800382046e-06,2.1632533591566054e-06,0.00015576845213469929,-9.935401519710784e-06,9.064610830581875e-06,4.7887283507974784e-05,1.2396886402806193e-05,2.1531150217632608e-05
2001-08-01,-6.09491077089396e-06,-3.7480445138061818e-06,2.8842751692886084e-06,0.00011660558935360455,-8.855400504495007e-06,6.51671218193506e-06,5.915056783604828e-05,1.195484786714316e-05,1.580281739206257e-05
2001-09-01,2.5933332133018367e-06,1.376502163364496e-06,3.192519277682614e-07,0.00010723234032377875,-8.359776109826048e-06,9.31597095610314e-06,4.4377757435318376e-05,9.796478509505154e-06,1.7501138723672422e-05
2001-10-01,1.3324128999578482e-06,-4.3761451360729505e-06,1.85304333816557e-06,0.00010393642500127457,-1.5523183368251557e-06,4.50536479012891e-06,4.189893721339875e-05,6.457955001078738e-06,8.73523716612241e-06
2001-11-01,3.9363582917803474e-06,-2.647313300865592e-06,2.7878897529219184e-06,0.00010626290053158559,1.8568080465350185e-06,5.070487011219258e-06,2.3340545854957328e-05,4.647638915317926e-06,5.551577514362052e-06
2001-12-01,6.193592811199264e-06,-5.44906089300467e-07,8.43337284940908e-07,3.489478576650569e-05,1.9211016781237884e-06,1.2108986269386756e-05,2.0843693694532172e-05,1.3802660010543812e-06,2.0114175500529144e-06
2002-01-01,1.1322456505050354e-05,2.6843661016133707e-06,1.6798287078078306e-06,6.131261927350381e-05,1.0037299008363473e-06,8.974182786527822e-06,2.6930753960005168e-05,-5.330778225107574e-07,5.6991751216961335e-06
2002-02-01,1.031847087747728e-05,2.832535278815237e-06,1.2152456950210205e-06,5.34287872881968e-05,1.286438455511626e-06,7.975227991642574e-06,2.5903474793162993e-05,-9.044207186859652e-07,4.268353743380362e-06
2002-03-01,5.709773322662005e-06,5.638985813918854e-06,1.6469244296395461e-06,8.995186511626082e-05,2.561555197238462e-07,1.0357166426536963e-05,2.7272264037881273e-05,1.0594261366513752e-06,8.48692743452979e-06
2002-04-01,1.1006383079089184e-05,1.8228070762075438e-06,1.5734160936619667e-06,0.00010824294684561275,-3.0288111009534336e-06,9.287728222129897e-06,2.8382940576806525e-05,3.771930894364305e-06,8.178224504447439e-06
2002-05-01,-3.166037652470392e-06,-1.7150940258506467e-06,2.0177573269022108e-06,0.0001421291613150486,-4.460043517299557e-06,3.9397502527638885e-06,4.483596847965127e-05,7.0016310291969985e-06,1.3472232329729232e-05
2002-06-01,2.614008563221949e-07,-4.4641289761705166e-07,2.392150309691778e-06,0.00012806659807164915,-1.5451519613406074e-06,6.104034772891478e-06,5.5287257337518686e-05,7.564822051104777e-06,1.4416095831443537e-05
2002-07-01,-5.511845962025031e-06,-4.911634614094023e-11,1.5707029777435056e-06,0.0001012322919559293,-7.656797342489576e-06,9.060655133950444e-06,6.104910711777822e-05,9.589987356341319e-06,1.7639143349510327e-05
2002-08-01,-4.060316154015493e-06,-1.0535532181318381e-07,1.9469571200279593e-06,0.00012883324457472825,-7.99316509292837e-06,1.57611316157004e-05,5.7270437850214e-05,9.344734498911695e-06,1.572588155017629e-05
2002-09-01,-9.6956010383539e-07,1.863374949092998e-06,9.135210154513628e-07,0.00011844620588247648,-1.44819328843377e-06,1.4304165184802242e-05,4.8875047900733675e-05,7.899690661996324e-06,1.4444245765439317e-05
2002-10-01,5.265004058900937e-07,6.491925283225529e-07,6.832545785158213e-07,0.00013434573308750998,-1.784118218584536e-06,9.120796926877371e-06,3.295820290193902e-05,5.472013530015849e-06,1.3651592761122124e-05
2002-11-01,5.303014046473172e-06,7.468470757908217e-06,2.0511069466528038e-06,0.00010448299332038457,-2.4230018794675017e-06,5.231221246851459e-06,2.9356735620056095e-05,2.2883500836338918e-06,1.1167654681523723e-05
2002-12-01,2.876311646427906e-06,4.03501866095309e-06,1.1428603336892401e-06,8.825028179383642e-05,-1.8133075820290975e-06,1.1316426909947685e-05,2.7215890223865354e-05,1.697119501883576e-06,4.768973130257869e-06
2003-01-01,9.827343318364436e-06,1.0409758803673619e-05,2.918798387941514e-06,5.5300558606673486e-05,-5.28814463938325e-07,6.088326477583332e-06,2.1673886026522273e-05,-1.4974026985423858e-06,5.738449621916039e-06
2003-02-01,1.070412908008182e-05,7.4108220220649495e-06,2.737701045959775e-06,6.36834462946924e-05,2.316571638722489e-06,3.964248037054209e-06,3.13017725619026e-05,1.3553696166322172e-06,-1.7828950020037917e-07
2003-03-01,6.5704709055051525e-06,1.016981564808325e-06,1.111160381230599e-06,5.570298026501924e-05,-3.618652806361801e-06,9.909514805418824e-06,1.7935741909093165e-05,3.1850102326313706e-06,9.702365809960644e-06
2003-04-01,4.016617090586965e-06,-7.599081509712135e-07,1.7485158083187527e-06,9.314921705530794e-05,-2.2595992498864577e-06,8.127312676109673e-06,3.244732689900882e-05,4.202208919501001e-06,8.835402402734121e-06
2003-05-01,1.6558058956853578e-06,-2.8465288219584743e-07,2.396204285420837e-06,0.00011637011994196489,-2.368585379394137e-06,6.5552194773274e-06,4.769250450784633e-05,6.221131299419903e-06,9.870262561228649e-06
2003-06-01,-1.0152288551956909e-05,-2.4127762337685575e-06,3.045639820330462e-06,0.00014501343232321714,-3.5636810586191857e-06,3.851558404978089e-06,3.4199490377477166e-05,9.609354793855698e-06,1.2479332640609617e-05
2003-07-01,-2.94167674459553e-06,-1.530976534018098e-06,2.5015193923865445e-06,9.923256111950871e-05,-5.430725720218027e-06,9.941212657354888e-06,6.208495120120015e-05,8.28952640531011e-06,1.6046735439569316e-05
2003-08-01,-6.504320105447901e-06,-1.318125684613102e-06,2.3550490146801404e-06,0.000101493660066739,-1.447898243226124e-05,7.384600885587538e-06,5.924335041445388e-05,1.1246022572959209e-05,2.085823779828078e-05
2003-09-01,-6.246954124543597e-06,1.9967440365900862e-07,2.8430406104625357e-06,0.0001148988683898303,-2.951772461512679e-06,6.403529899828683e-06,4.945894811451874e-05,9.329960371132844e-06,1.2628974634307053e-05
2003-10-01,3.5316487250239133e-06,-3.046331759905363e-06,2.2902156496307783e-06,0.00010235346182430842,-2.7185921358943504e-06,9.442546522196577e-06,3.623290511001411e-05,6.227505995078083e-06,1.0027226594791147e-05
2003-11-01,-2.753533259621665e-06,4.097417301511329e-06,1.5230755176892564e-06,8.326940146962213e-05,-8.512544999285681e-07,7.722832450442129e-06,2.0622330032267554e-05,5.2682292631401575e-06,9.709507192894527e-06
2003-12-01,1.075593821959505e-05,7.56842510672313e-06,1.4023926848945875e-06,8.581620933026122e-05,3.017399162660768e-06,7.632508102275883e-06,2.8953701026195368e-05,2.059310824700168e-06,5.2802046909812815e-06
2004-01-01,2.678830321277966e-06,5.790196839060073e-06,1.7256379302435745e-06,4.013191243570898e-05,2.6511797725794095e-06,1.0313988578959573e-05,1.3758655366848136e-05,-3.1782627873219974e-08,2.228301409745525e-06
2004-02-01,8.073039860310528e-06,8.743977563053293e-06,2.5906840512481907e-06,5.075654743192963e-05,6.842831855726219e-06,5.789335582489669e-06,1.8108925497195455e-05,1.8569221219435043e-07,2.7525804686668805e-06
2004-03-01,4.00940411110029e-06,9.276344115161832e-06,2.9960062724992333e-06,6.305088394191188e-05,-1.5915276910095455e-07,5.436416943728586e-06,2.4151907465989644e-05,5.694526107772907e-07,5.478481984157514e-06
2004-04-01,5.6502205587745015e-06,2.889638999858666e-06,1.0202422876657084e-06,0.00010010577440885114,1.2179759869226179e-06,6.404749991125564e-06,2.3094648699272748e-05,3.6390366880155417e-06,6.096230790169919e-06
2004-05-01,-1.9859923880070846e-06,-4.122494989412895e-07,2.9924957705043224e-06,7.791250122834727e-05,-2.6568293166771234e-06,4.52898488149804e-06,3.2186375496246584e-05,7.280990366725162e-06,1.234417858443795e-05
2004-06-01,2.1136662216202098e-06,2.4357126091233275e-07,2.458412366377596e-06,0.00011654668993251118,-2.613735662716248e-06,1.3376748933829282e-05,5.3965264108128775e-05,8.253255897010244e-06,1.220437497873086e-05
2004-07-01,-7.718746197224373e-06,-1.575784948418395e-06,1.1032656328901388e-06,0.00011728888622605567,-8.770644618189133e-06,9.645261057084472e-06,5.425531592170187e-05,1.1334753839973538e-05,1.5742957133017895e-05
2004-08-01,-4.840032381263228e-06,-2.576442469150037e-06,1.7843793624368343e-06,9.774334762296802e-05,-1.3036792946001385e-05,4.196855725440049e-06,7.83093653978495e-05,1.3095189885251598e-05,2.0157393125703733e-05
2004-09-01,-4.637460873938453e-06,1.4063240903025239e-06,1.8998646066065935e-06,0.00011087007601641674,-7.237707811166e-06,6.836647765603526e-06,5.300771180420984e-05,1.1216036382728435e-05,1.9141323603938776e-05
2004-10-01,6.099419536601863e-06,7.104094977317777e-08,1.131057586519958e-06,0.0001201486326169432,1.2308042910791274e-06,1.0270290192041066e-05,3.354077822567146e-05,3.7194777991752127e-06,9.789571256037005e-06
2004-11-01,-3.353292073574582e-06,3.82411914274749e-06,1.6468664306741413e-06,9.49871134523457e-05,-2.736480361781985e-06,4.234773374888531e-06,2.6597141406085913e-05,5.243688968058173e-06,8.115929595902143e-06
2004-12-01,6.506578803593955e-06,9.985669649244285e-07,2.021028813495394e-06,7.379382392128633e-05,4.585330287424515e-06,4.642733972477405e-06,1.910773146186847e-05,1.8768940116159932e-06,5.832036401547527e-06
2005-01-01,1.310410009410119e-05,7.596793299361417e-06,1.7967964202390327e-06,5.51713613460774e-05,2.871208999131489e-06,7.530227248817741e-06,1.4708052706553293e-05,-1.166043300725809e-06,3.897253504420473e-06
2005-02-01,4.482527536048703e-06,6.275566917063628e-06,1.0521756536405809e-06,5.149287680252867e-05,1.4144615062916297e-06,7.016364473691225e-06,1.9130327905726245e-05,-1.2920146782246373e-06,6.785618341553076e-07
2005-03-01,5.470496161475742e-06,2.425278979273774e-06,1.3149467252155289e-06,8.369998088293371e-05,-3.0972476058603813e-06,1.0759902442584943e-05,1.7444211748072775e-05,4.718616404909186e-06,8.178082322691099e-06
2005-04-01,4.833473948604352e-06,1.0370080837316915e-05,2.7570591280145764e-06,9.726265812494598e-05,-4.340962725853978e-06,2.4448857242966152e-06,2.3828658878572622e-05,2.0295781147002e-06,9.016438112728748e-06
2005-05-01,-1.4329614533054275e-06,1.564822949927694e-06,1.7169876354224128e-06,0.00016400438427716866,-4.663124260280091e-06,1.2551269371913419e-05,3.028089264945217e-05,6.663070837928551e-06,1.0120772203272064e-05
2005-06-01,-1.4448197357262212e-05,-2.707610364990066e-06,2.9033695342004565e-06,0.00015611271187667382,-5.938884568542585e-06,2.4588080040894237e-06,4.7285452543659304e-05,1.277691197760667e-05,1.684533701486995e-05
2005-07-01,-6.47146639512935e-06,-7.498478711420659e-08,3.3068385695975884e-06,0.00010353730693952273,-5.873548005903031e-06,5.415816955321906e-06,5.283359766079694e-05,9.786870421796752e-06,1.6019977099831543e-05
2005-08-01,-1.5661313689484203e-05,3.2363823062717735e-06,2.112098545526737e-06,0.00014261204442447714,-1.0685431338993964e-05,4.929803095311113e-06,4.897521226206549e-05,1.292240694742926e-05,1.730796168205428e-05
2005-09-01,3.364945640880135e-06,-1.5480152616100304e-06,1.3212347298600665e-06,9.026846682774349e-05,-2.8236272932422906e-06,9.826207863901032e-06,6.210768659256177e-05,8.160819148105832e-06,1.3132787499113629e-05
2005-10-01,4.328059461042667e-06,-4.641589599531125e-07,1.8432920996185842e-06,9.931284623224877e-05,-2.9401332924917036e-06,7.59982679527353e-06,3.0542628622396494e-05,5.336633727096638e-06,1.3391343656788391e-05
2005-11-01,8.44328720950028e-06,3.862597028875681e-06,1.5399004093798983e-06,9.971476792685604e-05,-1.8193582527064946e-06,1.2483836980485837e-05,2.469621121713201e-05,2.561175358251236e-06,1.0209960564177299e-05
2005-12-01,6.813302880203407e-06,4.969500995121047e-06,2.9457558513981583e-06,7.403376750244815e-05,1.1332724537153288e-06,5.748175786895902e-06,8.430891817996452e-06,1.2740296802707912e-06,7.485867699970324e-06
2006-01-01,7.17572040648502e-06,1.148405325438111e-05,1.3034140012531537e-06,4.5851455708426905e-05,4.807183155200025e-06,1.0893063499645614e-05,2.6577844130389882e-05,-1.1267099913160048e-07,2.357240247237908e-06
2006-02-01,9.7243372201096e-06,9.516566859929324e-06,2.3908048258431905e-06,4.704727594029128e-05,1.8002316466628443e-06,8.79559077756651e-06,7.140513554671684e-06,-9.766353417593223e-07,3.017313227071941e-06
2006-03-01,9.670199313664904e-06,4.866405994620783e-06,4.560300807269167e-07,8.370815871511954e-05,1.1822569033036327e-06,6.0454951472177945e-06,1.691942050962814e-05,1.4682473275957755e-06,7.691458757924037e-06
2006-04-01,5.178169433509684e-06,3.008895773848144e-07,2.744346521894213e-06,7.420427067844192e-05,1.7161830596240058e-06,1.2507851861506874e-05,1.8192582900359048e-05,3.0640388613068936e-06,5.8331980785527605e-06
2006-05-01,-6.262987883315424e-06,4.189435461435962e-08,2.0637961463950513e-06,9.196156574554382e-05,-6.480810065079626e-06,2.69850768919313e-06,3.892331714863772e-05,7.8145423316007e-06,1.4386476832506057e-05
2006-06-01,-9.129134749071723e-06,-1.755005157090487e-06,1.5097322261164716e-06,0.00015078524762628342,-1.0762439524774886e-05,1.1986440434065854e-05,4.03605638278782e-05,1.1841368244381056e-05,2.1682221561487093e-05
2006-07-01,-8.843466446472674e-06,-1.6257154951631906e-06,2.314712252437964e-06,0.00014579680796459734,-8.865704977182698e-06,3.0645864888443715e-06,4.657997668295797e-05,1.1180423734736043e-05,1.8385340085179423e-05
2006-08-01,-7.35315332806425e-07,1.2455392081045144e-06,2.2708049487433274e-06,0.00013202129227986761,-4.378149032534803e-06,5.834997814110137e-06,5.675143607881678e-05,8.59601429347593e-06,1.5098799358389739e-05
2006-09-01,-7.170289100326063e-06,3.965430361002336e-06,2.42980990642059e-06,0.0001132750045560218,-4.76057145808889e-06,5.307276404735126e-06,4.6496653463804386e-05,8.692726077755355e-06,1.5851754439485986e-05
2006-10-01,2.115846506171986e-06,6.800418914743451e-06,7.681616542328563e-07,0.0001289995041773354,-4.798941849304726e-07,1.37847874868483e-05,2.9131190682107656e-05,2.984584332085226e-06,9.90658054249297e-06
2006-11-01,2.582513625140921e-06,3.804792309143189e-06,1.4224904985234771e-06,9.015187269891885e-05,8.783243682419019e-07,7.5766662029819575e-06,2.104026065833452e-05,3.008509874065848e-06,9.326149662276546e-06
2006-12-01,8.86256933330073e-06,5.41672888879596e-06,2.6447299600218337e-06,8.447188412530319e-05,-2.541256984085949e-06,5.9946560233448235e-06,1.7391308942321314e-05,2.542189991188901e-06,6.557489928989482e-06
2007-01-01,1.1315775206410978e-05,8.045915722489092e-06,1.5157926208536562e-06,7.152120949676117e-05,2.2242064007158993e-06,1.7269277943100816e-06,3.406758184955573e-05,1.4762475052509227e-06,2.812878468308633e-06
2007-02-01,6.336411932050324e-06,5.553059323723389e-06,2.090420804169466e-06,8.818774623865574e-05,-1.4701663739292811e-06,2.015564876717917e-06,2.0337809940732147e-05,9.502194767262343e-07,6.5520057370813745e-06
2007-03-01,1.2416211850790626e-05,6.037134089781737e-06,2.3086171261388366e-06,6.531348167307339e-05,2.470850395981874e-06,1.149964029381205e-05,2.0229689516511798e-05,1.1270620081351441e-06,3.538348062984439e-06
2007-04-01,3.4586045118585395e-07,9.341405365650427e-07,2.378143077296993e-06,0.00011423054611860971,-1.1045157771295009e-06,4.619151650580349e-06,1.9865553000055833e-05,3.7300697492889068e-06,9.927318181321241e-06
2007-05-01,4.183056895757281e-06,6.030960062790956e-06,1.4619614039746194e-06,0.00012024560621258081,-4.1571386431897625e-07,8.482705287477164e-07,3.398012327728465e-05,5.882677943843385e-06,8.822281535677424e-06
2007-06-01,1.4285182875431856e-06,-7.848391075241038e-06,4.235463924933253e-06,0.00013811328841961906,-4.487752579100563e-06,-3.320029007664203e-06,4.9638536765066424e-05,9.025359864620817e-06,1.5681155174641146e-05
2007-07-01,5.2192708562903065e-06,-5.067050153188791e-06,1.8171323399279062e-06,0.0001232994278520554,-7.799212891116727e-06,6.764199061778191e-06,5.6053636789992075e-05,9.65706665199749e-06,1.8950211732918585e-05
2007-08-01,1.1127891830164126e-05,1.8035678105750849e-07,2.250341314016336e-06,0.00010731229149027204,-3.275472468577159e-06,9.591189183570707e-06,4.6229109901916324e-05,6.4900239963497085e-06,1.5679262234860126e-05
2007-09-01,-5.913063409035258e-08,-2.805747443168161e-07,1.9859399099669247e-06,0.00012373341812507672,-5.190066725750322e-06,1.049130753514894e-05,5.812963673960336e-05,7.313305068865607e-06,1.4549548891462251e-05
2007-10-01,4.3331956054239556e-06,4.6106461670422405e-06,1.8857351915707688e-06,0.00011405121361134129,1.230486997701734e-06,9.161461178028333e-06,2.751246458951944e-05,4.921040133910721e-06,9.030901566332488e-06
2007-11-01,3.4968071041976603e-06,3.1625301178413016e-06,2.3673191977530096e-06,8.554678831225877e-05,-3.447197382860981e-07,3.114701697822236e-06,1.285612517279905e-05,1.6083595898067482e-06,6.722817739791047e-06
2007-12-01,1.0632520366412504e-05,4.636442198937355e-06,1.4553465435333792e-06,6.713978907279693e-05,-5.561959704849174e-07,9.262010073583771e-06,1.5536176224480566e-05,1.7557527920444174e-06,5.887978839316107e-06
2008-01-01,1.1508336624566648e-05,9.614658300486478e-06,4.5021088502860694e-07,4.639539227760236e-05,4.259435391944136e-06,8.53071520933545e-06,1.4293653066578982e-05,-1.4253947633000677e-06,1.3103707918132895e-06
2008-02-01,7.218705480280195e-06,1.206918539726379e-06,6.65498288338649e-07,4.465989123221328e-05,2.813661586152066e-06,7.842113561558358e-06,1.3257322369380168e-05,2.3032191435989636e-06,4.2942142238272835e-06
2008-03-01,8.343008061988392e-06,5.395425760288608e-06,1.5822678583909345e-06,7.418116630979802e-05,3.1119895504797997e-06,8.470554172906684e-06,1.709846733186928e-05,7.258146557005524e-07,4.896463481636553e-06
2008-04-01,5.010104519121141e-06,-5.891429591002519e-07,2.4284729689488987e-06,8.49474615858579e-05,-1.1369125558953517e-06,5.4201000203545016e-06,2.3056244114808314e-05,1.961401574139011e-06,7.300465561360358e-06
2008-05-01,-6.654535709415012e-06,8.758924578915836e-07,2.5555043799145354e-06,0.00011905066392665574,-9.93357895692914e-06,-5.141282625344995e-07,2.6910005394018726e-05,6.929285949496468e-06,1.745611631501239e-05
2008-06-01,6.627540546497345e-07,2.078914238176054e-06,1.7167887996994124e-06,0.0001198137290999285,-2.8872171953766873e-06,7.390348849096549e-06,3.792982254765002e-05,7.9966962729524e-06,1.3682505212367382e-05
2008-07-01,-5.669011274132063e-06,-5.822389579702868e-06,2.759860930387037e-06,0.0001459797121374016,-6.784256503005309e-06,7.721101329461766e-06,4.294038256690085e-05,1.1141532598479775e-05,1.7480799201895278e-05
2008-08-01,-7.0524651223479435e-06,-7.6224912279830325e-06,4.190378976716935e-06,0.00014176774789988745,-6.175030735826342e-06,1.859499350832774e-06,3.240565236886169e-05,1.121835720142094e-05,1.6575571958571962e-05
2008-09-01,-5.51951058482997e-07,2.4593093195749036e-06,2.9234249187805178e-06,0.00010391349544148709,-1.6676749291707995e-06,5.195873286141581e-06,4.2205112416571555e-05,6.785285402885333e-06,1.0041533469938193e-05
2008-10-01,4.18962499082405e-06,4.572433656526444e-06,1.8688486084154209e-06,0.00011320869577124401,-9.936432816517314e-07,7.614606860991663e-06,2.807176327538896e-05,5.6642646136149345e-06,1.2348957466672483e-05
2008-11-01,8.681063740229792e-06,1.7004324776372848e-07,3.402084099953254e-06,7.5194430509909e-05,2.117237080839576e-06,5.700449215138875e-06,1.8857302002133444e-05,2.8150364572570675e-06,4.896643738079922e-06
2008-12-01,4.015334256327808e-06,2.043951681584046e-06,1.129133300537588e-06,5.7986617514787904e-05,1.5036817372459985e-06,7.432738547038118e-06,1.5184934331509956e-05,4.975289802576996e-06,4.490472664768224e-06
2009-01-01,8.928397468194811e-06,1.0870168471203572e-05,2.212519595044145e-06,3.087294882007227e-05,1.1214764526794493e-06,4.653200483620071e-06,1.4544297319792408e-05,-4.5688206411291936e-07,4.463813013303475e-06
2009-02-01,1.6316632437632616e-05,4.247590952838764e-06,2.191882196781654e-06,5.444720472755536e-05,7.240556127914501e-06,5.697978838409023e-06,1.673594129925415e-05,1.7270871890024214e-06,2.6151653549475824e-06
2009-03-01,1.0923208764955384e-05,6.167144863096631e-06,1.385564880043677e-06,3.6888140976501594e-05,2.754375855497341e-06,1.1126699912057051e-05,1.3434974707840556e-05,1.2086460041573897e-06,4.780776915225778e-06
2009-04-01,5.1190407227188664e-06,1.66182863733509e-06,2.408916181117868e-06,4.847453087211634e-05,-8.759542955415489e-07,8.785119213636609e-06,1.5475482913163295e-05,4.00351562005586e-06,8.2471641062506e-06
2009-05-01,-5.401659302960617e-06,1.1316754441015935e-06,1.1390864097061493e-06,8.43706576728743e-05,-8.681667199559616e-06,5.199477947198024e-06,3.780552024310181e-05,9.65480123027051e-06,1.4548167685940847e-05
2009-06-01,-6.5724984757818655e-06,-4.719136366794286e-06,2.2861023252637875e-06,0.00013410741924742961,-8.417241231157445e-06,2.537124301295475e-06,4.217050460171367e-05,9.792575131557993e-06,1.8505474709314738e-05
2009-07-01,9.816155983303044e-07,-4.189397035660255e-06,2.362661862286775e-06,0.00010989793073616674,-7.462829424368917e-06,1.2368148321513851e-05,5.8590383345624836e-05,9.848439503987447e-06,1.744887304460617e-05
2009-08-01,-1.1950868434686236e-05,1.1193607765696814e-06,3.325051039626354e-06,0.00012989284565232307,-7.0469546333365775e-06,9.97479376354994e-06,4.871736180325226e-05,9.512269033159574e-06,1.4118394465971776e-05
2009-09-01,7.316280460667567e-07,-5.451939187822104e-07,3.054057121125028e-06,0.00010930786720411466,-4.373269504995276e-06,9.30332074495312e-06,4.796315546388503e-05,7.637769100974356e-06,9.911019043369843e-06
2009-10-01,-3.5091003099156775e-06,-6.958054927514494e-07,2.9525405908612993e-06,0.00012088837990965603,-3.7691263680625186e-06,-2.594819417398083e-06,2.447288168448728e-05,5.5693187228924756e-06,8.73452063948155e-06
2009-11-01,-3.7921084067920426e-06,9.17218614498706e-06,2.2330330192135866e-06,0.0001342143648718574,-1.778214463532632e-06,-3.0172807664665248e-06,2.5702346145843145e-05,4.405236524423945e-06,9.995848726952322e-06
2009-12-01,5.055003568676516e-06,9.06710119241727e-06,1.1252885964427204e-06,8.951999824819809e-05,1.200069266397959e-06,1.2302480359160604e-06,2.7818729804198502e-05,2.9353219147387937e-06,4.839710336982818e-06
2010-01-01,1.6794987316330538e-05,9.296015473185405e-06,1.6741106194479551e-06,4.7804400399999714e-05,6.859334713004448e-07,9.593819814858697e-06,2.0923001652007635e-05,-9.68628483932697e-07,3.2263291802384824e-06
2010-02-01,1.0831679240610098e-05,6.473647231332798e-06,2.006339485815308e-06,8.896519314013722e-05,2.455469231242102e-06,7.713796135007771e-06,2.969426437533369e-05,-3.41311832989032e-06,8.840611837233222e-07
2010-03-01,1.1322888550918578e-06,7.81081822878361e-06,3.023143917313021e-06,8.16915591099166e-05,4.4816343722775963e-07,3.2953551950809865e-06,2.952888411150555e-05,9.877736070163657e-07,4.331793863875339e-06
2010-04-01,8.198410599097381e-06,4.2410772706683775e-06,1.1252384700712798e-06,0.00010855376468355861,-3.3038557866975746e-06,8.772927663644906e-06,2.8792364306824394e-05,3.85744219369788e-06,1.073465582707196e-05
2010-05-01,7.3412805294308496e-06,-3.3829336843065853e-06,1.931678975916915e-06,7.813243807117882e-05,-4.19538653521651e-06,7.126071015195365e-06,3.6999663153331845e-05,6.735007880100789e-06,1.2328000285906826e-05
2010-06-01,8.065962865573578e-06,-4.9711731025922895e-06,2.3038565369106146e-06,0.0001438929083390161,-5.6230458231108005e-06,9.969782738550032e-06,4.3414441445635487e-05,9.174660797782912e-06,1.4229775175975512e-05
2010-07-01,9.209084189596832e-06,-4.832728711348264e-06,3.5684924351685164e-06,0.0001058425735037915,-7.507225114720032e-06,7.0040747234613495e-06,3.07611023462247e-05,8.437361137598462e-06,1.5691260994898605e-05
2010-08-01,1.8204498450105265e-06,-7.891445100130416e-06,4.44818494091438e-06,0.00013961179251700326,-2.616459954075688e-06,3.0341425438711697e-06,3.91310913732063e-05,1.0750003882676387e-05,1.2068471961127808e-05
2010-09-01,-2.578320185547906e-06,-2.7645676024504608e-06,3.644486800696574e-06,0.00010191131094409829,2.3916037328660595e-06,4.270022468985788e-06,2.9926621416574432e-05,7.76991279323088e-06,1.1248751168870503e-05
2010-10-01,4.951329314436676e-06,1.42115530394508e-06,2.3436987316273844e-06,9.706185379975056e-05,-7.115966636871136e-07,7.3232256763994286e-06,3.365909735044827e-05,6.03893284014455e-06,7.865037428154016e-06
2010-11-01,6.8504296986033336e-06,4.543772272082864e-06,2.0043898795097394e-06,7.767949305698775e-05,-2.052334025214799e-06,7.714809094898723e-06,2.147120152185557e-05,2.3832829568963605e-06,6.797278134278023e-06
2010-12-01,1.1043893706647804e-05,3.440645216519089e-06,1.064327449813702e-06,7.818831996090516e-05,3.6969609745110976e-06,5.7701320265739275e-06,1.7472121906420717e-05,2.5139122155791682e-06,4.784901117282861e-06
2011-01-01,1.5542490111326782e-05,1.0358734579978723e-05,1.0239921077908909e-06,5.486873713594685e-05,7.045602797223344e-06,1.3556286793993297e-05,1.5872257948300293e-05,-1.3049525448558457e-06,1.1724437800130697e-06
2011-02-01,1.0342117347981377e-05,9.212977880096951e-06,1.987952707198973e-06,4.662190397338913e-05,3.355643900949388e-06,1.067493074828662e-05,1.1370684626079457e-05,-6.561083743293405e-07,1.0019865549392876e-06
2011-03-01,1.3412881893799042e-05,3.4194552477038437e-06,1.392482849500834e-06,6.853650844512739e-05,1.9197826719700905e-06,9.323495366628404e-06,1.569476183131565e-05,3.9155071531118766e-07,5.472577060859428e-06
2011-04-01,8.08954458728017e-06,1.7526280354737721e-06,2.6808916940192723e-06,8.036141912223715e-05,-1.3311656564775963e-06,6.406924155799555e-06,1.49785677102912e-05,2.9011980720030714e-06,6.744408467741327e-06
2011-05-01,6.927341893736811e-06,-1.844293659887736e-06,1.7923025302997648e-06,0.00010771725283550153,-1.5973844280948535e-06,5.963382034622205e-06,4.801517268897934e-05,5.127545830722254e-06,9.12746683016127e-06
2011-06-01,5.052336429341589e-06,-1.6600014590345118e-06,3.0178543372769563e-06,0.00012044647541592466,-2.731066376828958e-06,7.198260132512591e-06,4.579848442586874e-05,6.335890028237427e-06,1.0503946607035725e-05
2011-07-01,4.193703907475293e-06,-1.9359082461456833e-06,3.1264324765306627e-06,0.00012365760890936604,-7.223002730550955e-06,6.512660397828462e-06,5.149425365674164e-05,8.930599117835115e-06,1.773436017575357e-05
2011-08-01,-4.6395590226337156e-06,-8.157928829731306e-07,2.303558015315438e-06,0.00013506717445997468,-8.463150838633906e-06,1.4007667074178634e-05,5.254155361618149e-05,1.0101806035176569e-05,1.7948202124203105e-05
2011-09-01,-3.2716751886835464e-06,3.579365327730997e-07,3.7121890507489627e-06,0.00010334407033671728,-7.1592815574701856e-06,8.862683773723288e-06,4.935928032056937e-05,9.113266621350551e-06,2.0169491457471496e-05
2011-10-01,8.80530909935931e-06,-2.928652922254773e-07,2.0702375914037393e-06,9.715686832532263e-05,-1.0935157407085877e-06,8.973773251668144e-06,3.171817747288563e-05,3.4280515463086415e-06,7.436298017116901e-06
2011-11-01,8.57490790563892e-06,7.036391782400303e-06,3.5021289468064928e-06,8.640053405888468e-05,3.359828627946878e-06,5.368333093451867e-06,8.522148624888444e-06,-1.477812786975321e-06,3.89858498312208e-06
2011-12-01,7.4568352798598165e-06,-4.13670089647162e-08,2.8122151264534574e-06,3.92539784282263e-05,1.6612666247272473e-07,8.82725827019868e-06,1.6647512613903665e-05,1.250218009247423e-06,5.555862334455407e-06
2012-01-01,3.780438924817588e-06,5.558997777423767e-06,1.8687914064915048e-06,4.875595366029371e-05,8.496207113169188e-07,5.509700392124807e-06,8.282872307747495e-06,9.980335378046517e-07,2.657705331830559e-06
2012-02-01,-4.052692205375994e-07,3.4204507732633978e-06,1.1932038476889873e-06,6.13284586296545e-05,-2.588830355547038e-06,1.200782908477893e-05,6.670225120164867e-06,3.3711483176585372e-06,8.129009404951469e-06
2012-03-01,3.825893924478443e-06,3.26475862193948e-06,1.2665831944175454e-06,4.9565798139794054e-05,1.7105876165713645e-06,9.054461004327638e-06,2.9848583311930028e-05,2.2257022754230045e-06,6.003959888295753e-06
2012-04-01,1.1332010785922668e-05,3.3321919937726572e-06,9.370574610083322e-07,9.433978745328333e-05,-3.29358212597218e-06,1.0234833863676009e-05,2.5084958131937775e-05,2.5403645195759278e-06,7.831716714218859e-06
2012-05-01,-2.534376542126888e-06,1.3481895637954309e-06,2.357054329568397e-06,0.00012403273154380984,-4.796448782611825e-06,5.525816651914138e-06,3.4323728919393645e-05,8.436777232325886e-06,1.3032480585174297e-05
2012-06-01,1.572233561714754e-07,-2.023217109865074e-06,2.335589078981217e-06,0.0001321947061659068,-4.957395454908215e-06,-2.189307983820749e-06,5.092850426103812e-05,8.847526728413909e-06,1.4904326735563088e-05
2012-07-01,9.059243754838541e-06,-2.1987880697447993e-06,2.850056944578304e-06,0.0001080461430443814,-9.752246383783314e-06,-1.2824652898167759e-06,6.0341313272286344e-05,9.597569590557826e-06,1.8279649171054957e-05
2012-08-01,-1.8230081738867106e-06,-4.2906280733145e-06,1.1554507302151057e-06,0.00011255982490396912,-1.2311674569741933e-05,1.1612341343822072e-05,5.6916204253704074e-05,1.2652889857529897e-05,2.1259842989138775e-05
2012-09-01,2.863052280292492e-06,1.0510372259805148e-06,2.6385309872238256e-06,0.00010997402110075492,-3.6351046154537446e-06,1.007278305477382e-05,5.999618696415416e-05,6.247720690214238e-06,1.3016156097379734e-05
2012-10-01,6.532431901637381e-07,3.283818194200883e-06,1.5856913998875012e-06,0.00012010046394876183,-1.1798935323569329e-06,5.510465215748742e-06,3.25966749593109e-05,6.166854830201632e-06,1.0163499385641815e-05
2012-11-01,3.277923975134472e-06,6.4449061490857884e-06,2.495152072316814e-06,8.93140900433307e-05,-1.867040507519051e-06,8.333353926418922e-06,7.987057542114802e-06,2.2977858215793946e-06,9.823718379238637e-06
2012-12-01,8.776437162519482e-06,5.9408896104504025e-06,2.9071299660095572e-06,9.553461303617191e-05,3.823463187570691e-06,9.164434989830225e-06,1.9138935685040393e-05,-1.5810020166388977e-07,2.0971003979063776e-06
2013-01-01,6.9618115068689914e-06,1.0798905852152663e-05,8.410799192481698e-07,4.788182335883097e-05,2.4452368349164713e-06,6.544109906206346e-06,3.256869049532263e-05,-7.964003374327032e-07,2.2179013409286325e-06
2013-02-01,4.880518724117842e-06,5.8385310960261185e-06,2.211241327907146e-06,5.698910645609378e-05,3.273742351560907e-07,4.851921636424381e-06,1.4800850625924689e-05,2.8628005393427424e-06,3.181659868821159e-06
2013-03-01,7.268059935107673e-06,6.584220982394625e-06,2.637214960477548e-06,8.492291797022183e-05,1.1274192205640876e-06,5.229534445234825e-06,2.2760046758396192e-05,4.4912657214839107e-07,3.6956669112811755e-06
2013-04-01,5.551534275932189e-07,2.453053673336748e-06,2.399412438653334e-06,9.702694405243178e-05,-2.194752139378381e-06,9.251677794186298e-06,3.060486474160457e-05,4.2379952640447476e-06,9.130817090376883e-06
2013-05-01,6.484764658677102e-06,-4.897900184897569e-07,6.162881143450093e-07,0.00013232582497914184,-1.941607958585125e-06,1.0739882969606976e-05,3.4809258318930934e-05,7.165737500398402e-06,1.0707796869629774e-05
2013-06-01,3.948099052018596e-06,-4.914111488345788e-06,1.8209741229072199e-06,9.504286574643173e-05,-6.484465813051267e-06,1.1214621263289107e-05,5.440248512100012e-05,9.819240953726254e-06,1.591218747641602e-05
2013-07-01,3.663943098130317e-06,2.5464949977266124e-06,2.449598077758115e-06,0.00011875293580232435,-2.1340623768378023e-06,5.787942373379756e-06,6.002054964299276e-05,8.010733457768576e-06,1.1191183709242083e-05
2013-08-01,-2.366559257664261e-08,-1.1140154450550504e-06,2.034385697219384e-06,0.00010184900282974418,-9.278953013236225e-06,1.4532956882309865e-05,5.5363426081745466e-05,1.0595367554863721e-05,1.729234933258327e-05
2013-09-01,-4.558254040531322e-06,2.297358789668132e-06,3.909225078167246e-06,0.0001138056477823721,-1.909671392786366e-06,1.458385767839867e-06,4.583092368838388e-05,7.4237089533078325e-06,1.1590889847690818e-05
2013-10-01,1.0470818750037048e-06,4.618229141277812e-06,3.2683994206693326e-06,0.000113791959549687,-2.1307920149881025e-06,4.823453846996796e-06,3.306554250261398e-05,4.196212294335103e-06,8.891113681920394e-06
2013-11-01,7.430588415088387e-06,-9.097243261981699e-07,2.1748270480687378e-06,7.113271518166254e-05,-3.341408392636822e-06,5.45510823114032e-06,1.661955050264353e-05,3.146060263272102e-06,8.314273034548826e-06
2013-12-01,1.0604580243606623e-05,5.738949485560934e-06,2.1481253062525e-06,5.232410581301789e-05,1.7497298368568704e-06,9.369738725487099e-06,1.990313554276981e-05,1.1646768923983822e-07,3.6766578209068303e-06
2014-01-01,5.663280523412915e-06,1.0673554062095468e-05,1.1691565237419025e-06,4.364546915748805e-05,4.042299656575107e-06,6.100343291181954e-06,1.6825712340693358e-05,4.022657618728316e-07,8.780287714273639e-07
2014-02-01,6.253970169208211e-06,7.51849959925276e-06,-3.6539370804541777e-07,5.964170553177197e-05,6.363759347513701e-07,5.205464379125495e-06,1.7765704245137287e-05,-4.0405446584396274e-07,3.1267159997731003e-06
2014-03-01,8.152570879154114e-06,4.870244773538355e-06,1.4078724218214304e-06,7.464513869481754e-05,-1.7469729077153401e-06,3.453001122330484e-06,1.3298631434517e-05,7.879310406641378e-07,2.931825193206576e-06
2014-04-01,5.012129443155334e-06,1.4399071231900446e-06,1.7614105345806268e-06,8.865879616539483e-05,-2.2794840814323113e-06,9.634033961090199e-06,3.153113000148414e-05,4.154177990588908e-06,7.612620702492482e-06
2014-05-01,1.1668292369061177e-06,3.030767853179834e-06,6.566245356773852e-07,0.00011890497390223742,-3.535341281351443e-06,1.038872121941289e-05,3.4183259279475766e-05,5.47657849499967e-06,1.3063992209719481e-05
2014-06-01,4.138879890891649e-06,-1.7241798844794349e-06,3.1191822040152593e-06,0.0001232732999035636,-4.146095369589709e-06,3.3871326153929915e-06,4.216330303134062e-05,7.035574658451068e-06,1.2037821655636054e-05
2014-07-01,-5.5500599254649675e-06,-2.5017857378762693e-06,2.6909793942181213e-06,0.0001132261577682634,-1.2121594724298295e-05,1.3800829642127911e-05,5.8785768841508376e-05,1.1080965681067045e-05,1.854267069638312e-05
2014-08-01,-7.274678902172486e-06,-1.3084215687287697e-06,1.7120757946162497e-06,0.00011366961048914543,-7.653212422984762e-06,2.6035097565338476e-06,5.638806881936892e-05,1.169218098895286e-05,1.833646227117448e-05
2014-09-01,1.731332963365913e-06,-1.798394057605285e-07,6.437098196729779e-07,0.00013794552641339215,-7.412364353611218e-06,1.0171310614842513e-05,5.268106685220813e-05,9.68138248292446e-06,1.744712734157028e-05
2014-10-01,-1.2569763863751002e-06,5.923648674699901e-06,2.611872313105441e-06,0.00011817442662192882,-1.3287061753002115e-06,3.5300513876176105e-06,3.8608752185687034e-05,3.099391186855564e-06,1.146999478592196e-05
2014-11-01,2.4699965004669393e-06,7.493652904318358e-06,2.735537567645373e-06,8.55785782394773e-05,2.5892477528674123e-06,3.2297670541013798e-06,2.6823705510784366e-05,2.7688782268960684e-06,3.6525426965681466e-06
2014-12-01,1.2665528062270146e-05,3.203491077170077e-06,1.8810891167750887e-06,7.933073656170335e-05,-1.0846131006917375e-06,7.30338503374865e-06,2.1051001356193575e-05,2.296683954763037e-06,3.6152256565525446e-06
2015-01-01,7.040227803875223e-06,5.545863585314006e-06,9.788898535590108e-07,5.314049038796908e-05,-3.0227163137386945e-06,9.07887674028574e-06,2.3576693924796926e-05,8.82546208629821e-07,9.59485562765181e-06
2015-02-01,9.38480285121561e-06,6.499825991062444e-06,9.909591486618698e-07,5.817693886577077e-05,5.117101389012473e-07,7.594734443984328e-06,1.632654807476029e-05,-6.685526583603213e-07,3.928576526947253e-06
2015-03-01,5.910611449980218e-06,4.769113457688789e-06,1.2829845348617246e-06,4.6536773856995204e-05,-5.224122158219428e-07,1.0179727170651312e-05,1.2505316137158601e-05,-4.320505115242356e-07,5.613143250779854e-06
2015-04-01,1.2447603242842319e-06,-1.2337963455907724e-06,1.8561346464951687e-06,8.825255121119212e-05,-9.572578423099263e-07,7.585681295303831e-06,2.878787378819481e-05,4.889156364980494e-06,8.926784690336689e-06
2015-05-01,2.0938061452522476e-06,1.4255139512265572e-06,9.027824429431728e-07,0.00012328515511787676,-2.6516331461248767e-06,1.1091266425234321e-05,3.898762017763051e-05,5.608042376889911e-06,1.1274530637153965e-05
2015-06-01,8.25508965168119e-07,2.972802877177063e-06,2.363013072271004e-06,0.0001194224216606015,-2.4520827326521263e-06,3.945376116584493e-07,4.75564804963307e-05,5.1907014575738765e-06,1.4689344225819054e-05
2015-07-01,-4.183629981535951e-06,-2.221596646482017e-06,1.4373348796186023e-06,0.00013367692966954867,-9.228661032398655e-06,6.974071566457061e-06,4.6307252084367014e-05,9.549053365498967e-06,1.7476978182481805e-05
2015-08-01,-6.945582189213991e-06,-3.8067010437661896e-06,1.959722345579312e-06,0.00012978897855662835,-1.0302159670671291e-05,4.6962563299211506e-06,4.635956906023383e-05,1.1685677194498915e-05,1.725154654764033e-05
2015-09-01,-5.518552988705307e-06,-1.4342609024988946e-06,1.7555648943294667e-06,0.00011852693849547088,-9.569877983841055e-06,1.551402057101588e-06,5.386870486113582e-05,9.365932528161454e-06,1.766415247109919e-05
2015-10-01,-3.4188328032514577e-06,8.229218038432297e-06,-3.74131364485426e-07,0.0001523162714562207,-1.9423771861337176e-06,4.831756093118452e-07,3.361526847552948e-05,5.511160262026644e-06,1.280723620530334e-05
2015-11-01,6.925322459607564e-06,4.747855389512818e-06,2.1330876169720443e-06,9.790373076184843e-05,-1.084079850631941e-06,3.8078286989809293e-06,3.659563978688295e-05,1.600621645613814e-06,6.380562617399267e-06
2015-12-01,-9.478863680665154e-07,8.028319209354912e-06,2.3668958025352346e-06,9.8101327938133e-05,-1.3172247534640773e-06,3.847450551630938e-06,4.0274577844127e-05,2.357029306285449e-06,5.781067645693355e-06
2016-01-01,2.103012830063277e-06,3.065964561614722e-06,1.3829355369813676e-06,8.492572381753864e-05,1.8822476637515774e-06,7.627734147433341e-06,1.5890924048923952e-05,9.813880349826773e-07,1.9811265640793917e-06
2016-02-01,1.015852014559204e-05,8.192726251511658e-06,3.6895661547840125e-06,7.179364757969208e-05,-9.457077934787138e-08,1.1386263091479013e-06,2.5743576547647732e-05,-1.078059850727825e-06,2.366795374845387e-06
2016-03-01,8.49260074012806e-06,5.813177514017023e-06,2.352203578052949e-06,7.264466905220686e-05,-2.9899982858245556e-07,4.858721793116023e-06,2.153386353275074e-05,-5.992282409654987e-07,6.463053979896978e-06
2016-04-01,-2.566246992789626e-06,6.358172575334817e-06,1.5796452696840654e-06,0.00014200617342205772,-2.9356845751467592e-06,9.765916440900374e-06,2.9652796533386155e-05,3.4288848008387094e-06,7.709957274137182e-06
2016-05-01,-7.614450607642741e-06,1.8326730909386066e-06,3.941265142223627e-06,0.00013866114349270805,3.3998307517100863e-07,-2.371445617432691e-06,4.3227768245915015e-05,8.755752449799732e-06,8.920326150603079e-06
2016-06-01,6.722003803342875e-06,-4.9021887358066555e-06,2.4016058964912726e-06,0.00010355415471041446,1.4470932171804256e-07,3.762778009849096e-06,4.510608811938698e-05,6.6236333786044835e-06,1.0305053549176326e-05
2016-07-01,-5.191925605047234e-06,7.469846930101976e-07,3.3381952308715375e-06,0.0001458830202339427,-4.264613677110143e-06,6.214211803490995e-06,4.9249701568480857e-05,9.218820849988425e-06,1.6300119385648624e-05
2016-08-01,-1.4710846293802475e-07,2.5459850543087205e-07,2.9450926200209186e-06,0.00010056344642721428,-6.393037207418598e-06,1.1450891149283529e-05,6.536227305118887e-05,9.370445562398805e-06,1.7063982563165873e-05
2016-09-01,-3.2653595332701147e-06,-3.428547422093313e-06,4.1173895840721385e-06,0.00010039374988338488,-4.5822579088376135e-06,4.0043490562164804e-06,4.124233288093447e-05,7.936577484704287e-06,1.5190339878044635e-05
2016-10-01,-4.521974525412192e-08,1.038029920246925e-06,1.514390195690576e-06,0.00010573845342557105,-4.196055393199418e-06,1.1592299031825577e-05,3.578920056210961e-05,7.087198070063049e-06,1.1295030153239341e-05
2016-11-01,7.046998989258499e-06,4.398675228853616e-06,6.846201711648851e-07,7.468722930165992e-05,2.5620620478237193e-06,7.2594027498265416e-06,3.263603161141055e-05,3.7256237257347104e-06,6.296440491904976e-06
2016-12-01,7.125480764432622e-06,7.876585450995489e-06,9.930041804682572e-07,6.883282779188611e-05,-5.0986063055271296e-08,5.956954914259737e-06,1.386024505757231e-05,1.2323635862811388e-06,7.533234635274063e-06
2017-01-01,2.829313590771953e-06,1.2948259952525641e-05,1.6901400401458395e-06,3.5134665886131804e-05,2.9465438736151694e-06,8.24056342236312e-06,1.3811180489632517e-05,1.2226737532144945e-06,4.900223837891915e-06
2017-02-01,1.068558237798087e-05,1.0403432088519356e-05,1.4087298234152842e-06,6.057617160758632e-05,5.139453799501383e-07,1.2555837450225093e-05,2.25093272570823e-06,-1.2612291054477876e-07,4.2175001021015334e-06
2017-03-01,1.0149566833978893e-05,2.7649246149258063e-06,1.3203482160103188e-06,8.551149027874973e-05,3.159496136713804e-06,9.794023696666477e-06,1.0079965692484467e-05,2.1615720780870033e-06,5.426748889397615e-06
2017-04-01,6.67381369451473e-06,1.947109316424801e-06,1.955711081695231e-06,8.925775932095007e-05,1.1300001451356407e-06,8.859169816023002e-06,2.2223551325810143e-05,3.4024539003882406e-06,6.3704816597022215e-06
2017-05-01,5.225973537501927e-06,9.049449547826331e-08,4.0422838028109467e-07,0.00011301401488341896,-4.153231928672978e-06,1.069337447060086e-05,3.7797406032554046e-05,7.70620680979208e-06,1.0710843910943647e-05
2017-06-01,1.4062667530035027e-06,1.6502350756382448e-06,1.634029296468254e-06,0.00013027875368033136,-1.105435111414143e-05,9.154225137982261e-06,3.946697485811751e-05,9.675616732028905e-06,1.8276951603412062e-05
2017-07-01,1.3314300089823923e-06,-3.461431548429341e-06,3.5167346091823313e-06,0.00014097211741716706,-7.4275376318438425e-06,5.8765009257708816e-06,4.419453814619576e-05,1.0441020710155196e-05,1.7688706357508526e-05
2017-08-01,-7.860113583811933e-07,-4.172048080719607e-06,3.2035475701633756e-06,0.00013715374863987044,-6.883646174329186e-06,1.3831378515176385e-05,4.580580405282138e-05,8.568402251855362e-06,1.3815235897911811e-05
2017-09-01,-4.5149233367613057e-07,-4.542344987177308e-07,1.9056704625778226e-06,9.783580703074845e-05,-6.04883881742836e-06,9.037527565026163e-06,4.901023801545839e-05,1.0959151538508771e-05,1.7230465931011485e-05
2017-10-01,3.079308969090989e-06,2.6009455638173755e-06,2.7959680057851422e-06,0.0001115023828939088,-1.9198938595262757e-07,3.269465275305665e-06,2.45604809575991e-05,4.916126259720404e-06,6.424341098522369e-06
2017-11-01,5.432107453404994e-06,1.8853119824678985e-06,1.6052146340525523e-06,8.647157179649239e-05,-1.434837840731347e-06,5.018138405553586e-06,2.755539511055404e-05,3.537449948784355e-06,8.011341945237428e-06
2017-12-01,1.0003592036507159e-05,8.583909478754212e-06,8.100557159223951e-07,6.594061268132298e-05,-4.385235664233195e-06,7.974491221673029e-06,1.5148360055290709e-05,1.0156711732899762e-06,7.4540358490195335e-06
2018-01-01,1.2169504663094064e-05,7.5497656124247424e-06,4.1592119060043186e-07,5.067351585066493e-05,-6.097340671007307e-07,1.265129807248189e-05,2.810990595913326e-05,1.0367055380825554e-06,7.382999690268973e-06
2018-02-01,1.1448246058463392e-05,6.584777740504386e-06,1.5019869441850507e-06,2.9704575804637615e-05,4.8924858167711705e-06,1.2092243536017062e-05,6.387770061217884e-06,-7.992542672904322e-07,-2.153409224197432e-06
2018-03-01,1.2262937201693429e-05,7.707119838322878e-06,1.762680086035156e-06,6.728865572678392e-05,-2.3705351686276782e-07,7.5140667655463526e-06,3.048703046279375e-05,-3.760736717249148e-07,3.6083726018812964e-06
2018-04-01,5.077380641413635e-06,8.051865535950544e-06,1.6714393645561022e-06,0.00010054166865963417,-5.171486862765183e-07,7.119507596656704e-06,1.7260242821946514e-05,1.535782272206858e-07,5.9906038825174585e-06
2018-05-01,-5.156472021670175e-06,1.3928704513826388e-06,3.2457425430985116e-06,0.00011757574256032372,-3.424578824365541e-06,4.784829424938787e-06,3.3330511268850215e-05,6.002236300040857e-06,1.2422048709342077e-05
2018-06-01,6.19430531324709e-06,-3.5592354208144094e-06,1.3303290346647484e-06,0.00012099556512320652,-8.725238923822011e-06,9.319520061630726e-06,5.44961896707933e-05,8.940277436494426e-06,1.7025171651324838e-05
2018-07-01,5.65372384860618e-07,-1.7382315218697032e-07,3.1060064493924566e-06,0.00013274888605443094,-5.4705069442034964e-06,9.61396439418394e-06,6.192824877955069e-05,9.644418348523612e-06,1.2733960742684107e-05
2018-08-01,-2.768085383696057e-06,-2.906966331134528e-06,2.0945543715311633e-06,0.00010248096560875114,-7.703359486374432e-06,1.1791010217844143e-05,6.332693996927227e-05,1.1101775590558575e-05,1.7050964269545313e-05
2018-09-01,-3.76195926100068e-06,9.691414021242208e-07,2.835136210323794e-06,0.00010640786989066949,-3.521808111969757e-06,6.143368180653255e-06,4.157407195711851e-05,6.968556945809362e-06,1.1743445826655328e-05
2018-10-01,-2.997146180001693e-06,1.6252952141214846e-06,6.1193849799394e-07,0.00012311751597667838,-4.763809724405479e-06,6.947091196384075e-06,3.1157709238315254e-05,8.056363379641487e-06,1.1505879305813931e-05
2018-11-01,2.7291237550096292e-06,-2.9758047135702286e-07,1.89770852035292e-06,9.879225442421371e-05,-2.8922597822917434e-06,1.0422759855643487e-05,1.8469583304885773e-05,4.4959992038641926e-06,8.435314406401709e-06
2018-12-01,1.1665180436757667e-05,5.158339863704138e-06,1.8415217854942158e-06,7.73930187051221e-05,-1.971393194538994e-06,6.450224975200571e-06,3.3953485270031906e-05,-8.539133519981034e-07,7.687678321788187e-06
2019-01-01,9.955049082955083e-06,1.5393313181550378e-05,-2.219379534918342e-07,6.399471374628432e-05,2.1783359149890613e-06,4.512812258849762e-06,3.3120897429290455e-05,-7.136135415193287e-07,3.4911365715409204e-06
2019-02-01,5.738168064303148e-06,9.296700676336501e-06,1.565065074920024e-06,4.900038384068716e-05,-4.33795955397876e-07,2.5721622672787155e-06,1.764878728582227e-05,-2.6642176125764607e-06,3.669455598768356e-06
2019-03-01,8.203320573658513e-06,3.375244217331462e-06,1.4565929540307602e-06,6.391357988075291e-05,1.256438189728178e-06,7.918711078573835e-06,3.144436448386814e-05,1.8231234273279893e-06,3.890084991330848e-06
2019-04-01,-5.246768620186003e-07,6.651135199093359e-06,9.887499956855223e-07,8.272507374452534e-05,-2.1361719567411537e-06,9.226543733729661e-06,3.0552970813351693e-05,3.881324356539155e-06,8.684409194106718e-06
2019-05-01,6.565331692884675e-08,2.3516398970521953e-06,1.1312579197442002e-06,0.00010927544133821875,3.673144022733431e-08,6.001944121500191e-06,2.77447655485287e-05,6.260785016929049e-06,8.501062129035456e-06
2019-06-01,1.0023076025754415e-06,-1.2437550434180284e-07,3.5532978466012133e-06,0.00014265511509744023,-4.474988329665292e-06,3.8866689841382465e-06,4.3749587568003445e-05,7.076251197773385e-06,1.266077642213819e-05
2019-07-01,5.06001405459705e-07,4.3876727513330945e-07,1.8946315769627019e-06,0.00011772939417171276,-4.336063205579592e-06,9.687393653399132e-06,4.9575115594488136e-05,9.003016452937579e-06,1.2937832252726745e-05
2019-08-01,-8.761334118254797e-06,-4.1309629607920216e-07,3.824090465318557e-06,9.913898773467367e-05,-7.036081894945524e-06,1.946721196161501e-06,5.543556693298463e-05,1.1901680744679787e-05,1.9684107378861736e-05
2019-09-01,3.2177199339488856e-06,9.110946130522508e-07,1.050106813924353e-06,0.00011634229456805069,-7.443972502734053e-06,6.182029873458779e-06,5.082807945992527e-05,8.223052694670312e-06,1.674934793401763e-05
2019-10-01,-2.626071971089713e-06,2.880788311262073e-06,2.6622396481984555e-06,0.00010731367521201333,-3.600323500123688e-06,1.3325783130896226e-06,3.698389775979942e-05,7.230647341024175e-06,1.0390175820611681e-05
2019-11-01,1.0404508689484197e-06,6.293525529785011e-06,8.124567636068284e-07,8.471380830815138e-05,-1.7042739746878326e-06,1.090755835775035e-05,8.43428885800314e-06,5.17130624016886e-06,7.241575820935732e-06
2019-12-01,4.0167510438117e-06,8.84431993256802e-06,9.424235324289374e-07,6.048186340474798e-05,2.4061070760374083e-06,1.1283165138611187e-05,2.0360524610472964e-05,2.4656909239093015e-06,2.5644715079249204e-06
2020-01-01,1.1395973098818474e-05,1.00800384159862e-05,5.20413581331589e-07,4.8384870281367414e-05,3.053187598988791e-06,5.222624547570225e-06,3.0242633162860547e-05,-1.8722553418060846e-06,2.569102812955859e-06
2020-02-01,1.0612501182487531e-05,5.622812341289027e-06,1.002363681246088e-06,6.825226260701554e-05,5.982869350881426e-06,4.070847464191743e-06,2.5135396516584597e-05,-2.3106382884236147e-06,1.3515046941827138e-09
2020-03-01,1.948139911156116e-06,4.789308578836678e-06,2.165974504914823e-06,6.276248754878558e-05,9.913125243923966e-08,1.8378505683417207e-06,1.8010903454727743e-05,2.8992243054308646e-06,5.0495225108433655e-06
2020-04-01,-1.8870749068364708e-06,3.365886418082597e-06,2.3775876242533826e-06,9.252906716702827e-05,-2.596095833105193e-06,3.8718327167873455e-06,3.0774885118877315e-05,4.616212558929198e-06,9.411354002536301e-06
2020-05-01,1.3279567743865143e-07,-3.875669632879817e-07,8.199751853281567e-07,9.474697262492444e-05,-6.3034716502817724e-06,1.2453165144671e-05,4.2147760264761466e-05,9.393109632805905e-06,1.5954122000120584e-05
2020-06-01,-1.8571352693373032e-06,-2.06395147617518e-06,2.3203354130073574e-06,0.000152534572078628,-6.741941365065685e-06,1.2645751504046662e-05,4.486199317945896e-05,7.4273989046594444e-06,1.385998242297165e-05
2020-07-01,-5.827646792184969e-06,-2.8311977582792844e-06,3.3297401987787214e-06,0.0001497928021826292,-5.979774323683035e-06,9.87135656076561e-06,3.842862902097283e-05,9.700532963724737e-06,1.538733318548377e-05
2020-08-01,-1.247429740619402e-06,-6.4829336971455e-06,1.7801824744037296e-06,0.00012149895378055583,-7.118403670828881e-06,3.7735430018775774e-06,4.419772463532677e-05,1.0784415470767221e-05,1.682108970839587e-05
2020-09-01,7.413165122551896e-06,3.738295157228492e-06,3.114148760965307e-06,0.00011103104568632259,-2.55767061794035e-06,8.52528547729222e-06,4.344184655833805e-05,6.083195924778003e-06,1.3586222136147647e-05
2020-10-01,9.849709874472679e-06,2.20677853074875e-06,2.7391693886053875e-06,0.00010057236997540066,-1.3524447444167326e-06,9.382120941693356e-06,4.709351442185471e-05,2.7081920476781937e-06,9.291965533376358e-06
2020-11-01,4.027366297863692e-06,5.118969036073115e-06,2.7977433219893246e-06,6.992538495221558e-05,-2.5559875685260804e-07,4.67417894030954e-06,2.5673011797769036e-05,2.7135349116016903e-06,5.919163647708613e-06
2020-12-01,9.637592088190716e-06,5.039794142839678e-06,3.6817746962721404e-06,6.516328478624786e-05,4.362625547016114e-06,4.6870793150644186e-06,1.9529162886401516e-05,1.7387159162088924e-06,1.5090072667923427e-06
2021-01-01,8.166911763338814e-06,5.030279508783031e-06,1.710194624440811e-06,5.253538017132671e-05,1.7780052463892169e-06,1.1499942211728882e-05,3.070089432380632e-05,1.4642700845821181e-06,4.038418208736149e-06
2021-02-01,3.9944524080589965e-06,3.5234326598212154e-06,2.1874919553920652e-06,5.261460630615127e-05,1.2364499110184175e-06,2.5079875703662024e-06,1.3296401072178843e-05,5.15456199421841e-07,4.133846459684407e-07
2021-03-01,5.5102223369534016e-06,8.364559418182394e-07,1.811692841328411e-06,5.785911361802241e-05,1.453147770443147e-07,8.082460258604744e-06,1.2871568593736275e-05,2.1888820552025465e-06,5.8797672933672284e-06
2021-04-01,3.18768882870974e-06,3.395954123579889e-06,2.9242913701038614e-06,8.741583940583315e-05,-1.025539486425219e-06,5.291462717966507e-06,2.254380045248257e-05,1.3318979394329098e-06,7.264134114797515e-06
2021-05-01,3.333853383585487e-06,1.605005576454672e-06,1.742490602543008e-06,0.0001107352231985994,-4.203979410821766e-06,7.579244823375292e-06,4.451149098382912e-05,7.106072252898089e-06,1.2623467878534318e-05
2021-06-01,4.506129459966275e-06,-3.922577503910464e-06,1.1341143719374192e-06,0.0001123932779030714,-3.7850287977942797e-06,1.0070330115200583e-05,3.295022600564276e-05,1.0011430508995787e-05,1.473779486558513e-05
2021-07-01,7.89866104629877e-06,-5.354580975289616e-06,3.3885747939773913e-06,0.00010668335196804753,-5.089656629038042e-06,8.706695694935363e-06,5.5517283467762396e-05,7.419216738281157e-06,1.5786586618277704e-05
2021-08-01,-5.0085137087317125e-06,-4.0079861903399536e-07,2.6081572315966117e-06,0.00012651009259492167,-5.294998687441502e-06,6.434621401503907e-06,4.234493483436684e-05,1.0378949583822598e-05,1.627453077995015e-05
2021-09-01,4.248017468326042e-06,2.1746488798204207e-06,4.394136778697879e-06,0.00012164159294562142,-3.1192279514267627e-06,6.034517413837914e-06,4.7997022953748746e-05,5.872937314668051e-06,1.1028510310920711e-05
2021-10-01,1.2635476458911482e-05,-3.3925105085888617e-06,3.077080809301804e-06,7.791470165691687e-05,-5.14741935698965e-07,6.166136992621402e-06,2.802510613954836e-05,3.6870277680530373e-06,7.255062405459769e-06
2021-11-01,7.372506694617886e-06,-1.1823841186887262e-06,1.6964411927898308e-06,8.287856618041119e-05,1.7578012930800703e-06,9.548433860625636e-06,2.0170064934680935e-05,4.099110546985906e-06,5.354768130964552e-06
2021-12-01,8.396916880719305e-06,5.697066637140005e-06,1.3176875281551273e-06,6.421231739267604e-05,3.0191375949415176e-06,2.329495366218436e-06,1.856638557135258e-05,-1.5868832794526827e-07,3.281747244252265e-06
2022-01-01,3.091270898979223e-06,5.763388621481657e-06,1.5234257581770997e-06,6.223069216886354e-05,2.610876205013705e-06,5.719693918768833e-06,1.340452373583802e-05,5.997181224918665e-07,-1.4816844651921802e-10
2022-02-01,1.2311003400390197e-05,4.113050566875488e-06,1.4077806415933928e-06,5.653209597240497e-05,3.854526864725081e-06,6.082422933623798e-06,1.1074396590950543e-05,-2.5148259864626483e-07,1.167171191025055e-06
2022-03-01,1.3179984218615489e-05,1.0736316955380074e-06,6.252680348428162e-07,7.231738712340987e-05,-2.2299958111964638e-06,7.037466756961134e-06,9.911281624183745e-06,2.169974386565554e-06,8.319064968317685e-06
2022-04-01,1.2071494617538269e-05,1.7527014221484584e-06,2.206992802040599e-06,0.00010757351994849991,-3.9970216954433783e-07,5.372936239569426e-06,3.1241407487424765e-05,1.6775510245305154e-06,8.084849365110892e-06
2022-05-01,1.4492434974779887e-06,3.774919264873697e-07,1.8763335493441183e-06,9.797184311753418e-05,-1.269395561575365e-06,8.30679481500733e-06,3.608291118855137e-05,3.877028434620505e-06,1.1087208187674618e-05
2022-06-01,-1.3888451115454081e-06,-3.209150652047629e-06,1.8780042185728409e-06,0.00013938603198861377,-4.852995623578507e-06,9.115670442753696e-06,3.9061619599301334e-05,8.421424625598251e-06,1.4404785242941118e-05
2022-07-01,8.346084039255165e-06,-4.3524870454344565e-06,3.6449425148521396e-06,0.00015906984295740718,-5.839915625848986e-07,8.947793649297587e-06,4.083758994741276e-05,6.588130079085441e-06,9.555819332699949e-06
2022-08-01,5.692898578072204e-06,-4.76546274001855e-06,4.8681252251265666e-06,0.00010935213171914225,1.1488311504763561e-06,6.812547362223854e-06,3.498718141866917e-05,6.129465626999937e-06,6.297161696683539e-06
2022-09-01,3.2208545870238703e-06,-5.889807012447185e-06,3.325919298322866e-06,7.255578442667047e-05,-2.360894113092317e-06,9.52376258733485e-06,3.63776563809067e-05,7.467401979510095e-06,1.1766981396189043e-05
2022-10-01,8.410269665640918e-06,-2.0002385540212286e-06,3.626960478919481e-06,8.958846635321242e-05,1.3319571595239434e-07,7.4385243245047e-06,2.9013242984221558e-05,3.1927466948095536e-06,7.154348394782828e-06
2022-11-01,6.037429683152178e-06,-2.493992621634886e-06,2.7115124570112524e-06,6.14292579864214e-05,1.322242317810746e-06,7.423902075713633e-06,1.382091903224518e-05,3.328649565903918e-06,3.2076812546144375e-06
2022-12-01,9.736893080170892e-06,6.171731826192635e-07,1.8143372907403287e-06,4.1365404063523385e-05,1.4910198300024375e-06,9.177322447526823e-06,2.1614628652378685e-05,1.2347442590409421e-06,5.460062280524384e-06
