,vo500_cluster1,vo500_cluster2,vo500_cluster3,vo500_cluster4,vo500_cluster5,vo500_cluster6,vo500_cluster7,vo500_cluster8,vo500_cluster9
1980-01-01,2.0955762128502312e-07,3.09928590759421e-06,4.905327374265579e-06,1.1369446892927812e-05,2.574508829264786e-05,1.6348669274608499e-06,4.882393153728779e-06,7.399966525274966e-06,2.082315430921554e-06
1980-02-01,2.022815335587587e-06,3.0810420084979064e-06,1.4373270769555872e-06,1.4632171122665972e-05,3.478515945770606e-05,1.0506676356368821e-06,4.125496977682623e-07,1.0718293117313444e-05,9.21794679031981e-06
1980-03-01,-3.5294306482193783e-07,4.5272279045266055e-06,-1.7834976801699074e-06,5.327407979712077e-06,3.505624902675429e-05,1.456057925776228e-06,3.673439554369945e-06,6.5604482023889085e-06,7.0924693792467715e-06
1980-04-01,-6.243544129183535e-07,9.502047073204756e-06,-5.3040663204255455e-06,2.8190189887311862e-06,5.4051829804685714e-05,3.185845583820276e-06,-5.927745619817987e-06,1.6791680818702005e-05,4.006251722174305e-06
1980-05-01,1.06564073627361e-06,1.166333543208479e-05,-4.471824439974997e-06,1.761735622603825e-06,5.204229712819073e-05,6.458627559407248e-06,-2.7673060673753527e-06,1.2454714406881153e-05,-1.1042924416290638e-06
1980-06-01,-1.1011402814794616e-07,1.8843795816858256e-05,-1.2357734309946106e-05,-7.812155711857237e-06,4.2566823211351116e-05,1.0531411040484621e-05,-1.4150831521824368e-05,9.727204570747042e-06,-3.941775318253713e-06
1980-07-01,6.158545723212486e-07,2.0960669210922672e-05,-1.3689084344334879e-05,1.347325318026092e-07,5.348692662382659e-05,8.512536365432443e-06,-8.957273030047294e-06,1.3782790633479484e-05,-7.043035680668486e-06
1980-08-01,1.0971493637261244e-06,1.6546710142062116e-05,-6.327629089226062e-06,1.232266188067402e-06,5.2262097841974264e-05,9.640395612480288e-06,-7.86708041168072e-06,7.94325836268052e-06,1.6947062671604518e-06
1980-09-01,1.1460421214955045e-06,1.2926897830224857e-05,-4.002033317401036e-06,-1.877820227307386e-06,4.700281850013326e-05,8.419033328032334e-06,-6.685861642412299e-06,4.355229591894306e-06,3.747291901079815e-06
1980-10-01,5.38817432475286e-07,8.809610572454554e-06,-3.795222156364182e-06,7.524257478667804e-06,4.59579257482825e-05,5.253122009495669e-06,-1.0498056726279522e-06,3.5704799360627906e-06,2.8567822471153295e-06
1980-11-01,9.862187682184825e-07,7.344284581447691e-06,-1.0467915342284908e-06,4.3920944579938606e-06,4.0207260476489285e-05,4.0962447136716545e-06,1.1852997562267118e-06,1.5740794420545526e-06,5.96343005181026e-06
1980-12-01,1.2761351959119807e-06,8.463965495167067e-06,-5.256160915512022e-06,7.043226128789694e-06,3.9156977715684404e-05,2.614407390810684e-06,-6.0328449143848386e-06,5.532862259627091e-06,5.221115744847092e-06
1981-01-01,1.5799513469720654e-06,2.3113153304832146e-06,2.345397269754157e-06,5.183319808623031e-06,2.7880979097609507e-05,2.989270136126627e-06,2.28322990594458e-06,4.0406521527560025e-06,1.2001204803013984e-05
1981-02-01,8.20007176149777e-07,-1.426905229290427e-06,6.594227835077689e-06,1.097138777811996e-05,2.9788026588841e-05,6.004128036422845e-07,6.325427441888304e-06,4.259088401200258e-06,9.93907059313106e-06
1981-03-01,9.317603223902016e-07,3.6028339414682667e-06,5.05818473729942e-06,7.169066175187623e-06,3.5590619469804666e-05,4.0878999440057816e-07,-1.767242349151508e-08,1.0313525575021688e-05,1.7444006544762432e-06
1981-04-01,3.6120925039526934e-08,6.6342446377529775e-06,-2.3046795245099045e-06,1.2611825583671722e-06,4.873371456310419e-05,3.4339750635641997e-06,-2.4874410750637885e-06,9.571726691352465e-06,7.907166578351464e-06
1981-05-01,2.2658299715386322e-08,1.537660120665291e-05,-7.900983522904917e-06,-6.567251304442472e-06,5.665828600157752e-05,7.917757222989505e-06,-1.5222932863476898e-05,1.4663278105971756e-05,-3.4574331333374784e-07
1981-06-01,1.8439847641249573e-06,1.604999646729232e-05,-1.1920069460367269e-05,7.971496373700575e-07,3.854529981949082e-05,7.838095499106128e-06,-6.647265974369806e-06,4.933457733170693e-06,-1.0940209400331263e-05
1981-07-01,2.9362291315059203e-06,1.6910119448464235e-05,-9.933524607152883e-06,-3.9692399829780414e-06,4.6937069472655596e-05,8.276651293198196e-06,-5.809310295742232e-06,1.3214828292550919e-05,-7.329884956044775e-06
1981-08-01,2.0141097608208433e-06,1.9886511582003064e-05,-1.7061687523711056e-05,2.2796927984841703e-06,4.846759163061748e-05,7.742368828379933e-06,-8.827757660642047e-06,4.154295322664388e-06,-9.782202475325032e-06
1981-09-01,8.23091933028167e-07,1.6239440751569246e-05,-5.035172348130871e-06,-4.882850888240823e-06,4.1840483990509365e-05,9.680727807270359e-06,-8.648211280424274e-06,4.5189933681637695e-06,6.887397469008726e-06
1981-10-01,-1.0885976823195808e-06,1.3022607503238944e-05,-3.3729277638873923e-06,1.7666415264477457e-06,5.1867757930928146e-05,5.644495911231703e-06,-5.076112444161172e-06,5.752195369630298e-06,3.527516144584454e-06
1981-11-01,-1.5281222570442415e-07,8.076054411331782e-06,-6.458070300940105e-06,6.699773583804079e-06,4.061428267038404e-05,6.361381773391412e-06,1.9058618661234919e-06,1.7336629731255848e-06,-1.25815327277728e-06
1981-12-01,2.5408411832514733e-07,2.9694053886094067e-06,7.232036159170489e-06,5.097869580527108e-06,2.6319803728037832e-05,3.0054313077922526e-06,-4.2771372805341097e-07,7.016608614039951e-06,2.917954624392538e-06
1982-01-01,-7.140110459970716e-07,2.5636768418242163e-06,5.098199253156737e-06,8.374537864233156e-06,3.4355792150916e-05,2.7773856243364976e-06,7.304217747641613e-06,9.726715660051999e-06,1.1505889368352509e-05
1982-02-01,4.4539521939544863e-07,-4.914698667418076e-07,4.47367901862933e-06,1.2744845075442731e-05,2.2477538039981202e-05,2.345397432503376e-06,7.288660003619222e-06,4.669104492635862e-06,1.0043118930194008e-05
1982-03-01,6.99675849515608e-07,5.166254210398206e-06,-5.113018438442217e-06,1.0879329642714279e-05,3.298513950005903e-05,2.2443110983372508e-07,-8.065852054605504e-07,9.75154668850156e-06,4.267891061098188e-06
1982-04-01,1.3343141184717083e-06,1.005915525859883e-05,-1.090539503560502e-05,-4.649500763457227e-06,3.8132584571010915e-05,4.5795260063995756e-06,-2.9599753415069317e-06,4.486407929692987e-06,1.6379621455495779e-06
1982-05-01,2.597598652622226e-07,1.3919810879990588e-05,-3.735891221161893e-06,-4.169027986244172e-06,4.3928264551283024e-05,8.58698366203454e-06,-6.758868791548749e-06,1.2832997811531957e-05,1.7488444984680703e-06
1982-06-01,-1.032451733657539e-06,2.268940214803909e-05,-1.7203003611807035e-05,5.371875379053982e-06,4.89118237001639e-05,6.563733329856826e-06,-2.02048073485403e-05,1.5191033516871518e-05,-5.868939389618434e-06
1982-07-01,1.45293044056628e-07,2.309445355264311e-05,-1.4838113492800038e-05,-1.2341046599702979e-05,5.19759324505208e-05,1.1489617692400987e-05,-2.211193958634165e-05,1.110340240654981e-05,-6.306069112460261e-06
1982-08-01,3.6974401255874785e-07,1.7250907186530076e-05,-8.216313915090373e-06,-1.391274324513641e-05,4.710574916412892e-05,1.1857828433431428e-05,-1.6569635118733393e-05,6.863994662135161e-06,6.248079227959982e-06
1982-09-01,-1.8709861903699955e-06,1.7759811821538695e-05,-1.0148511368405025e-05,-1.4528487764085483e-05,5.3133476060544915e-05,1.2428873610039168e-05,-1.5022798506523506e-05,7.828380868441202e-06,-3.098823871309878e-06
1982-10-01,-2.2256490192633643e-07,1.6652743565945712e-05,-6.819429484086747e-06,3.1154347080418942e-06,4.843483994859345e-05,6.664409861036823e-06,-8.367520620032582e-06,2.6559608503035323e-06,1.2484317217460782e-06
1982-11-01,2.814039692101924e-07,4.940925320859209e-06,5.943845659517756e-06,2.1313009669049613e-07,3.8113230960344795e-05,4.311584921759069e-06,-2.167144690889112e-06,-6.005413481542818e-07,1.0693715682212665e-05
1982-12-01,1.2071291284473247e-06,5.483887601675508e-06,3.264810859737411e-06,6.750251468493622e-06,3.652413209053906e-05,3.0353502096689298e-06,1.1030748901597384e-06,6.556929144480309e-08,6.248351633856506e-06
1983-01-01,3.8755871504544145e-06,3.5799915413787624e-06,9.680728828465163e-08,2.8121381223197826e-07,3.103980780442514e-05,4.011056298664041e-06,-2.2850896804124165e-07,4.5713389460061454e-06,7.3079295142664665e-06
1983-02-01,4.255205260489176e-06,4.912634041193751e-06,-6.703496672339252e-07,2.0176782771962377e-06,3.0279323665789082e-05,1.084468227560826e-06,3.8399235767202646e-06,5.1177494273090755e-06,1.1511578339843496e-05
1983-03-01,2.373398548996369e-06,3.670220636232064e-06,5.4877636844212254e-06,1.77355078536759e-06,3.412772437204588e-05,4.09622323147357e-06,9.729293887021131e-07,-5.201237104431336e-07,5.764468996613712e-06
1983-04-01,1.6208471002150566e-06,8.408522275119214e-06,-7.042368654602099e-07,3.439807635465418e-06,4.2052059575662434e-05,3.580644463680782e-06,3.9559482139857845e-06,5.927231316445143e-06,-5.412918157690133e-06
1983-05-01,1.1068503530852811e-06,9.506451409509456e-06,-4.61035128983041e-06,2.0394327410433897e-06,5.196129733930179e-05,5.74222890582055e-06,2.479194516803481e-06,2.129073235185307e-06,-2.225076744204041e-06
1983-06-01,-1.330234838845718e-07,1.8770845560435328e-05,-1.1784487686557897e-05,-4.1268716018790684e-07,5.783749553445695e-05,6.423008161354525e-06,-1.2975814201529169e-05,6.983096750225205e-06,-3.565393773378945e-07
1983-07-01,1.6751292668136968e-06,1.754378012500414e-05,-1.5847141691537517e-05,-2.2443799267406822e-07,5.4577577194194203e-05,7.667503468554998e-06,-5.029304724319076e-06,4.02109834144132e-06,-8.302594624582333e-06
1983-08-01,1.3589687261105828e-06,1.5098328007394802e-05,-9.837217885384193e-06,-1.2110241848097141e-06,5.8972873631465216e-05,8.350685374974664e-06,-9.390331421968464e-06,6.2683308781154e-06,-1.284231227940246e-06
1983-09-01,2.392889737499839e-06,1.3967017037272159e-05,-4.6710149162359505e-06,1.6158846529663452e-06,4.812068778759094e-05,7.531677298838686e-06,-6.50473449677394e-06,9.116734577279743e-06,-8.627326138019756e-07
1983-10-01,8.786222696315602e-07,9.519745861920682e-06,-1.0163922041288538e-06,-1.4376656721960354e-06,4.122426773970649e-05,8.774830455118409e-06,-1.4000395997190936e-06,-3.4878183477220054e-06,-2.3035382750564824e-06
1983-11-01,1.3310221784894163e-06,7.054582042796543e-06,-5.08947429061451e-06,7.270903475852387e-06,3.4596665995880087e-05,3.2173628312692475e-06,1.5453594634432507e-06,3.3078837345736986e-06,-1.0588685633379106e-07
1983-12-01,6.777238262739579e-07,7.462476494193594e-06,-6.028881807840592e-08,5.4881276974885195e-06,2.746627137765725e-05,2.201919390860698e-06,-4.862098428318846e-06,1.0637622877979294e-05,4.797052712598518e-06
1984-01-01,1.207522006109126e-06,7.778112247218418e-06,2.3512892464941226e-06,8.358987903319784e-06,3.871851874879358e-05,5.162243863825106e-06,-1.1764105736196548e-06,6.437931903932567e-06,2.7400758560651003e-06
1984-02-01,-8.195890986693602e-07,9.185339858099416e-06,-2.7703333217530106e-06,1.007448539484319e-05,3.803602438700095e-05,4.133661790315975e-06,-2.0645678480954174e-06,8.632178665499909e-06,3.923775795131563e-06
1984-03-01,1.269189367899179e-06,5.785868588386518e-06,-6.40144038479034e-07,9.803814401785324e-06,4.30817518054414e-05,3.839720628395949e-06,-6.620369494355769e-07,1.1614089043587214e-05,-5.779761566098411e-07
1984-04-01,1.9304139242898207e-06,1.2705138069568939e-05,-8.504552871062156e-06,-1.4422727740665404e-07,3.932212287195254e-05,4.233431532192707e-06,-6.214458746193082e-06,7.708212297826879e-06,2.5303926047520537e-06
1984-05-01,1.4199734135022638e-07,1.3276435490754775e-05,-5.391876238768675e-06,-3.7103541575416565e-06,5.385892024968684e-05,5.5294989356603446e-06,-3.4589433562896084e-06,4.324231443994003e-06,-1.4505055371715953e-06
1984-06-01,7.362104818781375e-07,1.3052985553159705e-05,-5.087892906854628e-06,1.7313978518347615e-06,5.804290004744631e-05,6.033897526572709e-06,-8.108476700917776e-06,1.169942215182072e-05,1.5668632449585936e-06
1984-07-01,3.935390865129029e-06,1.3901210958445533e-05,-8.381126051186531e-06,-8.878950540806876e-07,5.8175073077190354e-05,6.646451178015216e-06,-1.8197952418911355e-06,8.62332725152648e-06,-1.2710797141648099e-05
1984-08-01,5.347983993143282e-07,1.8209606005803337e-05,-1.159777955333008e-05,-3.844991848053597e-06,4.5985849126133726e-05,9.159270093125259e-06,-1.1667942534679794e-05,4.049766686654244e-06,-8.099618731543546e-06
1984-09-01,3.1415613756112684e-07,1.9675559063284762e-05,-1.4350470925015622e-05,-1.5148698478646224e-05,5.262147319720759e-05,1.2732685691668688e-05,-1.7046715068350048e-05,8.207116399165413e-06,-6.2314196783775325e-06
1984-10-01,1.1292467641479527e-06,1.231676537622613e-05,-4.410451857089293e-06,1.6042176202463244e-06,4.9794052490806154e-05,5.2137305954960325e-06,-9.305810372636033e-06,1.402705064597491e-05,4.402953825711373e-06
1984-11-01,5.446307911008646e-07,5.077534715393528e-06,3.636156147065402e-06,9.938862303515354e-06,3.681296857795043e-05,2.7558631869825593e-06,1.0844294134461058e-06,5.947539041807146e-06,3.2532124974889556e-06
1984-12-01,1.8281118975454505e-07,3.5067585660912825e-06,2.5349791615559496e-06,1.1125401358616578e-05,3.200704126107944e-05,1.153722857647957e-06,7.177690749837305e-06,3.8980914595227096e-06,2.288331368147277e-07
1985-01-01,1.2017279830810088e-06,4.423077105085699e-06,8.260451433993435e-07,8.929109383238516e-06,2.9927163855804233e-05,2.492399936927215e-06,-2.464112476823211e-07,1.0972327578138845e-05,4.979801324161884e-06
1985-02-01,-4.007135657852349e-07,4.1828990148882e-06,-2.04331034574445e-06,9.449310873398427e-06,3.175030561959592e-05,2.1973939634606632e-06,5.8174928824096124e-06,9.331438424138408e-06,4.995985426501958e-06
1985-03-01,-8.544466692691125e-07,1.8669271175643493e-06,-5.154605689469615e-06,9.657189487238453e-06,2.5389409463305967e-05,-2.1747515721544735e-07,6.988153255638328e-06,6.716147212397674e-06,8.317176428424484e-06
1985-04-01,-5.698101702060179e-07,8.909188393775288e-06,-6.868932997961117e-06,1.3286824727217298e-05,4.0327921338965524e-05,2.8928284777135384e-06,-1.6196108665851525e-07,8.338689211645693e-06,-4.529246953120831e-06
1985-05-01,1.151013438473529e-06,1.4660001177855123e-05,-9.812023263419806e-06,6.239834611930766e-06,5.007034852054384e-05,4.134290577769715e-06,-8.42573449963729e-06,1.3758422862925322e-05,9.70728637417702e-07
1985-06-01,-5.072278169989467e-07,1.8874091336870964e-05,-1.1509085356167976e-05,-1.1809090000361398e-05,4.730620016310788e-05,7.592556821918527e-06,-1.3244540562615463e-05,9.561064202117878e-06,-2.9618264473229572e-06
1985-07-01,2.7944972250122293e-07,1.7591301701131835e-05,-1.0173177562794775e-05,-6.2048041477174735e-06,4.570202208762448e-05,1.0373393946204189e-05,-1.1982073879764324e-05,1.0875422612014345e-05,-3.2186721123074423e-06
1985-08-01,2.9936031433869646e-06,1.9607946908815725e-05,-1.5830554585393826e-05,5.42411877861084e-06,4.81693959089977e-05,4.701132921169924e-06,-6.944803743731855e-06,1.285952050092123e-05,-8.708294620092098e-06
1985-09-01,1.1433768723983853e-06,1.8981188833315683e-05,-1.1629910254092594e-05,4.6204969924562875e-06,5.379783815429331e-05,5.996259577676666e-06,-1.2729765061669147e-05,1.3317597343995533e-05,-5.480975748226232e-06
1985-10-01,7.016217160933565e-07,1.3011638368132614e-05,-8.006153882635993e-06,-8.254230056759388e-06,4.837592051114504e-05,9.177126149781614e-06,-1.0027768176966552e-05,3.115529846555881e-06,-2.6485470863904196e-06
1985-11-01,6.85870515581267e-07,6.993779795395262e-06,-3.3316262344833992e-06,3.2441141189449e-06,3.607378044567935e-05,1.5712932215872384e-06,2.3626703715963638e-06,8.38712570972758e-06,-1.5520288806473772e-06
1985-12-01,1.7128156911845013e-06,7.028682254167978e-06,-8.683321384751853e-07,8.698284052791524e-06,3.9252050561903923e-05,1.6263947408358203e-06,-2.0458869715593077e-06,6.763105315352489e-06,-3.349248829116655e-06
1986-01-01,1.3573463726348088e-06,2.8700454759066814e-06,2.819375066506996e-06,9.82193566499409e-06,2.58012014211518e-05,6.967920385314253e-07,2.1285880636191733e-06,9.321166066888286e-06,3.604932077717258e-06
1986-02-01,1.8333914054447083e-06,2.0144607308308656e-06,6.418236864173001e-07,1.0037015249948565e-05,3.300497096736956e-05,1.856852392429709e-06,7.634040421147085e-07,8.57496714892877e-06,4.893733615698659e-06
1986-03-01,1.716202543991429e-06,6.40038462240002e-06,-7.156454756686752e-07,1.0041292176585522e-05,3.556550485613696e-05,3.5626980770864434e-06,2.6181326705893966e-06,4.57418521194409e-06,8.934227881133274e-06
1986-04-01,-8.324808733945107e-07,8.606588209225299e-06,-6.497940830408628e-07,4.6416630284811165e-06,4.930013883349359e-05,4.188409459901875e-06,-4.3526861944163645e-06,1.2056259940946758e-05,3.624012208555916e-06
1986-05-01,-5.103444549172742e-07,1.226008466185318e-05,-3.1668687428392974e-06,-4.687471913643835e-06,4.284176591988433e-05,8.068234068697738e-06,-5.961060277174035e-06,6.857670787623195e-06,-1.8590680507844083e-06
1986-06-01,1.2188275463754442e-06,1.973953112626702e-05,-1.0907721368645284e-05,-7.4163510046496255e-06,5.271761574453968e-05,9.639335812838839e-06,-1.6371689805811937e-05,8.234041149717383e-06,-3.675153100221731e-06
1986-07-01,3.064642130701661e-06,1.9567445953844962e-05,-1.291119160555587e-05,-1.0962742880283882e-05,4.1141682740978016e-05,8.310938072999865e-06,-1.0155952134395937e-05,7.052265407781338e-06,-6.49753998641469e-06
1986-08-01,1.872234615971297e-06,1.870630603230045e-05,-1.4208633809178318e-05,-4.740866095474041e-06,5.417585712003897e-05,8.276064851215516e-06,-8.74481399904587e-06,3.2037994581740607e-06,-9.290504553135802e-06
1986-09-01,2.6338817079011737e-07,1.7496580060386063e-05,-1.2769209042411105e-05,-6.075966183657565e-06,5.6510311161414634e-05,1.0296455390732647e-05,-1.3759286898793417e-05,2.9792281503204275e-06,-2.128569591653985e-06
1986-10-01,1.8224362046796621e-06,1.2879494009194229e-05,-5.571858552751717e-06,-2.9236282768483123e-06,4.646861276567745e-05,8.564595865103925e-06,-3.524463378579829e-06,3.967713286758262e-06,-6.96225091899835e-06
1986-11-01,1.0358586193361275e-06,8.990852995625028e-06,-5.921115971676322e-06,9.195177830728073e-06,4.5511770080099994e-05,1.5849137418874562e-06,-2.313887288406609e-06,3.0043147439651026e-06,2.1857462450571858e-06
1986-12-01,8.949205279380344e-07,4.882336061683261e-06,-9.102376724207738e-07,5.679613177148343e-06,3.131626957864888e-05,2.4504160021975722e-06,-2.437322369847143e-06,6.087380906205097e-06,1.7417564654029608e-06
1987-01-01,8.606783260363476e-07,3.866345580793373e-06,2.9240982703070905e-06,1.7687918758725344e-05,3.636379064792696e-05,4.030346584358401e-07,-9.433733936855806e-07,7.760735447242721e-06,9.748609698128478e-06
1987-02-01,6.87487253785473e-07,4.082894337664598e-06,-3.9023577365247313e-07,6.0844760903607516e-06,2.7788573223909148e-05,2.6486545398116635e-06,-1.0385620114564394e-06,6.7721905654795194e-06,9.554371721466108e-06
1987-03-01,1.0701875969195585e-06,9.180265779680565e-06,-6.077028443680967e-06,9.516820116509606e-07,3.77126355851409e-05,3.6453983821641094e-06,-4.384198787897906e-06,1.0165727410805962e-05,1.3757035877809328e-06
1987-04-01,2.472684914888198e-07,9.245308446199199e-06,-1.9382358910497827e-08,7.30017465981412e-06,4.311485063802138e-05,1.4986825447678105e-06,-2.3464388242489374e-06,8.863914561098599e-06,6.4635396232128444e-06
1987-05-01,-5.486989852534885e-07,1.2403542811533392e-05,-1.9158839393046367e-06,4.0057224720565045e-06,4.6212275031081484e-05,4.179430493680666e-06,-2.497243205053768e-06,5.71658609884911e-06,-3.5244054148276927e-06
1987-06-01,2.0469615384574356e-06,1.3937122234166477e-05,-5.8065263223141635e-06,-1.9071076150088366e-06,4.0582822498813766e-05,1.0393937181003165e-05,-8.568641766858316e-06,-2.3576799729291253e-06,-1.1505742845024677e-06
1987-07-01,-8.505373267050625e-07,2.2688117982817306e-05,-1.4516864704272891e-05,-7.654843038438893e-06,5.91138017998441e-05,1.1814242111496334e-05,-1.7692714222005837e-05,3.348909247467805e-07,-6.610458079597979e-06
1987-08-01,9.677920975085189e-07,1.61018625691165e-05,-7.045173421610111e-06,-1.5809112640068704e-05,5.2221286840289436e-05,1.3573471980749446e-05,-1.3122453094477303e-05,4.42337305015119e-06,-4.487584425752055e-06
1987-09-01,1.032975602226371e-06,2.0767277430269746e-05,-8.781113961033375e-06,-4.89716121377778e-06,5.0280923459294953e-05,1.1317417458786408e-05,-1.635520223347224e-05,5.852753286098478e-07,1.371139989136316e-06
1987-10-01,7.009929966599046e-07,1.2803987498052613e-05,-4.334987701870472e-06,-3.6210572793513637e-06,4.7600002534277216e-05,9.498045350479864e-06,-6.475516621642257e-06,3.5318637264043912e-06,-1.942749106308656e-06
1987-11-01,7.117180943402219e-07,1.1740294987255422e-05,-9.072182816592267e-06,-5.493203454797804e-07,3.915804318114263e-05,6.939401858184539e-06,-7.76719089020258e-06,4.737882820264662e-06,7.18991521428879e-07
1987-12-01,1.2426380488699311e-06,4.564054289579895e-06,4.301454259356931e-06,7.228864158240108e-06,2.8933533466698007e-05,2.958887424644005e-06,-7.745236832549224e-07,7.5052747910113076e-06,3.7932620890515964e-06
1988-01-01,1.1529944683889671e-06,3.0141736436689295e-06,2.691341359064874e-06,3.182326162655256e-06,2.7768209162467483e-05,2.2953445662630634e-06,4.818948574680991e-06,7.237694932928801e-06,1.293777379335398e-05
1988-02-01,2.116933465876733e-06,3.694818631730518e-06,-2.516129558934807e-06,6.381979703031221e-06,2.4133932260502286e-05,1.3757654927534079e-06,1.5205100016747738e-06,6.332395050925857e-06,4.200200895271411e-06
1988-03-01,2.516124223978264e-07,9.331992581623733e-06,-6.9554227246736896e-06,1.3963129223833116e-07,3.332014478707009e-05,4.645136993640702e-06,7.984848140799089e-07,4.672866845877468e-06,2.9494361078940834e-06
1988-04-01,1.0506696947100563e-07,7.836192739061918e-06,-3.985337500522069e-06,6.887951816060171e-06,4.2587357132633325e-05,2.31649191634112e-06,-2.8548375322402486e-06,9.898916376109639e-06,2.146406366180446e-06
1988-05-01,1.0226522668137344e-06,9.409924717301913e-06,-5.9951374576814e-07,1.6562478669821835e-06,3.7218403884141194e-05,3.428448434293724e-06,6.088862132923376e-06,7.046487650015396e-06,-1.8892652509152752e-06
1988-06-01,1.0789745699015015e-06,1.2760098605672787e-05,-2.3494237199815317e-06,7.554529506394887e-06,4.449125183759812e-05,3.7651899151773597e-06,-1.7610190888125246e-06,1.2155301831657649e-05,-1.4527870130236908e-06
1988-07-01,1.9229480321620353e-06,1.4195097469329129e-05,-6.813620801557749e-06,-3.6850821130728282e-06,4.6581547639026067e-05,5.834879238242437e-06,-3.239128274316583e-06,1.2176502512826362e-05,-3.944982042064323e-06
1988-08-01,2.2682833827825352e-06,1.8808261249574928e-05,-9.755681019197046e-06,-1.4099176952330759e-05,5.1133181692788324e-05,9.16598993252655e-06,-7.856898519965246e-06,8.108432205272186e-06,-3.966031020499329e-06
1988-09-01,1.1286734127106249e-06,1.1747916719414076e-05,-2.1333798822934015e-06,4.763340988584489e-06,4.22633800748786e-05,4.482923424018121e-06,-1.288485128490125e-06,7.610024106637139e-06,-3.0402402607316946e-06
1988-10-01,2.830044155151038e-06,5.299164213737223e-06,5.898125155351393e-06,1.0213546889017013e-05,4.837621599092393e-05,1.8581906039689668e-08,6.327392264633144e-06,3.862507074881734e-06,6.5881360189147165e-06
1988-11-01,1.1650125746005205e-06,4.6346972203630234e-06,2.156674184988754e-06,1.0838380685349102e-05,3.407934156494985e-05,1.3987342148727176e-06,5.620884709997151e-06,5.693890776039371e-06,2.303352077848007e-07
1988-12-01,1.551979735060565e-06,2.0558615009171615e-06,2.003028861641307e-06,1.4286766490987275e-05,2.833761611678976e-05,7.597447026554591e-07,1.1202083311638364e-06,7.255917344738258e-06,8.857964771663807e-06
1989-01-01,-3.696198417365966e-07,4.570391567920287e-06,9.28632875092032e-07,1.4818229574667749e-05,3.0573910583039655e-05,-2.5676115476002523e-07,1.5398858840272917e-06,8.938182502083766e-06,7.951648512057387e-07
1989-02-01,-1.5611798158107996e-07,5.219994127852161e-07,-4.394230744620831e-06,5.4314286432311214e-06,1.694519642012858e-05,4.9719412850112e-06,1.2923539498011682e-05,4.2749768296894775e-06,5.6851470697228515e-06
1989-03-01,-7.823813729899853e-07,4.4629904482786674e-06,3.843805958849917e-06,7.653192252778594e-06,3.0251840097268923e-05,2.6644376242375194e-06,6.948907368809301e-06,5.9826221649690096e-06,3.5549869800819035e-06
1989-04-01,-1.4560592012541601e-06,5.437084945020383e-06,-2.6806818891756605e-07,1.2800125171613838e-05,4.349657175696574e-05,3.358794227015703e-06,5.675757873378807e-06,1.0360832064503414e-05,1.137825110175011e-06
1989-05-01,8.622278613932544e-07,9.924216872203735e-06,-7.135266601534472e-06,-6.52705562862999e-07,4.826970684952407e-05,4.998090093442114e-06,-6.055920410521351e-06,9.385114234052482e-06,-1.197150409819761e-07
1989-06-01,2.3587526764521767e-06,1.3914725959535524e-05,-8.925186643620557e-06,3.986037363955619e-06,4.981420816498354e-05,3.5306671762962878e-06,-1.1113378545614875e-06,1.0152831761857632e-05,-6.630621894630516e-06
1989-07-01,4.028839541974655e-06,1.809947603415547e-05,-1.6513837472298428e-05,-1.1097677776492764e-06,4.792702896448957e-05,4.918099328497564e-06,-6.2585800144464815e-06,1.3512706513828912e-05,-8.788066614596898e-06
1989-08-01,1.7086392748478556e-06,2.2818379985529137e-05,-1.6950523830718435e-05,-5.498496034846443e-08,4.667030824708673e-05,7.399298054948169e-06,-2.013738313844242e-05,1.5994568172345645e-05,-8.834120512583034e-06
1989-09-01,1.675615708070607e-06,1.580499337450024e-05,-1.357406251864136e-05,3.7396312527530847e-06,5.723095714969171e-05,6.577450552153616e-06,-8.765975568947218e-06,4.464990095986763e-06,-3.858328247972089e-06
1989-10-01,2.7524599901134946e-06,8.50653100611563e-06,-2.4110375530489225e-06,6.509645251565544e-06,4.3225169163254734e-05,4.5194231861561975e-06,-1.6469765273626228e-06,7.070859162780006e-06,-3.208434018797328e-06
1989-11-01,1.173394798767395e-07,5.426355682371184e-06,-3.0710429477721315e-06,2.903356833713057e-06,4.348879857052432e-05,2.3150429471770374e-06,-7.05170589957697e-07,5.750536750758484e-06,-5.027539917324906e-07
1989-12-01,1.3982914999200387e-06,4.042499242734454e-06,1.406231056656321e-06,9.2052109826517e-06,3.406915448553069e-05,1.4769130321420138e-06,4.2863793462782406e-06,4.172474762525597e-06,4.854327742379941e-06
1990-01-01,8.301698379506715e-07,-3.825718575951576e-07,6.132924119595412e-06,7.355483380400825e-06,3.154794477087458e-05,-5.955434852468152e-07,6.783044248298431e-06,6.156746199716843e-06,1.1425466953616067e-05
1990-02-01,5.534579086807322e-07,1.080890906703895e-06,3.843373059747662e-06,1.0569799582271948e-05,4.0416544481739664e-05,-2.6513275143258675e-06,5.44625310339368e-06,4.10461744684594e-06,1.283793850736557e-06
1990-03-01,1.2256640879717025e-06,3.9699252480844393e-07,5.986876975760561e-07,9.319328137251563e-06,3.431399826907731e-05,9.755658629162562e-07,6.357592471233956e-06,5.171146357344311e-06,5.182084962701559e-06
1990-04-01,2.4657312706145005e-07,8.046859715525536e-06,1.6655272269887215e-06,-1.174597827783492e-06,4.5699755420696345e-05,3.770817305321917e-06,-4.330296641362717e-06,8.46375171953701e-06,-6.541568418837818e-07
1990-05-01,3.0511174444887953e-06,8.975606912657357e-06,-2.710755742141495e-06,4.402609826695241e-06,4.442607987999354e-05,4.79188164436534e-06,8.539130942166338e-06,1.4131847283280747e-06,1.8803309706242837e-06
1990-06-01,9.770916856143983e-07,1.8115092620763593e-05,-1.4034058397093976e-05,-2.7330125305985885e-07,4.090005311674008e-05,6.401568827220497e-06,-1.0513595720337593e-05,9.194937220996326e-06,-3.856953913814059e-06
1990-07-01,1.353131339246767e-06,2.0348948194233402e-05,-1.0934179388686779e-05,4.448328683368916e-06,3.425872090311567e-05,6.626245827405299e-06,-1.154853167953279e-05,1.1723834344552641e-05,-6.560927571078064e-06
1990-08-01,2.5843304976044973e-06,1.885684285830107e-05,-1.5938373917850163e-05,-3.005369020422228e-06,4.442035602203598e-05,7.958180947731051e-06,-1.015392564077013e-05,8.566626756361983e-06,-1.1025302524368836e-05
1990-09-01,-1.037455903244976e-06,2.0708701486893122e-05,-1.359063116525182e-05,-4.5426647325514745e-06,4.317048148418873e-05,9.753355063621315e-06,-1.808528138049369e-05,1.472845492504837e-05,1.02451481511015e-06
1990-10-01,-6.33251812010627e-07,1.6085780371054573e-05,-7.100005810985832e-06,7.382460137419645e-06,4.9564760864415446e-05,5.02522979985758e-06,-9.34789868158773e-06,7.193695531153574e-06,3.334313945173233e-07
1990-11-01,2.317528332651094e-07,7.218178912645525e-06,-2.926639080898214e-06,1.1074784468184987e-05,4.2481316269282426e-05,2.1664839782189246e-06,-3.1457717958024742e-06,2.9896748819136104e-06,2.282158383945988e-06
1990-12-01,1.9698986381564867e-06,2.695383528125728e-06,5.52763550945998e-06,4.442874633383229e-06,3.462291378417214e-05,3.629800547946865e-06,1.5161519819568137e-06,3.2739314187713513e-06,8.986101139558446e-06
1991-01-01,1.2054305087200388e-06,4.899434117799856e-06,3.205658183437852e-07,6.734093678543685e-06,2.9040394136425475e-05,3.0381490397446744e-06,2.1936051740175276e-06,3.817647369386198e-06,8.279074610498767e-06
1991-02-01,2.186495339792628e-06,1.4152840478191618e-07,3.5198268559623724e-06,1.0318690077682326e-05,2.698264268849675e-05,1.8813745332027356e-06,6.355471879202535e-06,6.72523028828666e-06,1.3116195293733985e-05
1991-03-01,9.689502468114983e-07,7.703560567570424e-06,-8.86395210613339e-06,4.907224698285214e-06,2.7910427442038042e-05,1.5150668465886048e-06,-5.732590962573279e-06,1.1395273833318288e-05,4.0715134247061505e-06
1991-04-01,1.496973281367539e-07,1.3574996683912605e-05,-4.287691705242704e-06,-3.562377919238537e-07,4.740490761533506e-05,4.605734112072933e-06,-6.909766916568447e-06,7.886955436040745e-06,9.58928874282495e-07
1991-05-01,-8.769310883809708e-07,1.7086811710559297e-05,-7.220973404893033e-06,-1.4489200861325436e-05,4.5160776189707534e-05,1.1327386596970332e-05,-1.3275453680935858e-05,3.3385684991676006e-06,9.631011739434169e-07
1991-06-01,1.0648146351852025e-06,1.6471276825459323e-05,-9.616949279088644e-06,-1.295445730423745e-05,3.8230075633829e-05,1.109482110774894e-05,-8.029437517478315e-06,9.324643596390906e-07,-2.567182316606789e-06
1991-07-01,2.772954801677701e-06,1.941653570090755e-05,-1.4958663096334138e-05,-3.909131997475669e-06,5.262843498430481e-05,7.933138231970089e-06,-1.0630951659174102e-05,1.141909676079859e-05,-6.942841186373913e-06
1991-08-01,2.028943917605226e-06,1.7788626256478797e-05,-7.760318722778516e-06,1.7626741646148273e-06,5.381067532981578e-05,5.318122637588972e-06,-9.363783181729166e-06,1.1275850775973061e-05,-5.263850734658508e-06
1991-09-01,-7.265137801347455e-07,1.922765761168694e-05,-7.89472173687822e-06,-7.982059938956865e-06,4.906072521535729e-05,1.078848728713693e-05,-1.42397723399901e-05,5.470970893709961e-06,-4.380912286560975e-06
1991-10-01,-3.874879360116318e-07,1.418743479158959e-05,-6.990960481472201e-06,-2.168110321364749e-06,4.1250687778443234e-05,8.284020995140856e-06,-9.238682782757427e-06,3.279335099332268e-06,4.809354176112258e-06
1991-11-01,2.2104265544723268e-06,8.453412940734494e-06,-6.652863944385674e-06,4.1267570975496614e-06,4.5547275811155425e-05,-2.29943494260945e-08,5.4676553432061116e-06,1.1837011222102126e-05,2.8792021880833707e-06
1991-12-01,9.669389104516417e-07,5.02989950495005e-06,-1.4642855999145583e-07,5.8189716444640425e-06,4.111269899008896e-05,2.3900538921141866e-06,-5.329818711399477e-06,7.920270605855071e-06,-1.2368189333551405e-06
1992-01-01,1.8708132546438687e-06,1.5961592908057011e-06,1.9066147032294557e-06,8.951839887328337e-06,3.5432654614318686e-05,1.9865480395752882e-07,3.117549398448895e-06,5.53815198188514e-06,4.679646431337514e-06
1992-02-01,2.6121333550389787e-06,2.3986359061830813e-06,5.575766219554163e-06,9.955630325107492e-06,3.639769417477301e-05,1.4654136737596345e-06,3.2696894737740785e-06,7.196561166127535e-06,4.877404340967526e-06
1992-03-01,3.0098650955089638e-06,2.9931635417088003e-06,2.6165478732252678e-06,2.9358760284400455e-06,3.8459411400454684e-05,1.4833672646122199e-06,1.8829530614953575e-06,9.06899751454237e-06,8.903597554226677e-06
1992-04-01,4.578505557082221e-07,1.1004835994031103e-05,-6.8036779649527645e-06,8.059935110773083e-06,4.561396890620051e-05,2.7636752564645844e-06,-9.417717311736054e-07,5.63999740437933e-06,2.272750152517791e-06
1992-05-01,2.22940563177272e-06,1.5205698385179526e-05,-1.2950643361621249e-05,-9.001709642997256e-06,5.756250159904631e-05,6.077334328861288e-06,-9.790915569712062e-07,3.536074841414752e-06,-3.4224155454314655e-06
1992-06-01,1.2052275883121878e-06,1.732976635165255e-05,-1.3468970427682406e-05,-1.303231162716362e-06,6.284162979375109e-05,7.958270430004163e-06,-1.4816519435395675e-05,1.1474826886188102e-05,-4.327642590898403e-06
1992-07-01,1.5755219866874256e-06,1.7649601432843198e-05,-1.050576891218589e-05,2.0630173631244274e-06,5.111778974653919e-05,5.682920889895505e-06,-7.2577123150951174e-06,1.0694986716148786e-05,-2.3472598794761026e-06
1992-08-01,2.352866527238646e-06,1.8201101367290478e-05,-1.2540167254074575e-05,4.659389322407869e-06,4.698439008240204e-05,6.503937362351083e-06,-2.379109364246742e-06,8.8192988371447e-06,-6.571396843396092e-06
1992-09-01,2.2287394546056405e-06,1.932189303682463e-05,-1.5455759584072646e-05,9.054732902016057e-06,4.713785370370047e-05,4.385620594145131e-06,-8.306312013018312e-06,1.38561390823207e-05,-1.0044107664409054e-05
1992-10-01,1.2755514520927763e-06,1.2877479638039562e-05,-1.2138317967612153e-05,9.571479306320914e-06,4.3528138732600746e-05,3.5789198592125293e-06,-5.210224585797909e-06,8.571362922674722e-06,1.8241084057712162e-07
1992-11-01,-2.5312801824109867e-07,1.1727337082834606e-05,-4.2535276871458194e-06,1.665365013437036e-06,4.9578504958669136e-05,5.445866187607078e-06,-8.614289222269067e-06,8.094277520706516e-06,-4.833246630941628e-06
1992-12-01,1.3859753518100966e-06,4.368642330564291e-06,-2.1112920579810644e-06,6.93708019595206e-06,4.2734950193285356e-05,-1.7869079800305004e-07,-1.9743653471383746e-06,1.0083722942274035e-05,2.872635972757369e-06
1993-01-01,1.1260497683319774e-06,3.2180476093284e-06,4.843725731504995e-06,7.831990787178856e-06,2.754055244033936e-05,1.1170710926518245e-06,6.464025879316052e-07,7.985497959376418e-06,1.3501724904663685e-05
1993-02-01,3.182627417233838e-06,2.0930255361210406e-06,-1.1055939048919117e-06,6.962759416582963e-06,2.3213199177990723e-05,1.4519609947546216e-06,2.7433075415403746e-06,6.827703730887753e-06,6.2716620581206554e-06
1993-03-01,2.54124536512928e-07,8.003435431569732e-06,-4.785164235807226e-06,3.041568459462544e-06,3.698257359632848e-05,3.347964418704215e-06,1.4389661135064701e-06,1.3034618517068913e-05,2.527844215240769e-06
1993-04-01,-8.097179682102874e-07,1.1152784964648502e-05,-6.37856676579325e-06,9.184340666411369e-07,4.6878653241032184e-05,5.010173429129863e-06,-9.883767695255956e-06,1.2024057908898543e-05,6.5339953174552365e-06
1993-05-01,-7.135803408060082e-07,1.6032461117621268e-05,-6.719348900234923e-06,-2.438468034218778e-06,4.242695000211393e-05,7.489121982695811e-06,-1.2426156953290646e-05,1.0846680733185847e-05,1.988152461469618e-06
1993-06-01,1.5746877072772196e-06,1.6010326004797946e-05,-7.834224650686102e-06,-1.3707287376888297e-05,4.1048034957939664e-05,1.0844516296282596e-05,-6.068156777252441e-06,4.65309309844773e-06,-2.899973730951426e-06
1993-07-01,1.851706853940293e-06,1.4623759872080933e-05,-5.452180303729068e-06,1.4306598217816623e-06,3.764851474768234e-05,7.392619004242524e-06,-1.3506186039577961e-05,1.0212703131607496e-05,-3.95220251002512e-06
1993-08-01,1.2961888443291102e-06,1.737725552512267e-05,-1.2434583093562442e-05,-7.32301200555069e-06,3.6193208614211474e-05,1.131820963681003e-05,-1.0711916476234795e-05,5.528759977414585e-06,3.2534196591730996e-07
1993-09-01,5.294532460934204e-07,1.7247100356494358e-05,-1.298304277311751e-05,-4.973851912846027e-06,4.968454853757236e-05,9.635398320097476e-06,-7.673316216339472e-06,1.7316027916001238e-06,-3.889908889431528e-06
1993-10-01,-2.4215039351515965e-08,1.2346598267921111e-05,-4.615843000545067e-06,-6.937131732337603e-06,4.061572511491821e-05,9.114771704549465e-06,-1.0431671452698772e-05,6.43061848533132e-06,-1.5436674309140148e-06
1993-11-01,9.084993494045885e-07,8.555633864296155e-06,-3.1272488568012102e-06,6.462609607123852e-06,4.070131676909748e-05,4.66818663317651e-06,7.505985444965938e-07,8.263233615289391e-06,3.6917894493295976e-06
1993-12-01,6.449398692439855e-07,5.642944300724289e-06,-2.240836099035341e-06,8.057575219490223e-06,2.738776664010833e-05,4.325664428334112e-06,3.108973452963211e-06,4.938616336403683e-06,1.425009380950433e-06
1994-01-01,4.3557367842896986e-07,4.336846844765369e-06,4.0841086199864305e-06,7.876741736236277e-06,2.451360208374088e-05,2.238414935470639e-06,-1.109095191980182e-06,9.895234331569005e-06,8.864976939573336e-06
1994-02-01,-1.2132913260047391e-06,5.812551176836604e-06,-4.176997420181601e-06,1.1863307890593842e-05,2.7424663495970202e-05,2.590809642128946e-06,2.798427680254166e-06,7.06728298986327e-06,4.868332559224684e-06
1994-03-01,1.4207497673917146e-06,9.063174866980948e-06,-7.204510188884996e-06,-1.118732214240277e-06,3.156607823237678e-05,1.8121871269294913e-06,4.89928496234078e-08,1.5708018375040993e-05,1.0208700743959616e-06
1994-04-01,3.503219186778906e-08,1.0714221420884746e-05,-3.990200105665978e-06,-2.774270856211032e-06,4.723417033088697e-05,4.0759285507999615e-06,-3.755457186717462e-06,6.476321095213268e-06,6.00218468230754e-06
1994-05-01,1.2760797715452447e-07,1.6831910752470394e-05,-6.0537630480818845e-06,-3.5805829697127893e-06,4.7836691593783185e-05,7.649728283934796e-06,-7.78487355514609e-06,3.3617131988067614e-06,7.403250215719036e-07
1994-06-01,2.050802219563185e-06,1.6763288413226307e-05,-8.999790060609113e-06,8.717549243358655e-07,4.610909740965554e-05,6.697134999082224e-06,-8.91860430710451e-06,1.4172032656323332e-05,-4.249747429431179e-06
1994-07-01,5.29143680135264e-07,1.841341318642793e-05,-1.0899515828800911e-05,-5.676406013880529e-06,4.891256016766378e-05,8.681929411257911e-06,-1.2036638096765062e-05,9.055212614148986e-06,8.005045406111327e-08
1994-08-01,2.036048064145205e-06,1.670938613512586e-05,-8.83173791871948e-06,1.6414806644316496e-07,4.096326677999916e-05,6.655324109715568e-06,-1.1958617551235182e-05,1.1407147909983617e-05,-5.096941076955539e-07
1994-09-01,9.177197514835276e-07,1.9109194895783373e-05,-7.889355786065284e-06,-1.6113427380206e-05,4.42514940041288e-05,1.3215274770582302e-05,-1.4684770621776138e-05,-1.0094075532800346e-06,-2.5728380493287187e-06
1994-10-01,-2.99108254080173e-07,1.4719400923087814e-05,-1.0360694334770325e-05,-8.430315757481289e-06,5.060400073577398e-05,1.0468719232536135e-05,-6.214890296550383e-06,-1.0779777474418485e-06,2.85524186559159e-07
1994-11-01,1.1895391740256306e-06,6.831160356850607e-06,6.535635026276228e-06,1.2520355313880315e-05,4.6829104126721854e-05,1.2682954976486928e-06,4.2065812081313e-06,8.141623396374393e-06,2.7662655985527343e-06
1994-12-01,7.413870724184239e-07,5.655684060651687e-06,2.8606596257546593e-06,6.410199794017844e-06,3.824587423124752e-05,8.163078773295497e-07,-1.398333155227631e-06,7.554900110830864e-06,1.2686769703106241e-05
1995-01-01,1.3747849405525115e-06,5.0980775351182076e-06,5.437171038120151e-07,1.1977575656087332e-05,3.0237657718863865e-05,1.650577350216137e-06,-3.613444359321179e-06,8.376699935371404e-06,3.85966404122806e-06
1995-02-01,1.8470410630236672e-06,6.384914810739568e-06,-1.3449000109873634e-07,4.000011920892638e-06,3.4845866098030645e-05,2.155112847284215e-06,9.32920373476463e-08,8.800553601847458e-06,5.39244474596897e-06
1995-03-01,1.4622336720568987e-06,6.684266443805699e-06,2.5737884601295853e-06,1.2441076771792233e-05,3.7313250335001535e-05,2.141098756037547e-06,1.901896058466352e-06,7.863564908209345e-06,4.7683684529533935e-06
1995-04-01,1.5835786357646415e-08,9.740186340231067e-06,-2.486721862104513e-06,1.0342274158298492e-06,4.07435190837513e-05,4.406025869952736e-06,-8.760119909464872e-06,1.0815828715081373e-05,-3.5078700525954363e-06
1995-05-01,2.5272767053052665e-06,1.231553390542954e-05,-5.249693470786914e-06,-2.141240270712057e-06,3.8126454671307955e-05,6.771335057239188e-06,-1.9809956072910808e-06,6.520083380963045e-06,-3.5181366132047545e-06
1995-06-01,2.426311585584094e-06,1.9980706188247665e-05,-1.1793588562296079e-05,-5.4979227244340715e-06,5.0537555227807545e-05,8.798361841187665e-06,-9.731965743724916e-06,1.0979053734380727e-05,-3.909067027152572e-06
1995-07-01,2.8936443291272124e-06,2.04133518626603e-05,-1.4030705216442739e-05,-6.560039624744111e-06,5.6568754155372704e-05,1.0167701606594841e-05,-7.967757644570781e-06,5.344824365703541e-06,-9.253858913144295e-06
1995-08-01,1.1574694690564334e-06,1.7602360001353108e-05,-8.164547627271616e-06,-2.9602679172152466e-06,5.27761627977056e-05,6.758559235148342e-06,-8.324026173428308e-06,1.1988864312616948e-05,4.290601355819233e-06
1995-09-01,5.976457584910169e-07,1.5389450180055348e-05,-5.701785882093713e-06,4.1792218726923145e-07,4.841675540579977e-05,8.247551403879685e-06,-1.1052866139732407e-05,1.042749136793738e-05,-1.1947743812058e-06
1995-10-01,1.9717340043454207e-06,9.90032582752526e-06,-2.9613350975720218e-06,-2.4965005717223508e-06,4.005556749973016e-05,6.716806156809403e-06,-2.834242593004893e-06,5.198892096544266e-06,2.8079588648062564e-07
1995-11-01,2.0544668820659978e-06,5.015708230302521e-06,2.9687165192289504e-06,6.529527822933571e-06,4.14236955573115e-05,1.2868260900739965e-06,2.363005515576153e-06,7.894405023152064e-06,-3.384332259649232e-07
1995-12-01,2.718055520453128e-06,4.889905692236716e-06,2.9594914647836924e-06,5.024849479787863e-06,4.022391911420329e-05,3.959766252513153e-06,-2.169564217491452e-06,6.252329773426367e-06,1.6846036406977796e-06
1996-01-01,5.217637129687028e-07,4.521745043368625e-06,-1.2415492915302804e-06,9.072681211752282e-06,3.6878796962378064e-05,3.9478151009649135e-06,1.956622033482372e-07,4.5701259884134515e-06,1.0873727469682323e-06
1996-02-01,7.147707652411119e-07,3.062083022452343e-06,2.799715145673108e-06,7.642836660628422e-06,3.016748403985477e-05,4.086362555777397e-06,4.689332291535604e-06,3.957211170988578e-06,5.858853448611595e-07
1996-03-01,1.556235656468383e-06,3.981161446872548e-06,-1.7978296652015446e-06,1.3608335623679853e-05,2.770784627625042e-05,3.572524294432569e-06,6.656837523410866e-06,6.798490535945919e-06,3.9824733625709215e-06
1996-04-01,2.3860381929410356e-06,7.001060103465523e-06,1.2681504275351101e-06,7.939989868102004e-06,4.556925790630648e-05,2.290576303954883e-06,4.267465096723019e-06,1.045303128134219e-05,-2.8770106052042543e-06
1996-05-01,1.6921882035610614e-06,1.1475729374097678e-05,-6.146000642535999e-06,-1.9115805388151425e-06,4.67406348258906e-05,4.746562403688774e-06,1.3393429520307928e-06,6.66475614835053e-06,3.079168326071025e-06
1996-06-01,1.6554267619503354e-06,1.7172762834129998e-05,-1.296981657978057e-05,-6.182130048879933e-06,4.685579405325284e-05,7.688872865446817e-06,-5.302575950368305e-06,3.6798137580317977e-06,-3.315010700937444e-06
1996-07-01,1.9284092756217094e-06,1.8211545800833856e-05,-1.4356167824019914e-05,-6.197413907766622e-06,4.814562393849193e-05,8.762647867666604e-06,-7.890422718998376e-06,1.5344640282863654e-06,-1.0231745050583958e-05
1996-08-01,1.2214588658471378e-06,1.7772158098963834e-05,-1.073733735650763e-05,-1.2738504255929398e-06,6.456440946468495e-05,8.636616006054397e-06,-7.059799777644796e-06,7.88719594921566e-06,-4.904696134622643e-06
1996-09-01,2.275070753062265e-06,1.122407575083625e-05,-4.711549545152856e-06,5.76144063983051e-06,4.261899637088449e-05,8.575255062292349e-06,-6.84375022344493e-06,2.393480118838544e-06,-6.180266713556428e-06
1996-10-01,2.344817800033028e-06,7.784685937609207e-06,-1.7257673959736663e-06,1.6198326419487604e-06,4.3118463638022807e-05,4.730319191054794e-06,-1.078137184931098e-06,4.41804397686339e-06,5.3416759361281205e-06
1996-11-01,1.0137993495952056e-06,1.0363680694522497e-05,-1.8483692515492067e-06,6.058786571022046e-06,3.964539746553817e-05,4.516873203454266e-06,-1.023059618132531e-06,8.495680559037687e-06,9.61206509861444e-07
1996-12-01,9.101555311015145e-07,3.110596406706409e-06,2.691421259668839e-06,1.4894692150034171e-05,3.458963699452869e-05,-2.0788273993013952e-08,4.565965342527897e-06,6.0189530177250064e-06,3.400163152197734e-06
1997-01-01,2.6256928125254576e-06,1.4439326904949093e-06,9.305362868882258e-07,1.2236377179931337e-05,2.7071510746905183e-05,1.0140396428106418e-06,9.538224230976607e-06,1.0159134603833839e-05,4.484036052754172e-06
1997-02-01,2.2962898151464648e-07,2.7806430030444094e-06,1.1843041248939371e-06,1.3872382017622705e-05,3.641260423285523e-05,6.373380746202811e-07,9.490908408830538e-06,5.899291381136568e-06,8.456236498927694e-06
1997-03-01,9.418042985934471e-07,1.0446335160908171e-06,8.133208406007208e-07,4.8731990172180825e-06,3.5087775692486614e-05,-1.9124129348064513e-07,4.2752020472436055e-06,5.029879305442146e-06,4.2220086573138595e-06
1997-04-01,2.1559047756048368e-07,1.2495278592031343e-05,-4.784441835968897e-06,4.748433382730046e-07,3.968278495248135e-05,3.5703584775478306e-06,-1.1167346209337447e-05,1.1064627267729282e-05,6.189827508783901e-06
1997-05-01,7.489313251062638e-07,1.2086158311353184e-05,-3.986764017315686e-06,-9.329654520990193e-06,4.6795594171090775e-05,8.394665484407387e-06,-1.2717474619007111e-05,4.014415706271228e-06,-2.9157555479244724e-06
1997-06-01,-1.917170806614061e-06,1.7982387981299193e-05,-1.1689611743778612e-05,-2.8922552310756487e-06,4.93558882898689e-05,8.796060029057498e-06,-1.6479344707685714e-05,7.741306516729734e-06,-1.6584456829445815e-06
1997-07-01,-3.447868093880515e-08,2.1655102708655073e-05,-1.2336645594047182e-05,-1.1109060184937286e-05,5.145366758074116e-05,1.1292156266377052e-05,-1.6641126102447893e-05,2.0497014764187785e-06,-1.8015837087382858e-06
1997-08-01,-7.664840741897953e-07,2.267815345704817e-05,-1.2485388553738184e-05,-1.7647126265069464e-05,4.5807302267563894e-05,1.42411381466259e-05,-2.3856840376094573e-05,4.520380548727084e-06,-3.1292075574454434e-06
1997-09-01,-2.3281023696377216e-06,1.970110614012648e-05,-8.875544399664102e-06,-2.6582788601354516e-06,4.829807159348686e-05,9.884295340251037e-06,-1.3831343395109428e-05,2.8719778240367407e-07,-7.432683437341114e-06
1997-10-01,-1.2007588423732643e-06,1.227358508794236e-05,-6.292577529839811e-06,-2.682223135881556e-07,4.9519563163569555e-05,6.440417199532028e-06,-4.99360860166472e-06,2.5920769128479967e-06,2.4149354838978473e-06
1997-11-01,-1.9973670318195146e-06,9.831206335188274e-06,3.348944956630519e-06,1.6775509142259199e-06,4.4428695515280476e-05,5.546150116633187e-06,1.3713035479249633e-06,5.752022752492372e-06,8.632630759683667e-06
1997-12-01,1.858216766180872e-07,4.2266868130921555e-06,7.549005602582391e-06,6.707952918442497e-06,4.769467097169097e-05,4.514963369552867e-06,6.254499103501026e-06,4.855136467613212e-07,8.617512174887251e-06
1998-01-01,4.911172364260418e-06,1.7771162340548428e-06,4.533193740058508e-06,5.345269567033439e-06,3.0067138918635386e-05,3.1550341944926573e-06,5.719792477966017e-06,-2.192983970818063e-06,8.059780031824843e-06
1998-02-01,7.918016367731775e-07,4.9844268959674005e-06,2.5655567769035046e-06,-6.520166556092685e-07,4.222749103883378e-05,3.896725323933786e-06,-2.890257297411184e-06,7.462740614493647e-06,8.631391686382207e-06
1998-03-01,1.925297455682333e-06,4.853228401234961e-06,5.683651075919403e-06,1.7257626138380784e-06,3.769457269410044e-05,4.855441254691486e-06,-5.053534284020008e-07,6.235915540016434e-06,8.704379068909796e-06
1998-04-01,7.653019970834483e-08,7.083974390352932e-06,1.4095254869329015e-06,-8.998522157233996e-06,4.794596523053906e-05,8.07053246896443e-06,7.830176410973071e-08,3.755862523708775e-06,-9.563066341078548e-08
1998-05-01,1.2743388740410606e-06,1.114442060893155e-05,-3.853724059061375e-06,-4.400673815507378e-06,4.3608754151218375e-05,9.085759871611614e-06,-4.323000554004994e-06,8.708720569012178e-06,-1.9453094089094055e-07
1998-06-01,1.5074660519799535e-06,1.2630120971131249e-05,-3.090625144389339e-06,8.599142594256414e-07,5.778728519499919e-05,7.649280947729142e-06,1.2852705117078107e-06,5.6746844088540915e-06,-6.9024918875065785e-06
1998-07-01,2.270835648869786e-06,1.3362695133431294e-05,-5.340586064217857e-06,8.764796048951854e-06,5.0971921033375066e-05,6.7147341430250046e-06,9.05480292673007e-07,5.3612198524299175e-06,-8.75163777710525e-06
1998-08-01,2.684561240151565e-06,1.2807572037239193e-05,-7.216021496844648e-06,7.800909616373726e-06,5.074746826117102e-05,5.973949103792782e-06,5.7723954006525694e-08,6.505707601030033e-06,-2.8394780289201836e-06
1998-09-01,1.5318451799518937e-06,1.2383787875636536e-05,-4.5671610305922494e-07,-7.828412544002496e-07,4.5311067643155665e-05,9.676260591650865e-06,-5.694579201237336e-06,5.642392001348143e-06,3.622324343596899e-06
1998-10-01,2.6567579042901735e-06,6.954808691479967e-06,5.878965047218168e-06,1.2926610494428293e-05,5.0471610757324e-05,3.5034376037496673e-06,7.583914506762835e-06,5.663189599129679e-06,-2.5796837433965495e-06
1998-11-01,4.888226575352061e-07,7.866549196099089e-06,-6.850269349061549e-06,7.048780133644933e-06,3.9059675741706365e-05,1.3151557447136607e-06,1.6872937945658645e-06,6.220604094577946e-06,-2.784812387326112e-07
1998-12-01,1.5032026914885408e-06,4.940552374265101e-06,2.548225282745249e-07,1.4998754555381921e-05,3.480360418893828e-05,1.0625144438047471e-06,3.151285797830448e-06,7.87303329136141e-06,4.815798901962787e-06
1999-01-01,-8.495985560790144e-08,3.969651424359903e-06,-3.4844205721675945e-07,1.1637172695661222e-05,3.248765063706204e-05,1.7282148496793744e-06,6.499100247613891e-06,5.801710235229259e-06,5.937106772092509e-06
1999-02-01,1.2209827344563565e-07,1.1356927624396747e-06,8.636551714585866e-07,1.209196162462796e-05,2.441792939540975e-05,3.314322059467414e-06,5.04352664327731e-06,2.551657612174998e-06,5.104969732198118e-06
1999-03-01,-9.69106231242622e-07,6.241016594690295e-06,-1.0602537694250501e-07,3.0247398863511846e-06,4.020969726549844e-05,4.481007137621497e-06,-3.079075430391307e-07,1.13084709063206e-05,3.4275616469438857e-06
1999-04-01,-2.2944428359518334e-07,1.4089385151114478e-05,-8.49985245084961e-06,4.04224107319969e-06,4.597236830443285e-05,4.922931091352116e-06,-6.214971594940213e-06,9.513791420868283e-06,-1.8123024465308554e-06
1999-05-01,4.281558445260387e-07,1.1560949166095204e-05,-3.876201699837583e-07,3.5627448052551467e-06,4.1678830929522694e-05,5.270178213655912e-06,-7.5300002533910386e-06,7.381589578048552e-06,8.572542498367644e-07
1999-06-01,8.956125790877025e-07,1.8785204642027252e-05,-8.360601896875932e-06,-2.2547886754400418e-06,5.0501110587888886e-05,8.180879263174796e-06,-9.313797435259614e-06,1.2645360695230098e-05,-1.6989106623465511e-06
1999-07-01,2.7708540711251724e-06,1.6527660413915425e-05,-1.3495003919983906e-05,4.341010221198232e-06,5.3413555855521535e-05,5.031097205625388e-06,-8.421450539909716e-06,1.5281802750933114e-05,-2.5749710977284547e-06
1999-08-01,6.627680348255239e-07,1.9700454120528936e-05,-1.3291809610871715e-05,-1.2163792420813426e-05,5.731781375051533e-05,1.0895892422880508e-05,-1.780127320372213e-05,1.4318398409337917e-05,8.133452079249522e-07
1999-09-01,2.0003874385693254e-07,1.278432687607713e-05,-5.62893915276661e-06,1.8475609327338658e-06,5.570889758409118e-05,9.694269322861502e-06,-8.120141142484803e-06,9.504189156518595e-06,-1.766025164742025e-06
1999-10-01,5.436158437342815e-07,1.074500083181603e-05,-8.978694081156278e-07,3.21954955351344e-06,4.251120213716453e-05,6.335366236990527e-06,-3.7607486866410587e-06,9.19341550881199e-06,2.6870507625081753e-07
1999-11-01,1.4457738368668835e-06,8.120614896034264e-06,-8.892670328214183e-06,3.461528544056147e-06,3.903110096545616e-05,3.96822047223792e-06,4.671667446816152e-06,7.524780653882557e-06,-3.0823305261441765e-06
1999-12-01,3.185866926243028e-07,7.5866786697835344e-06,-4.6022865205242035e-06,4.608740838587907e-06,3.613995439967691e-05,3.0232162155420314e-06,-5.761097065987542e-07,6.89653161819214e-06,1.8063421913365436e-06
2000-01-01,-2.3745951875476044e-07,6.4808936439270166e-06,-3.969716311197548e-06,5.399577302586733e-06,3.196152933394881e-05,4.38521976067968e-06,3.036679889940282e-06,5.075959460794676e-06,1.2724331019744703e-06
2000-02-01,2.5137847939505166e-09,4.631145527348289e-06,4.96709689281184e-07,4.516566109767272e-06,3.771133914758798e-05,2.8855571633376266e-06,7.341598509544512e-06,9.373272931497483e-06,9.433697691335512e-06
2000-03-01,-5.054401123169962e-07,5.094453434508046e-06,-2.1097962937009394e-06,1.1326849317354575e-05,3.922201563370832e-05,4.515438625848579e-06,9.652285179483666e-06,7.579025793757744e-06,7.166049648975067e-06
2000-04-01,1.1108359245514338e-06,7.083125645868154e-06,-2.6116818964964946e-06,7.454893581057798e-06,4.213117253019466e-05,4.481720744856143e-06,4.264328454981865e-06,5.76109960653452e-06,3.251222999443084e-06
2000-05-01,1.1344008564957267e-06,1.0160583978966166e-05,-2.819906687348893e-06,8.990512159096557e-07,5.213221871098572e-05,6.232484656403403e-06,9.747774271574693e-08,7.745516870745188e-06,-1.3961244875840754e-06
2000-06-01,1.312167641295513e-06,1.9260660112682576e-05,-1.194125443902876e-05,-1.1915705513826656e-07,5.281948334184122e-05,5.889986402350866e-06,-1.5187289975056164e-05,2.011249336956387e-05,-3.460880910755518e-06
2000-07-01,2.114397339119771e-06,1.8351617548678086e-05,-1.277281695325556e-05,3.976459147172238e-06,4.7170418594237395e-05,6.536084105681688e-06,-1.2164297447404707e-05,1.2407955638586219e-05,-4.140091333165205e-06
2000-08-01,2.507370030172351e-06,1.977557374757835e-05,-1.610943205253207e-05,7.100966762539568e-07,6.422401941197044e-05,7.3580960525017836e-06,-8.162270264371124e-06,5.259615155335029e-06,-9.251703497384186e-06
2000-09-01,2.0569889343046174e-06,1.7377649454120118e-05,-6.043504990282185e-06,-6.150523833702441e-06,5.443544659356054e-05,8.418309912859047e-06,-6.917492436986946e-06,5.738781773190523e-06,2.146155461631131e-06
2000-10-01,1.3754643763784528e-06,9.9966459886583e-06,4.616608113981984e-07,2.217276508609127e-06,4.698358581163046e-05,6.372161496612267e-06,-4.910442461261599e-06,4.707460562897825e-06,1.5562547178669632e-06
2000-11-01,1.0954713247934713e-06,8.874460208104526e-06,-7.72487232236957e-06,-2.0510994964194533e-06,3.852342703396903e-05,3.5970842912846383e-06,4.223449976484632e-06,7.965632922853658e-06,8.213045532188575e-07
2000-12-01,8.950060357591102e-07,5.0404412731902785e-06,2.1747079430335305e-06,1.1434308511975374e-05,3.2028693995101904e-05,2.100936432385882e-06,-2.220535209469691e-06,6.694506523386486e-06,1.0064311033342298e-05
2001-01-01,3.948143842084704e-07,6.765461829028098e-06,1.314693625720842e-06,1.2792779497589306e-05,3.9575770461825564e-05,3.406779298015272e-06,8.700240802290932e-06,5.472546747403958e-06,1.1574713532775431e-05
2001-02-01,2.475021646708741e-07,2.424324224073764e-07,2.445389588251432e-06,1.0443912593496409e-05,3.0311021997993347e-05,1.7528887059598768e-06,6.319762606226338e-06,2.9269977148995664e-06,1.3994159146286837e-05
2001-03-01,5.292220745643851e-07,6.28656662276408e-06,-2.692579971403368e-06,1.0915733376426778e-05,3.894134094291284e-05,3.900501740711225e-06,6.42377250314643e-06,3.368204084077155e-06,2.7456766010669164e-06
2001-04-01,2.312120795184979e-06,7.364030124372601e-06,-1.8733622113550484e-06,1.205178382544553e-05,4.070044455111192e-05,3.15120097276201e-06,5.744916218891672e-08,6.083947007926529e-06,2.1074981223752965e-06
2001-05-01,3.797852621673563e-07,1.400566752885206e-05,-9.339370472603065e-06,1.5443295298306197e-07,5.3699998529292815e-05,6.148286805448538e-06,-3.221021735396011e-06,7.692907918211011e-06,-4.1503989351798845e-06
2001-06-01,1.7058924972379549e-06,1.4168690718429247e-05,-7.963979174823216e-06,1.718120204085688e-06,3.4906849193209215e-05,5.950290355687211e-06,-2.9608041256373255e-06,9.307501514926389e-06,1.2328337404060291e-06
2001-07-01,4.846965265051878e-07,2.129503659224619e-05,-1.5009697441431691e-05,-1.2787841775244452e-05,5.684793989051873e-05,1.1748165760624746e-05,-1.5815169402109877e-05,1.400754343436278e-05,-6.977559482687945e-06
2001-08-01,9.899800074622014e-07,1.7631111083922454e-05,-1.2876208658913136e-05,-6.38791640637169e-06,5.0356755295753116e-05,1.0521202262168133e-05,-1.2218260030956571e-05,6.36057392096812e-06,-5.131350062396773e-06
2001-09-01,-1.0682059250979117e-06,1.775127259841807e-05,-7.981768043801605e-06,2.4199663772865907e-06,5.147177569222876e-05,8.80276608726349e-06,-1.4425125061389638e-05,8.994894352821164e-06,2.096233301886435e-06
2001-10-01,-8.983263360744478e-08,1.1104373839493442e-05,-4.731941429419338e-06,-5.861939513585029e-07,4.469788757524926e-05,6.908132994628164e-06,-1.6310156911888536e-06,2.9359828957098956e-06,-7.1671746440109315e-06
2001-11-01,1.1146970771372123e-06,7.24844389782626e-06,6.336142225940628e-07,1.5429068262031556e-06,4.09553965792929e-05,6.229723168241386e-06,2.416574847655103e-06,2.1597635316079096e-06,-3.820777892340617e-06
2001-12-01,1.0809749331350993e-06,4.759360485971114e-06,2.347765928256601e-06,8.980487203287739e-06,3.6512317967173545e-05,1.3340660085577065e-07,-9.34057855597522e-07,8.043089665309038e-06,-2.4020474345894553e-06
2002-01-01,1.2967415070954595e-06,4.714119661518959e-06,-1.564214456087029e-06,1.2482222675515786e-05,3.320509346403105e-05,4.252984842815511e-07,3.6800824606537545e-06,7.1657324839574116e-06,2.236000064297405e-06
2002-02-01,1.2576488027247288e-06,3.196028110239787e-06,-2.874029511841248e-06,1.015770937483893e-05,3.0782522635724674e-05,-1.978626180757285e-07,9.17753080262265e-06,7.786487271325e-06,1.28286844149651e-06
2002-03-01,7.381310042391403e-07,7.195002202379618e-06,-2.687405987407364e-07,6.469026133768547e-06,4.020769613317338e-05,2.2709486052385102e-06,5.977507830920469e-08,1.0775517222443739e-05,6.11850622415103e-06
2002-04-01,8.103028790141608e-07,1.0212062019308319e-05,-7.499998325190625e-06,1.2365170006500308e-05,4.895188601342243e-05,1.4079496940348543e-06,-2.095175938762562e-06,9.530899700746987e-06,1.159882085825149e-06
2002-05-01,5.523975991564823e-07,1.4376965821871755e-05,-7.600474981704097e-06,-4.057461749319253e-06,5.154974552876569e-05,6.306425254582986e-06,-7.35535710164947e-06,6.201207751157771e-06,-4.015224438831159e-06
2002-06-01,1.0240237512844266e-06,1.484638671736827e-05,-3.3512748999448874e-06,-2.8925923803204434e-07,5.016607653667727e-05,6.1663553583642996e-06,-3.235761721070314e-06,6.728514011423783e-06,-1.5373683021512059e-06
2002-07-01,4.3689125329733867e-07,1.868624446063766e-05,-1.3839774553726239e-05,-4.397011317772906e-06,4.546070872813294e-05,8.204169086088082e-06,-1.105521554379785e-05,1.1268642069206033e-05,-1.1751601501521337e-06
2002-08-01,1.397727429140451e-07,1.718808726195443e-05,-9.480287206516769e-06,-2.959806646551787e-06,4.502649968909487e-05,8.645818957260264e-06,-1.5107693838789697e-05,1.7453067640148294e-05,-2.024094533946242e-06
2002-09-01,7.027183858066719e-08,1.643394154524186e-05,-3.586330943292197e-06,-2.117958980143074e-06,4.461816800155032e-05,7.129992868432749e-06,-6.111380590146049e-06,1.3059145928129472e-05,1.4906863123534068e-06
2002-10-01,-5.31209199668827e-07,1.479117087692299e-05,-4.325993217722276e-06,-1.3340958798007407e-06,5.034209875747762e-05,6.4259480858794815e-06,-2.602340687484266e-06,9.469470125467514e-06,-1.091935376600143e-06
2002-11-01,1.1155769959928256e-06,1.0379139939639329e-05,-2.751049102026786e-06,3.647813571620956e-06,4.27242137735469e-05,4.5857243311095386e-06,-1.337925534782416e-06,3.639009255800823e-06,6.8644462380489866e-06
2002-12-01,1.2534228638227758e-06,6.280992968174906e-06,-3.5422121345391584e-06,4.447478835199027e-06,4.645965625204477e-05,1.727390255509361e-06,-4.5326169959481225e-06,1.1224486271474614e-05,4.179792382524944e-06
2003-01-01,2.220095712878054e-06,5.296523819207753e-06,-3.0059635948282957e-06,8.939639928150321e-06,3.085534647929607e-05,1.172515827212954e-06,1.0952217433198264e-06,4.989835273757664e-06,1.107005442556918e-05
2003-02-01,3.173328452539761e-06,1.6166884150924527e-06,5.771885445051726e-07,9.880640621346693e-06,3.785627033168123e-05,2.594109903352134e-06,4.358126802401826e-06,6.672777859129901e-07,6.989763607493082e-06
2003-03-01,1.1475976958547732e-06,8.96766239345339e-06,-5.278854280377132e-06,7.224987600573392e-06,3.479660545694119e-05,2.9788379493866655e-06,-6.960148891578356e-06,1.1273599552945556e-05,-5.779718252196015e-08
2003-04-01,8.047507355050081e-07,9.720200369440371e-06,-6.13476281949769e-06,3.1468718806812796e-06,4.156435971904431e-05,3.530087200971146e-06,-6.366785580790874e-07,8.164195360464844e-06,-2.47683033226312e-06
2003-05-01,9.899769498135018e-07,1.1735359202451914e-05,-5.506447577549965e-06,1.0615484139343922e-06,4.507452416436567e-05,4.148101488552136e-06,-2.6481457777099763e-06,6.2679507796542485e-06,-1.7908135173660384e-06
2003-06-01,2.0468833973091984e-06,1.5041650293588454e-05,-4.842167684053717e-06,-1.3183894958814956e-05,5.133502035945972e-05,1.104173277975646e-05,-1.0390033270135902e-05,5.386895069241428e-06,-4.400977864820287e-06
2003-07-01,1.8422091607892205e-06,1.606956535235053e-05,-1.4385083267793931e-05,-2.8158548975216836e-06,4.3293008036755527e-05,6.250170744544276e-06,-3.705526342677999e-06,1.1181558549996377e-05,-3.2394806575666177e-06
2003-08-01,1.0116098543556305e-06,2.1325780907760704e-05,-1.7256421291844027e-05,-6.195300985065187e-06,4.366835160917378e-05,1.0275461003515814e-05,-1.9703120215034515e-05,7.3333073697033276e-06,-3.2090970849686905e-06
2003-09-01,1.5763697319213392e-06,1.3659031125438931e-05,-7.321975611653979e-06,-8.28576721726909e-06,4.835946514717094e-05,1.0816921299605025e-05,-4.781002499985401e-06,3.617931347527353e-06,2.504269720710243e-07
2003-10-01,9.14706312864022e-07,1.2920819726092128e-05,-6.099217516405961e-06,3.2310156424868778e-06,4.889780456590397e-05,5.865161202195944e-06,-2.491458409993248e-06,6.299740963188823e-06,-3.998949543322175e-06
2003-11-01,1.8975848415171372e-07,9.995737192122063e-06,-2.1464884038472478e-06,-3.912257588802225e-06,3.742355626558908e-05,5.891670682860269e-06,-2.0612851453652384e-06,6.57357152165905e-06,4.594259779798797e-06
2003-12-01,-5.224200797378693e-07,5.19495763786254e-06,4.153679284199013e-06,1.1819337459206974e-05,4.095585950017835e-05,3.400897491556504e-06,1.5838388232846525e-06,3.4410005322380184e-06,8.53771628507814e-06
2004-01-01,1.983859514497247e-06,2.7971641163525846e-06,6.755807214520096e-07,4.353590315979191e-06,3.065585721033312e-05,4.904080210072734e-07,2.5537571302470818e-06,7.991375447536073e-06,5.412129056800248e-06
2004-02-01,2.484513669715015e-06,1.2225948371426733e-06,7.186538251685719e-06,8.168124483161689e-06,3.077983748972116e-05,3.0244740476341727e-06,1.0852561172331135e-05,4.32313510649578e-06,1.0175451023379104e-05
2004-03-01,8.078032329727201e-07,4.376533845153018e-06,-8.714835015917331e-07,4.9064056980691385e-06,3.550095700568143e-05,2.415321083022222e-06,4.0696334683004585e-06,6.309742093713142e-06,9.153369547565541e-06
2004-04-01,-2.166060188185542e-07,7.242786848398834e-06,-5.091486218914232e-06,8.36709209072252e-06,4.790955869432526e-05,2.7257949425974114e-06,6.125551038633528e-06,6.958032341002161e-06,1.4837715176517514e-06
2004-05-01,1.6804774427069874e-06,1.327539445167279e-05,-9.508409040927671e-06,-2.8056563098757866e-06,2.991682008839829e-05,6.923197635951443e-06,1.5002415919965005e-07,5.149958594633217e-06,-2.3157885855368972e-06
2004-06-01,1.5567073356528556e-06,1.3654337804207694e-05,-3.827781642891092e-06,2.7520798513867147e-06,4.0846707473938064e-05,7.399162342359212e-06,-6.666265579934287e-06,1.3496269000016658e-05,-1.4571411095787257e-06
2004-07-01,1.0591867690005981e-06,1.7393216562804664e-05,-1.2909838302739035e-05,-5.76756770867476e-06,5.190906815401353e-05,8.077248311427966e-06,-1.191587423590667e-05,1.0248849192195066e-05,-2.5179774682987984e-06
2004-08-01,-1.6810762616360958e-07,2.23166576637358e-05,-1.6402846429424987e-05,-5.270899517023786e-06,4.3031662530752226e-05,1.0930543642118544e-05,-1.8652702018973152e-05,4.957541287110299e-06,-5.545566237121657e-06
2004-09-01,-2.2217048746236268e-07,2.006629316701439e-05,-7.134319241707981e-06,-6.537296475174094e-06,3.872673898067636e-05,1.1343134463043208e-05,-1.4230640042054291e-05,7.5928236507995775e-06,-1.7480767010649127e-07
2004-10-01,4.79017150147062e-07,1.0097582007056171e-05,-1.1204905527579767e-06,6.695202530884143e-06,4.505518375945615e-05,5.008961368152866e-06,-2.038688951800479e-07,6.780862624050497e-06,-4.5520415573694555e-09
2004-11-01,-4.5893857407049916e-07,8.702204973566434e-06,-1.9917893330226093e-06,-4.2286873140477305e-06,4.469076688981294e-05,7.890214420667517e-06,-7.074363222191988e-06,1.6548005761851195e-06,3.398088608348475e-06
2004-12-01,7.643395936920555e-07,6.965830575796107e-06,5.655342875036287e-07,4.636604512756726e-06,2.702601647178603e-05,3.6218362761434472e-06,7.634603730768212e-06,1.805101210396727e-06,1.0371597433680159e-06
2005-01-01,2.1901577519693652e-06,3.0060808758064292e-06,2.683837523185042e-06,1.1438193809091102e-05,2.887881511593296e-05,-7.269882573073136e-07,4.804697758962376e-06,8.526070102023588e-06,7.939937563413722e-06
2005-02-01,2.1148733821745986e-06,9.743564726842135e-07,1.5596239580539035e-07,6.493330307535511e-06,4.041672468214587e-05,-9.064487255034654e-07,2.752826670300142e-07,6.809264215390016e-06,5.932935999664411e-06
2005-03-01,1.1286107444699162e-06,9.427801868380413e-06,-3.53576449767589e-06,5.059779591002208e-06,3.849687665650519e-05,5.48378030420756e-06,-7.478351645322957e-06,9.977397039826965e-06,3.485399744344339e-06
2005-04-01,1.129428810046652e-06,8.71146353654055e-06,-4.654002387240258e-06,3.070631225359354e-06,3.8320148746563656e-05,5.115779520367278e-06,-7.369091793008874e-06,3.6299493949175383e-06,1.0474902732166458e-05
2005-05-01,1.057895531651198e-06,1.146985196296132e-05,-8.362062482964992e-06,1.5323982060720702e-06,4.9825439504266034e-05,6.9592562805297025e-06,-8.617719327965652e-06,9.186074135650152e-06,2.2547028056400893e-06
2005-06-01,9.713462729777103e-07,1.8186008477425432e-05,-8.330129784965091e-06,-1.683629182727051e-05,5.120473317362578e-05,1.3320173779462276e-05,-1.2441004898109443e-05,3.2098524553085626e-06,-5.356998059794217e-06
2005-07-01,2.343895193285028e-06,1.633935820425092e-05,-9.330287256810624e-06,-9.228258377917357e-06,4.774641935123626e-05,9.944198908395827e-06,-1.0000476223654875e-05,7.790862542588018e-06,-2.6783572595162066e-06
2005-08-01,-1.1673925876285676e-06,1.924454634325028e-05,-1.191363290532111e-05,-1.836572853290621e-05,4.789129233765109e-05,1.5852674122111018e-05,-1.9181006672517754e-05,3.889341580533135e-06,2.242222318364771e-06
2005-09-01,3.5219025763376663e-07,1.346623104317087e-05,-6.707268470909518e-06,3.971580474516305e-06,4.885118794227551e-05,7.069313658455367e-06,-2.184052225207945e-06,7.581102840383968e-06,-3.4700654231921673e-06
2005-10-01,1.4852231146950807e-06,1.2086790123912423e-05,-6.214054453360764e-06,4.464878983425495e-06,5.184933402441154e-05,4.532469841811565e-06,-1.8542048532609316e-06,6.878295582940879e-06,-5.393575250505944e-07
2005-11-01,6.725553178537744e-07,1.0002841257962225e-05,-3.4819785762402686e-06,9.049174895350907e-06,4.7924714951670455e-05,2.131280194392474e-06,-9.467749877549287e-07,1.0362530265408028e-05,3.836687721054657e-06
2005-12-01,2.0415865788082887e-06,7.840265133611544e-06,-2.77365678338235e-07,4.400491028625542e-06,3.106459908201924e-05,3.1989196621885647e-06,7.927984679728202e-07,6.6038471545911756e-06,5.953616355252995e-06
2006-01-01,7.361201545619644e-07,8.758537287399716e-07,4.476839903448301e-06,9.28520869495909e-06,2.973101380029019e-05,1.680191981874034e-06,7.74686494385449e-06,9.197461090281569e-06,1.3231036871565704e-05
2006-02-01,1.5029080313383893e-06,1.14680445714381e-06,1.9258538568765507e-06,9.916703371534047e-06,2.5746636651688864e-05,2.423347443217177e-06,4.7467497189607445e-06,6.965099592071855e-06,1.0026961396108907e-05
2006-03-01,-2.2291134948556032e-06,6.854354856714968e-06,-2.5086825565671144e-06,7.91235027835201e-06,3.58161354939281e-05,3.156737693150567e-06,4.990907842894466e-06,6.334980445079591e-06,4.548207922466653e-06
2006-04-01,1.0340696721506927e-06,7.420724434429686e-06,-7.271135997842853e-07,8.731331811705331e-06,3.820308521340975e-05,3.1933157340525547e-06,3.1808817275438466e-06,1.2275203374761981e-05,-2.0336149665851615e-06
2006-05-01,-3.520007827488666e-07,1.5778311274344e-05,-9.097715584513778e-06,-8.41598889054826e-06,3.9320856827926436e-05,8.536618299677036e-06,-1.0451336768300684e-05,3.5749865203867365e-06,-7.279492907174762e-07
2006-06-01,-7.721580241765042e-07,2.299743713925732e-05,-1.4275454483165128e-05,-9.438305189147425e-06,5.0384695998133175e-05,9.997400779779655e-06,-1.7930246266189596e-05,1.586876533615625e-05,-4.454950198248727e-06
2006-07-01,8.412853748669308e-07,1.9814706287781322e-05,-1.1066117469787058e-05,-1.2712577187956551e-05,5.056393865374233e-05,1.0166343749789395e-05,-1.4606543721767675e-05,6.559443969425099e-06,-4.2018694077114256e-06
2006-08-01,3.6003469116983667e-07,1.6209386582391387e-05,-9.679523417151925e-06,-2.2511245156244276e-06,5.001091324813791e-05,9.141584369423613e-06,-6.265443238135998e-06,6.661430078438739e-06,1.8761978270458592e-07
2006-09-01,8.624386055086118e-07,1.5716327435478603e-05,-4.440408127920768e-06,-1.0367317068718609e-05,3.9877989152499524e-05,1.1471997599131206e-05,-1.2063180010902758e-05,4.94810642451675e-06,3.3833370729978273e-06
2006-10-01,-5.528485125032783e-07,1.0017521250833821e-05,-1.1387864276910427e-06,1.26528201989164e-06,4.590843709952524e-05,5.938826034479952e-06,-4.052252931286017e-06,1.190256271932015e-05,6.593838045040023e-06
2006-11-01,3.1858149663334624e-07,9.785635304617187e-06,7.408103334801431e-07,1.1559238159958686e-06,4.2266421178532377e-05,5.254890224881471e-06,-2.7453648675235986e-06,5.819402502029741e-06,3.698202575069099e-06
2006-12-01,1.4515011260054554e-06,7.308723781980655e-06,-4.758200367869735e-06,8.416545051163138e-06,3.966737718475071e-05,5.362318645826369e-06,-1.6663831003502968e-06,3.6670874644568077e-06,4.59113306570642e-06
2007-01-01,5.536146661700764e-07,3.0358993489988473e-06,1.47865592328245e-06,1.066827595336439e-05,4.695906333498802e-05,3.632618351741456e-06,3.6167072492778213e-06,-1.6897209750668658e-07,9.098192004685097e-06
2007-02-01,1.0408546446141426e-06,6.220069592213498e-06,-5.678133486119981e-06,5.9540421991024244e-06,3.540072220305463e-05,3.4268044534362973e-06,7.706578205243681e-07,2.490471949433324e-06,4.4123958818014635e-06
2007-03-01,3.5389552886787905e-07,4.232058730920671e-06,2.8593249034028316e-06,1.4197003399516181e-05,3.663573711187175e-05,3.1402799320760156e-06,2.253221859392734e-06,9.43899105763708e-06,5.881834116744771e-06
2007-04-01,1.1487462057713741e-07,1.0281760024534625e-05,-5.130343551912819e-06,-8.979500700772609e-07,5.219153477662698e-05,4.653826051509735e-06,1.3467484824479852e-06,5.895516837413025e-06,-3.9512252631417755e-07
2007-05-01,4.1308434409412534e-07,9.43972600000686e-06,4.387044598103497e-08,1.5811991907734254e-06,4.953708313831427e-05,5.529481913414437e-06,6.032710313323329e-07,-1.0094118978336683e-06,4.241955411507267e-06
2007-06-01,1.6332855652285536e-06,1.775686619349392e-05,-1.2301860535692742e-05,-3.0551286252301056e-06,5.329013458106394e-05,7.463532093494242e-06,4.670681417151522e-08,-8.086714636356919e-07,-1.1075524625974653e-05
2007-07-01,1.5205428601064722e-06,2.0108719471207435e-05,-1.4628193131436012e-05,5.174474005904731e-06,4.546549860237049e-05,5.439585424267961e-06,-1.0464797859539613e-05,7.214104937649724e-06,-6.166328878417684e-06
2007-08-01,2.1078904787845386e-06,1.4817995735782257e-05,-8.3274096989515e-06,1.1355024420879887e-05,5.2434767120936624e-05,3.965426152526164e-06,-3.1782241671702334e-07,1.029451069069238e-05,-1.5234087618339867e-06
2007-09-01,4.318463329039446e-07,1.3822460398792382e-05,-8.937264988044429e-06,6.260245705259779e-07,6.237407373470272e-05,4.905486466339529e-06,-7.82959930902899e-06,1.2641212747035275e-05,-2.075557037493126e-06
2007-10-01,6.106701352442097e-07,1.0188369144099988e-05,1.1091786064351526e-06,3.260770355836587e-06,4.667338928103261e-05,5.14107118340761e-06,1.5066114270234966e-06,7.818064148246272e-06,3.8508526230736745e-06
2007-11-01,3.2432111619079555e-07,7.365925149615601e-06,-2.6495737186926504e-06,1.8906242875095486e-06,3.486202432024437e-05,3.7821964189638726e-06,1.019309965638665e-06,2.9227872106457654e-06,1.8674310201456052e-06
2007-12-01,-1.1765231931500767e-07,5.552511356073164e-06,1.1385979325536727e-06,1.1144669837545728e-05,2.8450033497064887e-05,1.949046001192126e-06,-2.484971116219879e-06,7.210526732525313e-06,4.837431660852298e-06
2008-01-01,-5.305564814109348e-07,3.7123787469350076e-07,3.338221875141872e-06,1.196509951645677e-05,3.297093291282558e-05,1.1728654469990835e-07,6.512131184155077e-06,8.201768305211842e-06,1.008456433896942e-05
2008-02-01,-7.769181979993835e-07,3.5026927897831145e-06,-2.016179868686169e-06,9.145908137092267e-06,3.61932302988353e-05,3.8087917014335904e-06,8.858544445094415e-06,7.117945511460824e-06,-7.35857999269828e-07
2008-03-01,-4.0233482382401266e-07,4.572976160716434e-06,-7.786776555771745e-07,8.365377028833823e-06,4.254481367304493e-05,2.553964945633386e-06,7.727325455748037e-06,7.62981013496808e-06,5.448834378037795e-06
2008-04-01,9.47233412527766e-07,7.718525314375397e-06,-3.7269649582533863e-06,5.47215647238875e-06,3.876301876531913e-05,2.1255978361200616e-06,-2.030308434244086e-06,7.6032778290368625e-06,-1.1904368619058258e-06
2008-05-01,-1.2651137513316353e-07,1.680293008931246e-05,-1.3916990808035008e-05,-9.01644916374419e-06,4.608960124630529e-05,9.134073213336934e-06,-1.2455161899076509e-05,1.7989584831681167e-06,-2.6586152384521177e-07
2008-06-01,1.2000420337181923e-06,1.2504903322468028e-05,-6.615341429203377e-06,6.211806202557296e-07,4.750872127529534e-05,7.092784973254811e-06,-3.262571144257329e-06,6.729752802564947e-06,1.632463077399044e-06
2008-07-01,1.1389145455877318e-06,1.8258591811641058e-05,-8.309427147779136e-06,-8.465444550801689e-06,5.813944784450427e-05,1.0075567930752183e-05,-1.2525935033778075e-05,1.21880290940168e-05,-9.25048033138807e-06
2008-08-01,2.9394270733290024e-06,1.8537501492740674e-05,-1.633459013013825e-05,-1.0255369953928561e-05,5.2261917346294494e-05,1.1566297605291294e-05,-3.165978652415034e-06,4.6223166366788295e-06,-1.0411675660846771e-05
2008-09-01,1.4617513814532474e-06,1.0432737146064684e-05,-6.240062310871244e-06,-2.5066350527535853e-06,4.8599636117922565e-05,8.541735661810436e-06,3.584257658035201e-07,5.504681358975731e-06,2.0067519296033407e-06
2008-10-01,9.968989564747532e-07,1.1422838968159944e-05,-3.5896061187347145e-06,3.852940135411372e-06,4.469624856484084e-05,6.661241047004073e-06,4.7182060994841564e-08,7.671022770552933e-06,4.129063486858042e-06
2008-11-01,1.5886023547175256e-06,6.159752076492067e-06,-1.643932651934962e-06,1.0286497500092984e-05,4.827400865927898e-05,3.956300089818345e-06,7.99555531381611e-06,1.2652455192695223e-06,-1.113901143692459e-06
2008-12-01,1.9482132604738883e-07,5.525371330889398e-06,4.09227506466639e-07,6.051591093735576e-06,3.633642012850568e-05,3.569386340359276e-06,2.3350521583042765e-06,5.33406629265219e-06,1.4947173474437747e-06
2009-01-01,1.2538280148335005e-06,3.0735771266025487e-06,-1.42516515781404e-06,8.141528056478788e-06,2.136753914932327e-05,2.7775093218146923e-06,5.117497947378839e-06,3.232345631911666e-06,1.1752870859134834e-05
2009-02-01,5.351076552572551e-07,2.355736235393126e-06,7.047077739029044e-06,1.5245730848219368e-05,2.5105297070989737e-05,3.3153647651947897e-06,1.226797590410217e-05,5.611521554215369e-06,4.051083020504561e-06
2009-03-01,-5.57020332605053e-07,4.013726364417682e-06,-2.207466203845801e-06,1.1520050630748127e-05,2.7036844313495207e-05,2.9349670978091564e-06,9.61229958587553e-06,7.985973412480672e-06,6.188584098314613e-06
2009-04-01,1.5104362578361705e-06,8.819165508560126e-06,-4.416017749704123e-06,5.964239031700468e-06,3.446477037035103e-05,4.430694273176124e-06,9.783436141780807e-07,8.420652206880614e-06,-1.1394181221830254e-07
2009-05-01,7.482114185206881e-07,1.6416229064941193e-05,-1.28294829641245e-05,-3.0188595550764523e-06,4.5326909326058055e-05,7.580342152868318e-06,-1.1814168238263433e-05,2.141617397332178e-06,7.212334422443718e-07
2009-06-01,-2.844204673282307e-07,1.945897648686691e-05,-1.096960982539412e-05,-1.0941570138259696e-05,4.087233144002623e-05,1.0252910790075869e-05,-1.2143904718213946e-05,5.582732488940088e-06,-7.827836448204533e-06
2009-07-01,9.67905233969664e-07,1.9673406822699287e-05,-1.238422432444518e-05,3.956663802592295e-06,4.7030136209235706e-05,6.132179438286647e-06,-8.332794226423628e-06,1.5135697389809782e-05,-6.425945128905156e-06
2009-08-01,1.2876699111352366e-06,1.590428703139617e-05,-4.9554406326350935e-06,-1.460552030389865e-05,4.716502584800175e-05,1.3250948129932286e-05,-1.4357867540541719e-05,9.41084111436311e-06,-7.15697509968191e-07
2009-09-01,1.253081026385092e-06,1.2427829795773304e-05,-8.119309845335144e-06,1.4803057323648686e-06,4.5666965016839624e-05,7.108635026976312e-06,-3.1363720507091104e-06,6.049608186041947e-06,-3.18302894394644e-06
2009-10-01,1.1278184800993222e-06,1.1524272351768674e-05,-8.210949781252391e-06,-6.587542620506795e-06,4.7875635745089823e-05,9.39335613782377e-06,-3.496595490652156e-06,-4.782750125769352e-06,-2.593097074952093e-06
2009-11-01,-9.481820220804178e-07,9.142595517994797e-06,3.0774802276246187e-06,-8.065208463741557e-06,4.3688883701820324e-05,9.98460109081572e-06,-8.336807495592495e-06,-3.1214412745454218e-06,8.928930908802727e-06
2009-12-01,6.733168776658269e-07,6.000879219200321e-06,2.2830686750452025e-06,2.6525746686807407e-06,3.955783267335493e-05,5.732097210066793e-06,-5.290745925581013e-07,-1.0130635915587292e-06,8.187105043576725e-06
2010-01-01,2.164035729844871e-06,2.6520216126803773e-06,7.377416561223875e-07,1.8186432861142385e-05,2.5843582524063596e-05,1.6203815639257101e-06,3.9403303520371205e-07,5.1589423520692265e-06,8.470156260180307e-06
2010-02-01,2.354120922915729e-06,1.0292731081512696e-06,3.302898326445275e-06,1.1160447331134928e-05,3.80828118746597e-05,-8.37845245169883e-07,2.6622219312278037e-06,8.229907587674638e-06,6.610580091263486e-06
2010-03-01,2.066800064571973e-06,4.4286026449162644e-06,8.384270182335607e-08,-1.3692430805748372e-06,4.007556393942682e-05,5.6524230790579335e-06,1.971721742007253e-06,1.0953287123438605e-06,5.312099856033244e-06
2010-04-01,6.443151502822783e-07,1.058953020099681e-05,-2.8132532437741336e-06,9.072794229642886e-06,4.569761452101842e-05,2.5924303335683123e-06,-5.9673063681999504e-06,8.554423740608524e-06,3.0461635766237036e-06
2010-05-01,1.5215582714771352e-06,1.3373631734437601e-05,-1.2095949278851886e-05,7.66145328643301e-06,4.687996371122717e-05,3.912850624595419e-06,-9.002110335939194e-07,8.183038190198375e-06,-4.155631000697796e-06
2010-06-01,2.297487943009234e-06,1.5978594352838367e-05,-1.3816292118896358e-05,8.845508736070344e-06,5.484496262182239e-05,6.071295488844348e-06,-3.6370906983906217e-06,9.618656536289408e-06,-6.548029955247494e-06
2010-07-01,2.395040044737313e-06,1.55078835027095e-05,-1.7020245958397668e-05,9.237610140396545e-06,4.6086769814419024e-05,7.820361078282115e-06,7.680767362275822e-08,6.817610842646351e-06,-8.114451159448366e-06
2010-08-01,3.009476362717973e-06,1.4268988207017198e-05,-9.646003859801468e-06,-3.3121547534320824e-07,5.2613977938186776e-05,9.067496026855173e-06,2.4328061386832344e-06,3.5399257705559622e-06,-1.1486849618161462e-05
2010-09-01,2.107236181644931e-06,1.2638223548041608e-05,-2.0236509932117356e-06,-4.844333144479181e-06,4.3475443161051414e-05,7.911543959711778e-06,4.5477401373167945e-06,7.265958996959637e-06,-5.465485150442684e-06
2010-10-01,2.5645651011433547e-07,8.18304004670894e-06,-6.450364868595606e-06,4.617552904723593e-06,4.4131608358210204e-05,6.566637623270769e-06,3.965633146404556e-06,4.513262319585779e-06,-4.715347004656295e-07
2010-11-01,9.854832570887348e-07,6.714781483405694e-06,-6.9251827456759736e-06,7.393734169727056e-06,3.8992927806642714e-05,3.651633909154243e-06,1.7878645009380782e-06,4.849406003680662e-06,2.8577411361318207e-06
2010-12-01,-5.350827291993404e-07,4.128797392042939e-06,5.574007681100014e-06,1.080680464648335e-05,3.4843142343849095e-05,3.410238414606241e-06,3.803773766632875e-06,3.341483281707319e-06,3.5155130305684083e-06
2011-01-01,-4.367569769520912e-07,-3.8551487077267357e-07,6.103006027700035e-06,1.6024949184161758e-05,2.6699191223066315e-05,2.183650026878963e-06,1.1100549648657493e-05,1.1973213126836746e-05,1.2512571639782029e-05
2011-02-01,7.155832157021841e-07,-1.0864270015721404e-06,4.5467167944805436e-06,1.1986128427555803e-05,4.09521732907255e-05,1.8572972449926338e-06,5.772793665684804e-06,7.955253478016606e-06,1.0168816007061274e-05
2011-03-01,1.2983738477249314e-08,4.462344044274018e-06,8.736556939114754e-07,1.3686038633822027e-05,4.175067935859469e-05,1.1188279795467917e-06,5.416364303348543e-06,6.497467510208929e-06,2.822173335174024e-06
2011-04-01,1.4385350930309472e-06,7.5067580566328795e-06,-5.615144883697898e-06,8.185564106394138e-06,3.257842089035973e-05,4.211227396741379e-06,1.0373878853445135e-06,6.266265084854731e-06,-8.605473754368202e-08
2011-05-01,5.814183677136143e-07,1.089742437523649e-05,-5.111056546371183e-06,5.392629202945751e-06,4.418945431852039e-05,4.4068084991064495e-06,-3.982159435640523e-06,4.971590037987368e-06,-2.9514635593001403e-06
2011-06-01,1.393871271572471e-06,1.2774279555869605e-05,-1.003490728128197e-05,5.442382704963505e-06,5.026822293976399e-05,5.2811847231612786e-06,-6.345583366755638e-07,7.0721358844712414e-06,-2.0797020320013666e-06
2011-07-01,2.0601321289171783e-06,1.881335986687042e-05,-1.676271244072951e-05,4.033520609266599e-06,4.91202620145122e-05,5.635244556469309e-06,-3.2831683044892936e-06,9.011841464133544e-06,-2.8605113592658546e-06
2011-08-01,5.828834750184401e-07,1.7991253107192e-05,-1.3005739055021415e-05,-6.1878238461272275e-06,5.329010967894702e-05,7.954401746949598e-06,-1.1282698545348442e-05,1.6249810963361158e-05,-2.186636011278023e-06
2011-09-01,2.021705795488668e-06,1.8143140644948964e-05,-1.1490899902037415e-05,-4.0104135071713155e-06,5.711972315854034e-05,9.536860946454882e-06,-1.0635812778111164e-05,1.0994425623854774e-05,-3.2992846993422445e-07
2011-10-01,9.903742120541099e-07,8.246627268705497e-06,-5.485475431136087e-06,7.981967261215536e-06,4.7117753110086564e-05,4.540737413279944e-06,1.0135443319458064e-06,5.163293075448117e-06,-1.2408525334371115e-07
2011-11-01,2.5483287844044104e-06,2.745868472642984e-06,3.1142493702649184e-06,6.4457896045779045e-06,4.01246446046644e-05,1.8564504621491737e-06,6.492708836244977e-06,4.2397084685821954e-06,6.9627412016323475e-06
2011-12-01,1.6042717959012847e-06,5.052165214295858e-06,-6.613853465026245e-06,6.5049766810728465e-06,2.797526116196324e-05,2.180335042527242e-06,4.718098944162624e-06,6.931719492165071e-06,1.6423136007401742e-08
2012-01-01,-2.600885694858328e-07,3.5964910038818573e-06,1.0717707670810926e-06,3.702615535185397e-06,3.9579823680852286e-05,2.411790522908579e-06,8.231013568568747e-07,4.14028276184544e-06,5.372618231555414e-06
2012-02-01,6.931751447317287e-07,6.441043127677757e-06,-1.3087735467220137e-06,3.036995064242302e-06,3.272498703447945e-05,4.518705808102325e-06,-5.377133420541973e-06,1.218648831917096e-05,2.5884224455591867e-06
2012-03-01,-1.0944958710905315e-06,5.740349580609794e-06,2.784164565757516e-06,3.387830147568993e-06,3.128262462652642e-05,2.8334586749205993e-06,5.18129621427075e-07,8.509298922813061e-06,2.4184116388228252e-06
2012-04-01,-2.6421373697244825e-07,9.131981302981496e-06,-6.136613696965586e-06,1.3694096662526614e-05,4.157013797044309e-05,1.000343497626256e-06,-3.7243294840377936e-06,1.044376462191217e-05,2.100244881874781e-06
2012-05-01,1.6756149496084869e-06,1.4452060213969973e-05,-8.750363790498235e-06,-4.957709435331256e-06,4.8211174142810296e-05,7.106117325071221e-06,-5.706187398618905e-06,9.250230804993996e-06,-1.6825672204784047e-06
2012-06-01,1.021593150384501e-06,1.6464260368651532e-05,-9.953804791264178e-06,-3.557599631138968e-06,4.981542874914846e-05,6.84157662965773e-06,-6.053649989375714e-06,1.1763580571774037e-08,-5.248131152202528e-06
2012-07-01,1.2513648645827083e-06,1.924960136274401e-05,-1.5995559725418794e-05,4.585763791294002e-06,4.505323177397862e-05,7.83928781539314e-06,-1.1150362868451848e-05,9.375400053484879e-07,-3.3965376704188727e-06
2012-08-01,-8.849287296494118e-07,2.2379328924443913e-05,-1.6009146124099388e-05,-2.43638803062834e-06,5.161914279478725e-05,1.070256155830382e-05,-1.8522924545484804e-05,1.2930981916915107e-05,-6.975278100287727e-06
2012-09-01,8.762280603430256e-07,1.4377825440038166e-05,-7.5032349109895964e-06,1.7769335295069652e-06,4.5691449692895016e-05,6.1456645502719465e-06,-3.7386062446663353e-06,9.080956197614214e-06,-5.322203642723641e-07
2012-10-01,5.224512824145934e-07,1.0557349854470883e-05,-3.4433027215034867e-06,-1.2675602449892664e-06,4.775921802655364e-05,7.0311231578068314e-06,-1.4545895934234085e-06,5.433395742302453e-06,2.4045529822350116e-06
2012-11-01,6.463984783959936e-07,9.293107042826516e-06,-5.153453126094629e-06,4.026645946970305e-06,3.953599773879287e-05,4.23370639417225e-06,6.397681182158649e-07,7.74809157846655e-06,6.687007523720262e-06
2012-12-01,1.980499657788845e-06,2.9041753403153635e-06,3.985285604625927e-06,8.01947689614992e-06,3.580814148372729e-05,3.013294592598493e-06,3.0674333165890002e-06,8.096766337086811e-06,7.318915029464471e-06
2013-01-01,9.568241038488932e-08,4.168454678043374e-07,2.5514202921716218e-06,1.0317977006852268e-05,2.923627967470014e-05,1.5205780771857076e-06,2.411944459508403e-06,1.6881704401891432e-06,1.2145186985694057e-05
2013-02-01,1.2524958969719665e-06,4.0826611329353056e-06,-3.4855646791167466e-06,5.165206837658903e-06,3.395435754773337e-05,4.787685178134608e-06,3.2542262901241585e-06,4.151160333720409e-06,5.106387853142022e-06
2013-03-01,1.0599344985820364e-06,2.170807829643864e-06,-3.7327718866539102e-06,7.313115138653343e-06,2.974561136298177e-05,4.176348331910759e-06,7.135282316854396e-06,3.877462913340209e-06,6.684973561311594e-06
2013-04-01,2.3784737294861435e-07,1.011460148517203e-05,-6.086138519961201e-06,4.800148739049865e-07,4.688060405178205e-05,3.5674139005740672e-06,-1.6447747512488931e-06,9.301629367743823e-06,2.173447560277842e-06
2013-05-01,2.249749877310604e-07,1.273846174397088e-05,-1.0731258633229643e-05,8.193649346592892e-06,5.020821462774574e-05,3.2019711522808185e-06,3.451573779858014e-06,1.1389574115229475e-05,-1.7965399166238788e-06
2013-06-01,1.9888206859122425e-06,1.6988145649723084e-05,-1.5465287761945578e-05,6.0557273832808696e-06,3.972399668761196e-05,4.067296901435798e-06,-4.4417530653252105e-06,1.3578102007260695e-05,-7.697462326247125e-06
2013-07-01,1.8781294591491105e-06,1.2339105988461995e-05,-4.840529539282836e-06,4.318024310866156e-06,5.0548473692869385e-05,5.219666792603693e-06,-3.097629528809275e-06,7.219003232214424e-06,3.610752475995051e-07
2013-08-01,1.7198785598418534e-06,1.8492784651759164e-05,-1.2876636208821008e-05,4.781688342614992e-06,4.0695432327501546e-05,7.2616102896811394e-06,-1.4756287029595203e-05,1.0828241527474058e-05,-2.610040401962469e-06
2013-09-01,1.4475952396628784e-06,1.150866911036337e-05,-2.926477197084237e-06,-8.075190583628782e-06,4.5408129722094526e-05,1.1274805717697524e-05,-2.301102335090312e-06,-2.077965441531115e-06,2.5473427684173466e-06
2013-10-01,1.949958778107098e-06,9.272192972677102e-06,-3.475946840767965e-06,1.9373536312611773e-08,5.048712792531056e-05,5.563403637159682e-06,-1.1025920056972482e-06,3.2459530530874928e-06,4.411972749117803e-06
2013-11-01,5.956704614881435e-08,9.153022071959791e-06,-6.6495495324454116e-06,7.437791533774537e-06,3.77325578069035e-05,4.6324786037561096e-06,-3.023265139211543e-06,9.248740283839352e-07,-2.4492699096955153e-06
2013-12-01,1.4327701912725911e-06,4.276664045273234e-06,2.94445977352579e-07,1.0393242287520737e-05,3.219530079199645e-05,4.640009930470023e-07,3.646308266557189e-06,8.931133477038409e-06,6.84786496560618e-06
2014-01-01,3.4942281859089703e-07,8.170865462799219e-07,5.5303625682905105e-06,5.164059815467805e-06,2.3411432452231024e-05,1.8384382726005745e-06,4.4644577202088725e-06,4.487355639628794e-06,1.1520247908449045e-05
2014-02-01,-2.2402911893428695e-07,1.4512181576140678e-06,-1.2361454482279658e-06,4.734228902451185e-06,3.8426698559286406e-05,7.592312269545208e-07,3.7540760416636126e-06,4.529346299175682e-06,6.810905244098773e-06
2014-03-01,1.762363231854976e-06,4.470137454425768e-06,-4.3784108254024966e-06,7.167213901197439e-06,2.9661533824347295e-05,2.0303233688522807e-06,-6.632653163516691e-07,2.030119223854822e-06,3.0453830823001325e-06
2014-04-01,1.2700202305146551e-06,8.446529193977273e-06,-3.5178483021891756e-06,6.265632231237143e-06,4.1456362905061705e-05,3.8101717193382177e-06,-2.776233727767394e-06,6.364508304062182e-06,1.6949988770253976e-07
2014-05-01,1.3577303744820935e-06,1.3890349820684387e-05,-6.8100922123610626e-06,3.3049026362985454e-06,5.2835551676658794e-05,3.5152165098571612e-06,-5.2393581247528856e-06,9.3132812800787e-06,1.5425221167193696e-06
2014-06-01,1.8783806464620188e-06,1.2566228253312248e-05,-8.485841761924332e-06,2.4196243815252213e-06,5.3710767851458603e-05,7.163722749121497e-06,-2.990556681893393e-06,2.9918451625564956e-06,-4.686380076553501e-06
2014-07-01,1.188526705312542e-06,2.060489687712283e-05,-1.5168536672311086e-05,-4.522080913981079e-06,4.738549458299287e-05,7.937041656660094e-06,-1.7961401254417418e-05,1.535669562261651e-05,-3.9562759487556865e-06
2014-08-01,9.81202013576192e-07,1.9650772176142526e-05,-1.086601858834375e-05,-1.1012102337194517e-05,4.876770413094786e-05,1.111415821952143e-05,-1.4691542317031117e-05,5.799983398692945e-06,-2.3924561123144534e-06
2014-09-01,-7.727868161386907e-07,1.799988641545826e-05,-1.176742396932567e-05,-8.710494025338774e-09,5.6090323984041065e-05,8.601499382458455e-06,-8.592489542111313e-06,8.56737224637234e-06,-8.380695162691793e-07
2014-10-01,9.596324814406417e-07,1.1044392169036623e-05,-3.4204568345756877e-06,-5.078575368892608e-06,5.438085043119869e-05,6.248092714709344e-06,-2.120303366365207e-06,2.7372264263307115e-06,6.729426191325356e-06
2014-11-01,1.1214979024282971e-06,4.619224681837963e-06,3.338837012866891e-06,2.3199382932391313e-06,4.153409172977611e-05,6.603183344601598e-06,1.115863638219186e-06,-7.618699453006994e-07,7.862443549961724e-06
2014-12-01,3.6369305820884764e-07,5.665932204876557e-06,-5.364344795186619e-07,1.1522449550906242e-05,3.415174718267343e-05,2.1743466255458692e-06,-1.7935024471810297e-06,6.330319647910692e-06,2.2313667702715116e-06
2015-01-01,6.449316509089906e-08,8.106026623414131e-06,-2.693910834389037e-06,9.87861814285463e-06,3.1114435816843355e-05,2.140719931436699e-06,-6.062663326182267e-06,6.961660406686102e-06,5.293851355303668e-06
2015-02-01,2.7569386102254265e-07,3.384689852278545e-06,-3.034164177322107e-06,9.318357362228733e-06,2.8290145205947982e-05,-6.235946199927197e-07,3.899249881550681e-06,8.254709578646323e-06,6.546262050438259e-06
2015-03-01,1.1148343177972373e-06,4.5861098391736306e-06,-1.0449745190280704e-06,7.212312350719865e-06,2.9967486940344464e-05,4.936406299442667e-07,1.4247858147066585e-06,9.730748296796433e-06,4.066974631803806e-06
2015-04-01,5.717903833900039e-07,1.0198991594226807e-05,-2.4730202177806673e-06,1.9038746891492303e-06,4.045023132311557e-05,5.3322086551908875e-06,-2.3345850483167548e-06,8.231477141267704e-06,-5.128727323518515e-06
2015-05-01,1.4667552167045555e-06,1.2363919496074475e-05,-6.103188564312851e-06,1.3137027678138695e-06,4.2619047338486246e-05,3.8051606815603042e-06,-4.058329397942019e-06,1.344859566831668e-05,-3.3030858327432294e-07
2015-06-01,1.0744176263155672e-06,1.5564982698481524e-05,-2.841183519142512e-06,-5.796662294292128e-06,5.3943421778378155e-05,7.25613422557343e-06,-6.639319161004707e-06,-4.1838472062886493e-07,1.2393284992967689e-06
2015-07-01,1.4420743730979206e-06,1.887477050967134e-05,-1.4531881263299565e-05,-7.05340635588989e-06,4.4430187653624376e-05,9.112981212566261e-06,-1.1827474025819543e-05,8.537736442916884e-06,-4.6292842094899235e-06
2015-08-01,-1.940751843342084e-07,1.9796041541002864e-05,-9.831292480096301e-06,-1.035444895632518e-05,5.66053826331848e-05,1.2201698537268235e-05,-1.9275287371178575e-05,6.137600538243711e-06,-6.829383747316035e-06
2015-09-01,-1.0560729161909013e-07,2.0478739601436382e-05,-1.3160320296800961e-05,-7.674268164724091e-06,4.872453861450349e-05,1.043310477895516e-05,-1.7035280406150277e-05,4.777950963756175e-07,-2.52476427350558e-06
2015-10-01,-2.0059219173345483e-06,1.354871977621851e-05,-3.244502168994176e-06,-7.807438007968838e-06,4.6345126805230674e-05,8.089441534757946e-06,-6.65522253819725e-06,-7.279078067172731e-07,8.34496914251009e-06
2015-11-01,1.2256611121256198e-06,6.342243878361888e-06,-3.2521532404422e-06,5.575577706321507e-06,4.9873092783426086e-05,5.3161759351870686e-06,6.60804443624597e-07,1.3557143482221115e-06,4.155996585306432e-06
2015-12-01,1.5441942024607907e-06,5.578924551591163e-06,-3.428879207895659e-06,-1.0892127374070017e-06,4.067948007912644e-05,5.908485428310395e-06,-1.0109410700389576e-06,2.5575516222573544e-06,7.663337820784934e-06
2016-01-01,2.0578515979260576e-06,3.0708796252653227e-06,3.022318361208289e-06,3.21030038556253e-06,4.550468319459535e-05,3.2612240663262484e-06,-1.9316990996180277e-06,7.00295163933135e-06,2.192112325972917e-06
2016-02-01,3.1326297263547144e-06,2.6054741991267034e-06,8.787112143492794e-08,8.721807832928643e-06,3.71714803931913e-05,1.770479719045176e-06,-6.787822191293861e-07,1.088838575852144e-06,8.020244772851552e-06
2016-03-01,2.110587060776047e-06,6.005466370019715e-06,4.827167925456518e-07,7.885401208458076e-06,3.5045441364300814e-05,2.9230184569347164e-06,-1.6262396049476455e-06,4.527442161110668e-06,4.5225699431448685e-06
2016-04-01,5.078321980084631e-07,9.011582120641528e-06,-2.819922446180476e-06,-2.6035372123299338e-06,4.572061608554866e-05,5.100802202952778e-06,-6.444728197697059e-06,1.0207326586855821e-05,6.476313019227418e-06
2016-05-01,1.3907676510461385e-06,9.690566589741684e-06,-8.318841594277249e-07,-1.1215737371297375e-05,4.556920932135986e-05,1.0506893389807012e-05,2.2429859989199924e-07,-2.647342443892201e-06,1.0178251803631268e-08
2016-06-01,2.08214618145095e-06,1.2153030934442035e-05,-5.6248273477640535e-06,4.227352229376863e-06,4.678866891183527e-05,5.3330515950349745e-06,3.1163935656669095e-06,3.1509929773348137e-06,-7.931365262742801e-06
2016-07-01,1.2770307791361065e-06,1.6326859497927297e-05,-7.495719430494671e-06,-7.146783641829643e-06,5.5542097511274545e-05,8.98401236999245e-06,-4.543642246593553e-06,1.062410583659484e-05,-2.360074798634274e-06
2016-08-01,1.0267699890890458e-06,1.7628346534586414e-05,-1.0824019918314446e-05,2.2223023338903307e-07,4.718966957200556e-05,7.707431610391423e-06,-7.198158344846254e-06,1.1086276723071009e-05,-2.0463561222637134e-06
2016-09-01,2.837508464644164e-06,1.482693620234003e-05,-9.653328947846036e-06,-7.846644787753235e-06,4.3823878769252214e-05,8.091028543723707e-06,-3.239127373585717e-06,5.968385670435724e-06,-6.63904231811469e-06
2016-10-01,1.5423702553248924e-08,1.1830270529566024e-05,-3.6050046124189565e-06,1.6851628094399274e-06,5.160773986494245e-05,7.024940007130335e-06,-8.630318093456759e-06,8.828878260326206e-06,-1.7006191140424174e-07
2016-11-01,5.740077663162897e-07,7.1003864715478325e-06,-4.281187573696757e-07,6.94361897788081e-06,4.334840894220839e-05,1.922305934109741e-06,4.065321877339408e-06,6.114328812058763e-06,4.036767975557162e-06
2016-12-01,-6.21283356285132e-07,6.729003413693328e-06,3.0043019342254367e-07,7.688700353367653e-06,4.173146749925747e-05,2.651567172914516e-06,-8.310481128634752e-07,4.898500699723077e-06,8.194550110113942e-06
2017-01-01,1.7774503413816374e-06,3.916319415226287e-06,7.137001806807352e-06,3.2868501726136893e-06,2.7106062248825172e-05,2.182686611391385e-06,1.2788466925533176e-06,4.877638488477468e-06,1.4330185294223248e-05
2017-02-01,-8.24856610913299e-07,2.699248194584816e-06,4.045929585611833e-06,1.3116632390058769e-05,2.8243793654663576e-05,4.551767926365523e-06,9.235982328685625e-08,8.144756375810428e-06,1.0377331279707321e-05
2017-03-01,-2.7938535421409716e-07,6.5377650182510905e-06,-5.709299563859505e-07,1.014438881205498e-05,4.847747728711434e-05,2.277331843247284e-06,6.045102825900521e-06,8.559907647867663e-06,4.670942273041972e-06
2017-04-01,1.0642037480742708e-06,7.461252613589257e-06,-3.6692219912416943e-06,8.532972708042e-06,4.122688280924644e-05,4.177272582379708e-06,4.0410144652676796e-06,6.060285491038786e-06,2.0172280779962653e-07
2017-05-01,-2.916097102241122e-07,1.3253154787736915e-05,-7.5848603896579474e-06,6.4698243759254406e-06,5.537170904074365e-05,4.649907728386597e-06,-5.9482549469356446e-06,1.184685162636812e-05,-3.3061945686263457e-06
2017-06-01,1.0575406267119793e-06,1.8678031145116667e-05,-1.4424318323181453e-05,2.3811680127804864e-06,5.362493030020844e-05,7.1727716714866285e-06,-1.602856513003485e-05,1.0412148970912313e-05,7.053588231573365e-07
2017-07-01,2.3468289646049392e-06,2.013205706087545e-05,-1.3454680163565884e-05,-2.3461376700748734e-06,4.185863835013273e-05,8.975648860918188e-06,-8.31996005525247e-06,6.620817288753219e-06,-6.6875832041178636e-06
2017-08-01,2.0609179849263238e-06,1.5140123406245086e-05,-8.63254250466643e-06,2.051120877683905e-06,4.9569540773799424e-05,8.814471619719468e-06,-1.2856913956957901e-05,1.2675367838300655e-05,-5.906874909026555e-06
2017-09-01,2.5816112297003274e-07,1.8643623058960573e-05,-8.830398160707931e-06,-1.260713260272499e-06,4.7909952212431624e-05,9.849296912864597e-06,-1.0249300547274335e-05,8.42027083818287e-06,-3.0751404326386803e-06
2017-10-01,9.654617678024718e-07,7.386721431174863e-06,-4.483812974258726e-06,2.8790383768579196e-06,4.7797903863416496e-05,7.534615392474174e-06,1.8282372736362066e-06,4.556656677592678e-07,1.738153369944791e-06
2017-11-01,-1.6609200806249815e-07,8.195333737599441e-06,-4.849257530676716e-06,3.829485656747595e-06,4.3492634458684005e-05,4.403043098640181e-06,-3.331760448419626e-07,4.264027307061906e-06,6.663671238369053e-07
2017-12-01,-6.37529309466574e-08,6.613721091024424e-06,-4.2055131382447136e-06,1.1259051618752199e-05,3.568274963300665e-05,1.295828208176746e-06,-5.6557872563080215e-06,7.322269114271876e-06,7.905252803379297e-06
2018-01-01,-1.116699151668889e-06,5.371239537663092e-06,-6.274843274173089e-07,1.3266427970786757e-05,3.5132475656211164e-05,1.3496366298817263e-06,-2.2484493945207798e-06,1.1007719649075156e-05,8.962864463662114e-06
2018-02-01,2.630107817141803e-06,-1.4974347614839513e-06,5.402255009299811e-06,1.2414563475888484e-05,2.9332014936999018e-05,9.601620281457827e-07,6.742745395621918e-06,7.938032543601234e-06,7.184494352548809e-06
2018-03-01,3.1431376290452965e-07,1.7547114033468044e-06,-3.375898244982955e-06,1.155662928810926e-05,2.9943737256078244e-05,2.4030194879520783e-06,4.819529683130072e-06,6.210242831232684e-06,7.682536079691755e-06
2018-04-01,2.877022687586607e-07,6.84407267459894e-06,1.4136252762911865e-08,6.384603984645738e-06,4.1975642074003886e-05,1.3105943609359626e-06,-2.539445612694836e-06,8.361100609447174e-06,9.734700744993107e-06
2018-05-01,1.6449789256107891e-06,1.3440438997667677e-05,-5.4711495578882175e-06,-6.4826848577166545e-06,4.773881514146836e-05,6.662843254261685e-06,-5.80246023838043e-06,7.213709983553375e-06,-5.997289128605112e-07
2018-06-01,1.0699831341909853e-06,1.8876867735407264e-05,-1.4309319663838461e-05,8.127253124618705e-06,5.099275742801744e-05,5.224473493267747e-06,-1.1311143853670126e-05,1.030590236055198e-05,-5.457922439607737e-06
2018-07-01,1.401090235450102e-06,1.520822287891877e-05,-8.306410129367777e-06,5.579882832388244e-07,5.143693288738453e-05,6.837645522479944e-06,-8.019878341360348e-06,1.026989541184214e-05,-3.6478748963239946e-06
2018-08-01,1.0025061829133778e-06,1.8339793437538787e-05,-1.084328253589208e-05,-2.210488227650738e-06,4.684337868703481e-05,9.194388532477347e-06,-1.4518886753310353e-05,1.1965221118497046e-05,-6.4655173587468085e-06
2018-09-01,1.0188353752426315e-06,1.3468508335465969e-05,-9.746978586414707e-06,-6.287989211987043e-06,4.642915724720672e-05,9.60617854966957e-06,-2.8947157518382806e-06,4.080455992056121e-06,-1.3466724733298887e-07
2018-10-01,-1.7044560384764142e-06,1.4023298035614921e-05,-5.439299268631658e-06,-5.299215366060605e-06,4.5600376302736296e-05,9.19652812116023e-06,-1.116596733847776e-05,4.259169905134277e-06,1.9217957282519653e-06
2018-11-01,6.14677394790198e-07,9.00981866189503e-06,-6.556548689342179e-06,2.7957273637840595e-06,4.92032343571023e-05,4.4791166181123445e-06,-1.638585311344499e-06,9.627841473791083e-06,-1.2171101014176883e-06
2018-12-01,1.818051850139863e-08,5.507661236792279e-06,-3.1828600024307552e-06,1.2257904310260443e-05,4.287003496788238e-05,2.0425840414193933e-06,-1.9926669401254633e-06,5.690680709987892e-06,4.933388189582289e-06
2019-01-01,-5.151397588858992e-07,2.2715999148343883e-06,4.6554024656086655e-06,9.146111663672702e-06,3.432127640552187e-05,1.208616126287128e-06,8.844356842534897e-07,1.7288137037026351e-06,1.5887068581240234e-05
2019-02-01,1.8802145746718512e-06,2.5290890380855367e-06,1.901105277777783e-06,4.734645057500368e-06,1.9005907791185645e-05,1.360193968925164e-06,-3.2567340137202822e-06,2.8433114102533552e-06,9.973394731600283e-06
2019-03-01,7.711844910134114e-07,4.925282213472265e-06,-1.0413126009601755e-07,1.0452586917979506e-05,3.547225715659375e-05,1.7887147399439512e-06,5.34563118849847e-07,6.901035735172675e-06,2.1072531745519486e-06
2019-04-01,1.8017657056329212e-07,9.808726983869296e-06,-6.021456052612058e-06,1.1483070365492238e-06,4.653383774568338e-05,3.9399432279977315e-06,-4.190254987771109e-06,8.894068478127252e-06,6.193442519633737e-06
2019-05-01,6.899938807126358e-07,1.0087093796767047e-05,-1.4486772246125996e-06,-1.5235476721892158e-06,4.400972802813953e-05,6.0003661748777935e-06,-1.029333906481658e-06,6.539922752067629e-06,-9.557037369865115e-08
2019-06-01,2.3331761092831614e-06,1.5273823098375103e-05,-1.2660855396212786e-05,-2.448208144698017e-07,4.95852868444806e-05,6.023903091782807e-06,-2.4527815219630606e-06,2.614326301548376e-06,-1.1281743209321459e-06
2019-07-01,2.2926552044164787e-06,1.5364704720005523e-05,-9.841098023924328e-06,2.1169931562618644e-06,5.296144210360785e-05,7.783131775795464e-06,-5.68227441158983e-06,6.813395235759437e-06,-2.4217724631843927e-06
2019-08-01,2.755380880703494e-06,2.0296875095398323e-05,-1.3219094289011035e-05,-1.478520755543327e-05,4.161401725614684e-05,9.824339629457171e-06,-9.870003047351031e-06,6.941249942110097e-06,-3.403482599101553e-06
2019-09-01,-4.755324134425148e-07,1.7972845893257834e-05,-1.1436273723755327e-05,4.109737581555152e-06,4.893222089371013e-05,7.496159416418636e-06,-1.2581057708113885e-05,6.0078685432863925e-06,-4.4224581927384645e-07
2019-10-01,5.935937780594273e-07,1.181792361379782e-05,-6.201683377908791e-06,-5.458683106322156e-06,4.646603373244726e-05,1.1223818923822755e-05,-4.934701862485049e-06,-5.739440413462628e-07,1.699719399895488e-06
2019-11-01,-5.292218210532266e-07,9.1114004456611e-06,2.1540870628121772e-06,1.940781747693372e-06,4.5563128364809285e-05,5.520382440017377e-06,-6.494435819439367e-06,5.654366748913094e-06,5.4481032572111965e-06
2019-12-01,1.2550786133163504e-06,3.878943733450545e-06,3.828307769420559e-06,5.406265259022733e-06,2.958776702401824e-05,3.6165499233869703e-06,-5.769605660245221e-07,6.131791913525862e-06,9.351583613214681e-06
2020-01-01,8.245204601626097e-07,9.577297332694735e-07,2.3240078459317075e-06,1.1283489310770642e-05,3.167392558083179e-05,-5.42723228409183e-07,7.274533222113567e-06,2.4960799547003904e-06,1.1217294747417402e-05
2020-02-01,1.1818770864441554e-06,2.9728886970117325e-07,3.197742349501182e-06,1.0285978211742478e-05,3.40098441741998e-05,-8.464353675998607e-08,8.64700462226919e-06,1.924307561546887e-06,4.7220820911827215e-06
2020-03-01,1.1455875757683828e-06,4.721419494869764e-06,-3.551865532989326e-06,-5.410518757455723e-07,3.242421329731382e-05,4.445866817038022e-06,4.697786708618378e-06,4.800825855498984e-07,3.520271023977564e-06
2020-04-01,1.1404143260316602e-06,9.29024012356644e-06,-4.571163737115912e-06,-2.3986981832215947e-06,4.662014388556941e-05,4.811011222714289e-06,-4.1213905375543553e-07,4.633797914722096e-06,1.3265786621122071e-06
2020-05-01,1.2435345610234443e-06,1.6250490511980163e-05,-9.33277941628991e-06,1.3817952033759695e-06,4.066499680332168e-05,4.409618900357017e-06,-8.5921075782111e-06,1.3910743730815426e-05,-1.7011961713640818e-06
2020-06-01,1.993920446532388e-06,1.4409559037850067e-05,-1.1438843159708903e-05,-1.1542212453976686e-06,5.765644684670012e-05,7.032549871724606e-06,-1.127396403680437e-05,1.2114267378494457e-05,-2.9243391532235465e-06
2020-07-01,1.8920804181749788e-06,1.6454017111082173e-05,-1.2262235602902046e-05,-5.5564023884331435e-06,5.380826790180859e-05,9.620314531155838e-06,-7.46706355824626e-06,1.0652915790064637e-05,-4.499986071856151e-06
2020-08-01,4.508520345008818e-07,1.836291742868113e-05,-1.525889242200231e-05,-2.769778080591998e-06,5.2387618429042356e-05,8.02142239172597e-06,-6.451428420342129e-06,6.738810454845664e-06,-8.254661385903397e-06
2020-09-01,1.7197240813665648e-06,1.3156141597270146e-05,-4.112046995819654e-06,6.466646130929926e-06,4.9768684002365546e-05,6.015224263218482e-06,-3.556127515560692e-06,8.003566163513012e-06,2.4653517990764493e-06
2020-10-01,7.228699511487439e-07,8.710417392432127e-06,-3.259565062325146e-07,1.0454684917308641e-05,4.230407183136326e-05,3.2172771216618017e-06,-3.779481107996836e-06,9.031819619013712e-06,3.6744306675536817e-07
2020-11-01,9.489844593827342e-07,5.511289926716225e-06,-2.676642624248379e-06,2.308835525905983e-06,4.2007894293251654e-05,6.08349150766098e-06,1.1904080168676046e-06,3.205749764394043e-06,6.442852507327141e-06
2020-12-01,2.3349437576794544e-06,8.408135359401326e-07,4.706137953363685e-06,9.80746657211843e-06,3.031689431392968e-05,4.8754284443774525e-06,8.269005438256238e-06,3.201226192592955e-06,3.782118345244799e-06
2021-01-01,-5.961753051127568e-07,3.5522310244309275e-06,-6.089888897569462e-07,1.1054808281357316e-05,3.26940720539941e-05,2.5502323775343433e-06,4.844908020882895e-06,1.1123474726680186e-05,3.886009885273949e-06
2021-02-01,2.202913590769535e-06,8.307261757648491e-07,-2.13112226174226e-06,3.704141590251856e-06,2.787414639413289e-05,1.2063900253087737e-06,4.877139775434382e-06,3.260649843783933e-07,3.035576487562701e-06
2021-03-01,4.892617903706669e-07,5.317519401349024e-06,-4.297575110249506e-06,7.1524738468105046e-06,3.651303651021596e-05,3.0730915855676376e-06,5.003793740839946e-06,5.9387131097060574e-06,-5.92493995848505e-07
2021-04-01,6.25027461041279e-07,7.695412656709757e-06,-4.5660291031135365e-06,4.613991437501446e-06,4.158260147053268e-05,2.229800368734508e-06,1.451094622112696e-06,6.736806478273703e-06,2.230457734660544e-06
2021-05-01,7.164243663731984e-07,1.24393187334882e-05,-7.390691128557343e-06,3.158991723956999e-06,4.9315903152053996e-05,5.258236514213245e-06,-6.396515295366309e-06,8.194519178645611e-06,-1.9922710309655277e-07
2021-06-01,8.581822904545661e-07,1.632643952818126e-05,-7.032817221609185e-06,3.732040749457664e-06,4.610239238436313e-05,6.136747477152007e-06,-3.675654563117232e-06,9.293995467966832e-06,-7.9596653785858e-06
2021-07-01,4.047351380172061e-06,1.5959070943095857e-05,-1.487637365823453e-05,9.27791343157554e-06,4.97408992295549e-05,3.2920317393969523e-06,-1.0849200365161122e-06,1.0656731189933519e-05,-7.412904265500055e-06
2021-08-01,1.9413644049871875e-06,1.7089469823942207e-05,-9.501410596185186e-06,-6.416114913804458e-06,4.937916156481123e-05,8.946786836417763e-06,-8.811299026237283e-06,9.936203069282714e-06,-2.8130647538776347e-06
2021-09-01,1.992872205998869e-06,1.1299003484742364e-05,-6.383975514081313e-06,9.091096287115708e-07,5.139994055234691e-05,7.109927857255203e-06,-7.993080532670601e-07,5.727007769356073e-06,1.027841361139098e-06
2021-10-01,1.2340664117543252e-06,8.928249192644277e-06,-2.35905229566663e-06,1.2150139682250998e-05,4.800778383006823e-05,5.49854960264124e-06,4.088504913089203e-07,2.7148596263470628e-06,-5.78736275979113e-06
2021-11-01,4.369137608310056e-07,6.661965297643102e-06,1.9994739922768648e-06,8.218010310124055e-06,4.636863070058477e-05,2.9086848880086e-06,2.6481881600704098e-06,8.021589855825322e-06,-3.1436955639832487e-06
2021-12-01,-1.930219117235974e-07,2.7984338278466032e-06,3.464814824799728e-06,7.422422808847792e-06,4.01416110626359e-05,1.09601659212742e-06,2.726839765762131e-06,1.6942871398111338e-06,5.529349601081086e-06
2022-01-01,3.3737394728512255e-07,3.8510044418535955e-07,2.078951058151762e-06,2.5810165393758437e-06,3.433125318166798e-05,2.2881871078058937e-06,3.434199796923421e-06,5.3590409919140705e-06,6.645011849378288e-06
2022-02-01,2.8103088305214144e-07,2.9662223140191715e-07,2.555775365559371e-06,1.2106360199772963e-05,3.5002609147290506e-05,1.168133669289519e-06,6.355075634063012e-06,5.545550418674674e-06,3.2189541390849055e-06
2022-03-01,-1.8774827628851903e-07,6.970377570977769e-06,-6.962480723227707e-06,1.2689364896073643e-05,4.063629975714797e-05,2.2491650299390725e-06,3.929629028886854e-06,6.362501302353264e-06,1.9333844568257132e-07
2022-04-01,7.227009302118865e-07,6.598844422535323e-06,-1.8869902835096941e-06,1.300604988964203e-05,4.662533826483071e-05,2.423452912161003e-06,2.545064024621259e-06,3.8084780945467026e-06,6.380839432167231e-07
2022-05-01,1.37753788043179e-06,9.65063048203534e-06,-2.715246811401004e-06,2.611291678970182e-06,4.3237580124230805e-05,2.5379625609949696e-06,-9.73457592405159e-07,1.0335554256940156e-05,-4.420227084259508e-06
2022-06-01,1.2777671137686437e-06,1.5149823006740351e-05,-9.343623611537433e-06,-4.0820035160834734e-07,5.023026862758508e-05,6.899964025601836e-06,-5.016086166066427e-06,1.3121908962381639e-05,-6.102198693595175e-06
2022-07-01,2.5957068877935882e-06,1.0604588261671024e-05,-4.1529118657505515e-06,9.140942021118446e-06,5.537306690851733e-05,3.822304559115483e-06,-5.116443972550712e-07,1.152792375978725e-05,-8.087870301229882e-06
2022-08-01,3.896079741193941e-06,8.020995057124623e-06,-4.081661797619416e-06,5.3942167154804715e-06,4.910966333585172e-05,6.688730542306917e-06,2.9901831229468593e-06,4.979551776282523e-06,-7.893623194837308e-06
2022-09-01,2.3541900844423844e-06,1.2832768633318677e-05,-8.720929978288426e-06,4.119849950150582e-06,4.601091570600848e-05,6.690901145470482e-06,-3.4517376834714906e-07,8.2961369099085e-06,-7.325483327736285e-06
2022-10-01,2.1649645328718443e-06,7.272644017825788e-06,-4.531651353962823e-06,8.563144006781459e-06,4.467987377243601e-05,3.83045381808911e-06,4.9636793046291895e-06,5.242725438875864e-06,-3.6385958546431574e-06
2022-11-01,2.0002211847633805e-06,5.835281293085772e-06,-2.817034508707072e-06,7.309578039485234e-06,4.2788402862590026e-05,2.681403445450939e-06,4.5708427692139017e-07,7.464008433175514e-06,-3.5041532721702296e-06
2022-12-01,1.0250653410635e-06,5.344701387028224e-06,-2.111290673596968e-06,9.97971095445087e-06,3.274129638117469e-05,1.2263755384764135e-06,5.431285289319086e-06,8.968201723715551e-06,-9.021710669941736e-07
