,vo1000_cluster1,vo1000_cluster2,vo1000_cluster3,vo1000_cluster4,vo1000_cluster5,vo1000_cluster6,vo1000_cluster7,vo1000_cluster8,vo1000_cluster9
1980-01-01,4.355600891932637e-06,-5.481765703115602e-05,4.447564146046765e-06,7.705379130800856e-07,3.500690867817098e-05,6.267121579976309e-06,-0.00018809081161440735,2.7743506577807458e-05,-1.8426709784531708e-06
1980-02-01,3.998544743295168e-06,-4.647607188482113e-05,-9.062011713936057e-06,-1.9575608501818772e-06,3.4353546146276974e-05,1.3986867941045337e-05,-0.00013927079927919045,0.00010357438763123646,-1.8863111643252608e-06
1980-03-01,3.779041804842551e-06,-4.457538923399659e-05,9.627292158551306e-05,1.9536865308304943e-06,4.3540559045970364e-05,1.601315762825221e-05,-0.00016271169424163766,6.234574640311599e-05,-3.6548760403265133e-06
1980-04-01,3.7051368418910435e-06,-4.096544136687452e-05,0.0001560679112441372,1.4077251192381334e-05,5.2351091835303136e-05,-1.8461100973171473e-05,-7.296537024230359e-05,-0.00011688184553943963,-3.0439384336683816e-06
1980-05-01,4.024014866749484e-06,-6.189870486418102e-05,0.00016758128368152291,2.1457661961625778e-05,4.785017534644344e-05,-2.4456332596486784e-05,-1.0130518940139476e-05,-0.00014114689917636158,-2.8343346442012156e-06
1980-06-01,2.448260153671608e-06,-7.349568731361265e-05,0.0001666867194921433,2.9585108336639307e-05,4.339199692659431e-05,-4.0339560309643885e-05,-3.209703959046101e-05,-0.0001317125601791081,-1.4053905901562177e-06
1980-07-01,3.010070777821619e-06,-7.018454311183936e-05,0.0001588344338298112,2.8461836501276972e-05,4.3758314026601255e-05,-4.2069732832706214e-05,-4.2931205884058526e-05,-0.00013013464834506352,-1.0960808399564207e-06
1980-08-01,4.5021606179495125e-06,-7.042814132791412e-05,0.00021456246962745952,2.6527203250393243e-05,6.607130615673337e-05,-4.772050432753601e-05,-4.1481680577193416e-05,-0.00017380677509047087,-2.277918930826676e-06
1980-09-01,4.04611225226515e-06,-7.084173067983361e-05,0.0001500793009763459,2.5743171752944553e-05,7.090957095095894e-05,-4.311331803116787e-05,-0.00011953240610056441,-0.0001317415506852454,-2.1397864129785082e-06
1980-10-01,4.430024202851677e-06,-6.887841527554686e-05,9.104634747904517e-05,1.2248285509722098e-05,6.486387797973749e-05,-2.00509582977583e-05,-0.0001601936617085691,-0.00012514828128944752,-2.1272401302413796e-06
1980-11-01,4.368604225146756e-06,-6.530840010826861e-05,0.00010070432752364355,7.73445386213363e-06,6.4787498338359e-05,-1.5181664119835642e-05,-0.00017598106305076854,-8.516209032435429e-05,-2.5401061422938214e-06
1980-12-01,3.504733433121022e-06,-6.118040308740135e-05,9.127827152814357e-05,4.741514356314028e-06,4.13204362211105e-05,-2.990469708151735e-06,-0.00016651359204650099,-5.338849559787109e-05,-1.915019016094052e-06
1981-01-01,4.295946436518383e-06,-5.700854454050584e-05,-6.715665064708782e-06,-5.116861007121919e-06,4.42938421933015e-05,1.5120847228982345e-05,-0.00014620469595940833,4.06306117300154e-05,-2.3446233172448837e-06
1981-02-01,4.300785919961648e-06,-4.7536431958781346e-05,-4.637921267873328e-05,-6.960609824420918e-06,2.7447194550471887e-05,2.6041515667081284e-05,-0.0001949091992795708,0.00014901792172779344,-2.671838151297305e-06
1981-03-01,4.147122028929023e-06,-4.196607992825837e-05,7.116154417913004e-05,6.8107417174485026e-06,3.87186039966836e-05,1.1104962580965925e-05,-0.00011051583578485649,-1.238605249146165e-05,-3.84385066143345e-06
1981-04-01,3.834910636381865e-06,-5.2918256653286985e-05,0.00013104016879139473,1.0257439096603853e-05,4.052553504958693e-05,-4.165827682755036e-06,-6.539438403486855e-05,-6.785252406556964e-05,-2.6683710279202134e-06
1981-05-01,2.4462307074964266e-06,-6.566239153626459e-05,0.00015291344872559942,2.1123929436440223e-05,3.9518186513824876e-05,-2.1035646274099948e-05,1.3066112673882418e-05,-0.00013700125303090204,-1.2486452805166043e-06
1981-06-01,2.563002524007516e-06,-7.621706940108986e-05,0.00012594890249051892,2.006988246639319e-05,3.3047018408197794e-05,-2.4353306028135025e-05,-7.417702672083112e-05,-0.00012418142781994056,-6.615317478098512e-07
1981-07-01,3.4924317732501375e-06,-7.368786411188643e-05,0.0001887522971054144,2.6807015617575405e-05,4.930551925688809e-05,-2.982415112755706e-05,-2.9780517962948238e-05,-0.00017252345964405042,-1.1758378277830495e-06
1981-08-01,2.3803096193803243e-06,-6.451761913178775e-05,0.00010401729380982302,2.6288806805353398e-05,3.261427142069471e-05,-3.260578316715622e-05,-7.512695202083086e-05,-0.00012548549193792266,-4.899047190166755e-07
1981-09-01,4.126477220705439e-06,-6.635482645096548e-05,0.0001931769491606764,2.3257499685973142e-05,7.513699320751463e-05,-3.564181835328186e-05,-0.00012130665388573078,-0.00017041945843133168,-1.5551861020750189e-06
1981-10-01,4.24977074205791e-06,-7.131867302252379e-05,0.0001547299725448972,1.2396690315076396e-05,6.58213280984917e-05,-2.8328328282353603e-05,-9.555034597082538e-05,-0.0001394760584177435,-2.4591011880626186e-06
1981-11-01,3.738519616876203e-06,-7.22407692339379e-05,3.878908987650712e-05,8.341735479106335e-06,4.4175916388752705e-05,-3.4600085607014865e-06,-0.0001887346848295724,-7.361457095109442e-05,-1.5252559654686335e-06
1981-12-01,4.066937507240191e-06,-6.142876003077162e-05,2.6906690948440122e-05,5.837066079793335e-07,4.9216052185239614e-05,1.1531757268516765e-05,-0.00019796729213132432,2.6148417244054358e-05,-2.9489244117625325e-06
1982-01-01,4.8982974837243695e-06,-5.351992215202353e-05,2.1102883378822988e-05,-1.4391065756339446e-06,4.692477519010603e-05,1.3238395627349343e-05,-0.000140426538572214,4.021904548940526e-05,-1.8046426441020467e-06
1982-02-01,4.461870674155322e-06,-4.7944451700623764e-05,6.113942964188519e-05,-3.379956033911573e-06,4.138405368212896e-05,1.0217462172550663e-05,-0.0001626614273552194,4.9317479500689136e-05,-2.8508755990278206e-06
1982-03-01,3.602573100801421e-06,-4.7508152536658394e-05,8.448262625062767e-05,-2.9855054775430742e-06,4.5060421927249024e-05,1.3703231034064995e-05,-0.0001401430179656301,3.6743770175369075e-05,-3.001186570087236e-06
1982-04-01,2.3250285497546436e-06,-5.704946093470381e-05,0.00015077489899006715,9.878318331444767e-06,3.694680479487361e-05,-4.994106472842412e-06,-0.00010740068367195413,-3.53606749990407e-05,-2.4679091918749525e-06
1982-05-01,3.6032570481535136e-06,-6.1608854266995e-05,0.00018581976427054585,2.2503069071331487e-05,5.400060223764727e-05,-2.842207483819785e-05,-2.564365057339191e-05,-0.00010918342688001966,-2.330047682228111e-06
1982-06-01,2.262739644118001e-06,-6.883888044163906e-05,0.00017671273872572912,2.7959908951682457e-05,3.9653355937666204e-05,-4.0634846578181544e-05,-1.984436543872089e-05,-0.00010482751937886677,-1.3332745387602538e-06
1982-07-01,2.189837635890226e-06,-6.335839766384552e-05,0.00017115401652997777,2.9646289258266825e-05,5.067246115470632e-05,-3.757501281536393e-05,-1.3082828548371115e-05,-9.169965614067812e-05,-2.467557374187365e-06
1982-08-01,3.7094147419779097e-06,-7.002953023367719e-05,0.00023675037505325674,2.9550359360826544e-05,6.857996169637242e-05,-4.145170214705853e-05,-7.267370513219074e-05,-0.00012759508324090856,-3.6592281622115633e-06
1982-09-01,2.460158257596216e-06,-6.657058960200073e-05,0.00012530100206517886,2.2617904568860175e-05,5.6715765523248234e-05,-3.278205499208219e-05,-2.938096766017991e-05,-0.00012515938348434672,-2.7785446810786965e-06
1982-10-01,3.3645028581748904e-06,-6.649797627659972e-05,0.00011005103004437727,2.094707218522243e-05,5.857604353557834e-05,-2.5586717566874344e-05,-0.00012180868540653681,-0.00011062250874677135,-3.0490586860305843e-06
1982-11-01,4.161553223879415e-06,-5.6411713873305e-05,0.00014378998222786338,8.651666360892645e-06,9.411086279516805e-05,-1.928186205442588e-05,-0.00015058173120803794,-7.80133432228545e-05,-4.625901678795074e-06
1982-12-01,4.1595720217416815e-06,-5.153345783319261e-05,3.8784259389419984e-05,-7.034610594894163e-07,5.221372655349278e-05,-6.26473104756622e-07,-0.00020177867953026705,-3.0764204558968104e-05,-2.303230383696636e-06
1983-01-01,4.463287456163271e-06,-4.116835654200669e-05,5.1299286066016894e-05,-1.9613851814549726e-06,6.368754378870889e-05,6.443615365023849e-06,-0.0001467218999863414,7.424818559096096e-05,-3.4095416642289213e-06
1983-02-01,4.598305255351e-06,-3.6396125197487247e-05,7.817731535811047e-05,-6.706921227399438e-06,5.4243241747228934e-05,1.9299845777275296e-05,-0.00021483840630356178,7.88292727309782e-05,-3.309037861875322e-06
1983-03-01,3.895555703692929e-06,-3.982248877803752e-05,6.16871402070427e-05,-2.5997303530584065e-06,4.159539570601787e-05,5.999444575554606e-06,-0.0001332481142804083,3.245337160765373e-05,-3.200275635668248e-06
1983-04-01,3.448325850180171e-06,-4.4916568185853295e-05,0.0001241446565277712,1.0369004056897767e-05,3.950705562684536e-05,5.26665170763565e-06,-0.00011874858230783002,-5.157089460753921e-05,-2.699931223778475e-06
1983-05-01,3.909268216956134e-06,-5.653572923540268e-05,0.00015030118632722447,1.4526196932249236e-05,4.158344704112222e-05,-1.3308796613468199e-05,-7.801428565105431e-05,-7.69233436471223e-05,-3.739237556235764e-06
1983-06-01,2.6701080139450667e-06,-5.688697454642496e-05,0.00019856341744937955,2.1178668126612852e-05,3.688543956243411e-05,-2.816527154993323e-05,-2.8161278539101943e-05,-0.00013530829957867036,-1.999614385526318e-06
1983-07-01,2.4871937224677278e-06,-6.631045391198578e-05,0.00018928823722471467,2.2915980945958543e-05,3.728566927483604e-05,-4.4920600548174534e-05,-6.416671105134374e-05,-0.0001549061382070743,-1.2558387603724134e-06
1983-08-01,3.2176721372351543e-06,-7.614545610260045e-05,0.0002161575737518367,2.554423535624017e-05,5.23644398492189e-05,-4.50280769667028e-05,-2.9743361763927628e-05,-0.00016678914792321012,-1.6262705278099021e-06
1983-09-01,4.171524258162884e-06,-8.00179121111802e-05,0.00015072713181083137,1.9516947731213096e-05,6.865496265791669e-05,-3.4096817109826666e-05,-8.800227260338793e-05,-0.00018114524927375752,-1.9053225256173098e-06
1983-10-01,3.678615028557188e-06,-7.220477099749742e-05,0.00010979290155970956,1.1229569270920014e-05,5.578698152392254e-05,-1.3032146451154867e-05,-0.0001401762479627494,-0.0001259331525568324,-2.068983323451835e-06
1983-11-01,4.124590462174453e-06,-6.919042299682949e-05,6.95280142113986e-05,3.296323711364655e-06,5.1293738925230186e-05,-5.192716990272388e-06,-0.00020921418736695614,-9.28006788676944e-05,-2.097582912260367e-06
1983-12-01,3.865710543115116e-06,-6.010479276627232e-05,0.000108289053219628,2.409505330303659e-06,4.913037221427362e-05,5.693574201249606e-06,-0.00015864837352733504,6.204662817654071e-07,-2.2551340848272926e-06
1984-01-01,3.3532437401215803e-06,-5.469248188815176e-05,2.9129663324503837e-05,2.6349223314334197e-06,3.0969407705369825e-05,1.0763346343691013e-05,-0.00017608669217406868,-3.6546108159349436e-06,-7.695248962655231e-07
1984-02-01,3.1573553289311067e-06,-4.705280592170666e-05,5.042283825078107e-05,2.024567601583034e-06,2.6123921530442708e-05,1.4436726006949646e-05,-0.00018315435362437714,1.7048225798947614e-05,-1.4882486603154672e-06
1984-03-01,3.4331355026456615e-06,-4.351187123037331e-05,0.00010812840818961017,6.211656693898872e-06,3.822294820163688e-05,9.605295960312886e-06,-0.00011191199823953966,2.494400071385134e-05,-1.807219685145325e-06
1984-04-01,2.928232579076982e-06,-5.340407019796042e-05,0.00015409280504625637,1.3821786742596724e-05,4.277304385045425e-05,-7.5626457679884586e-06,-0.00014378206791163808,-7.936549925230152e-05,-1.773336389905896e-06
1984-05-01,3.1906705173443743e-06,-6.909985902222699e-05,0.00020071313336000776,2.2364950928142745e-05,6.473566026379956e-05,-2.6965608500961685e-05,-3.596333464997247e-05,-0.00011663060515909014,-1.7344656625062894e-06
1984-06-01,3.5706207397635597e-06,-6.649792051874913e-05,0.0002153977988559502,2.5361600232249415e-05,5.796061711049043e-05,-4.304351362783297e-05,-2.776419143615759e-05,-0.0001264654774440611,-2.1778650037422335e-06
1984-07-01,2.6804475108996836e-06,-6.684885601866903e-05,0.00017329519845301082,2.434543338044758e-05,5.466744801396995e-05,-3.292786818100891e-05,-5.928169795006198e-05,-0.00015765091865780595,-1.5161155484530805e-06
1984-08-01,2.4115249408108866e-06,-6.966699316370698e-05,0.00013584971139551827,2.4599749906832282e-05,4.579644433075616e-05,-2.9167976908126286e-05,-7.701644472154356e-05,-0.00014438060536624655,-6.496579490052181e-07
1984-09-01,1.986857517393591e-06,-6.765311585324334e-05,0.00012193576536167442,2.1636032261623092e-05,4.222054214611606e-05,-1.8887385048339683e-05,-3.7357188996320996e-05,-0.00014997242103806832,-8.080202547891221e-07
1984-10-01,4.5936594621755114e-06,-6.696528307736247e-05,0.00013457884419737696,1.6794988769146236e-05,7.255982279132152e-05,-2.5521394745417945e-05,-8.897899467049945e-05,-0.00010629968470968338,-2.7294767331362343e-06
1984-11-01,4.73953412749463e-06,-6.739886066294934e-05,9.19432994855396e-05,7.5743668181992835e-06,7.133670366838298e-05,-6.865933425593639e-06,-0.00011601156984644711,-7.30685572640917e-05,-2.934890836554305e-06
1984-12-01,3.972428015768611e-06,-6.22428911876831e-05,7.114963795410898e-06,-2.768632587726779e-07,3.111347448042e-05,1.5645915484166767e-05,-0.00016962576732158256,1.7708256827659712e-05,-1.6161964173108983e-06
1985-01-01,3.9883987500307495e-06,-5.472163788881129e-05,6.729525917070569e-05,9.845885495159216e-07,4.398826255912475e-05,9.5733478379157e-06,-0.0001361130179655922,3.322251510108583e-05,-2.29273118405383e-06
1985-02-01,3.806053319024395e-06,-4.5781641610360694e-05,4.450233439432501e-05,-1.5856916950986706e-06,3.492132670501693e-05,1.6483397890132068e-05,-0.00019395935283210796,7.9239238405693e-06,-1.4600437822092699e-06
1985-03-01,3.610299239502072e-06,-3.939731112763723e-05,6.896282341704438e-05,-6.9420718058799005e-06,3.973063645211822e-05,1.4665921939928584e-05,-0.00014000976135988624,5.995970453266657e-05,-2.7496754652942257e-06
1985-04-01,3.137849552466482e-06,-5.2172110216107516e-05,0.00011265646276282037,1.1996577174752995e-05,3.8681063667976e-05,4.127554708154179e-06,-0.00012060380645171679,-7.835308539163282e-05,-2.146604008423332e-06
1985-05-01,3.0254218066213884e-06,-6.257548338053993e-05,0.00019124798807212991,1.8942123345837873e-05,3.356955217955179e-05,-1.4647682645961372e-05,-7.235676628821806e-05,-0.00010297773877020937,-1.825043456242786e-06
1985-06-01,2.1485428238381788e-06,-6.203438237581387e-05,0.0001910319823407389,2.455110999868346e-05,4.1587197014918174e-05,-2.647477681288259e-05,-1.349952459879229e-05,-0.00010918574349038734,-1.7161704571821234e-06
1985-07-01,2.5923783271172478e-06,-7.026590117492316e-05,0.00019846257950059006,2.4904859474547773e-05,4.466752204969631e-05,-4.3274648069231464e-05,-3.8374744625782416e-05,-0.0001113760416066923,-1.947166149432983e-06
1985-08-01,4.061763462333782e-06,-7.013300583670447e-05,0.00018457773108677516,2.0986696477404367e-05,5.584318431140733e-05,-3.5895495691613625e-05,-9.526201404492206e-05,-0.00017274326989488172,-1.7738997522942872e-06
1985-09-01,3.548938291256612e-06,-6.942835719061639e-05,0.00015087219676052002,2.0011369088354388e-05,4.6130415183249455e-05,-2.4197814658709116e-05,-8.651810203821346e-05,-0.00013879580914946866,-1.7776671234916914e-06
1985-10-01,3.2134019208685906e-06,-6.460396136125583e-05,8.817005305233408e-05,8.757173682571325e-06,5.147981715687986e-05,-1.9015373711036665e-05,-8.70969973983414e-05,-0.0001024982060465213,-2.162625038719129e-06
1985-11-01,3.989782092391885e-06,-6.769299232986711e-05,4.793250540881445e-05,7.380366921736538e-07,6.130097885220449e-05,1.4732337816968379e-06,-0.00010620918451181906,-4.248749375146748e-05,-2.3604650477875814e-06
1985-12-01,3.433426814908831e-06,-6.555549900886208e-05,1.2714930962822173e-05,-1.8552816765860067e-06,2.8083339059046744e-05,6.609384277724185e-06,-0.00016154121266494332,-2.2472402680775353e-05,-1.36115570967581e-06
1986-01-01,4.585693139016695e-06,-5.6766380819806236e-05,3.067826373530496e-05,-1.605962611783199e-07,5.4466366171321444e-05,1.5271423100868624e-05,-0.00018105394742331165,4.370269001040948e-05,-2.2068759332564933e-06
1986-02-01,3.4792328139772566e-06,-3.823673898768868e-05,1.7478895535753095e-05,-2.618714221716659e-06,3.0392536803452224e-05,1.2008846159776943e-05,-0.00015989472166140576,7.824497299253693e-05,-2.156122024871759e-06
1986-03-01,3.8125803690482504e-06,-4.2249871062385594e-05,0.00014800306536591408,5.826297916786736e-06,4.452373722829514e-05,5.406883211195515e-06,-0.0001731815608231813,-3.433452893743808e-05,-1.7784642625761397e-06
1986-04-01,4.027535530834353e-06,-5.1585275701660844e-05,0.00015047849359684396,8.439862315758107e-06,5.852580272676024e-05,-3.2997204931315506e-06,-9.16848653193876e-05,-5.3324474836196926e-05,-3.6209886312169993e-06
1986-05-01,3.1425379893310103e-06,-6.112577452296225e-05,0.00016708922932311896,2.1313251295086374e-05,5.24591491760704e-05,-2.07965129305163e-05,-5.5821770807682716e-05,-0.000105159767049944,-2.6022660521170957e-06
1986-06-01,2.5634953010122535e-06,-7.03489482907304e-05,0.00016116744518057647,2.644334175106168e-05,4.209301963048581e-05,-3.0223125036285825e-05,-2.8670784133455414e-05,-0.00013617697025445757,-1.1782569931728847e-06
1986-07-01,2.456746438628814e-06,-6.702092633448151e-05,0.0001729147954072154,2.5392458654000623e-05,4.2706188269686544e-05,-2.6879514105697878e-05,-8.187937045411414e-05,-0.00015548618516533278,-7.70327885279252e-07
1986-08-01,2.0970900024363615e-06,-6.809778098532427e-05,0.0001121399708542092,2.1754838461039103e-05,3.701333397981227e-05,-2.9581626178500575e-05,-3.8108900957389445e-05,-0.00013369279492730533,-1.0856013468164288e-06
1986-09-01,3.0337843373050313e-06,-7.279747405576498e-05,0.00010996194389483981,1.973984203017421e-05,5.154659161899176e-05,-3.2205569322419104e-05,-5.482460183833286e-05,-0.00013081937381825772,-1.8064771829653832e-06
1986-10-01,3.3881851002739975e-06,-6.91956702558613e-05,8.494524869887009e-05,1.4995819986568767e-05,5.425554279519299e-05,-1.3370794624336182e-05,-0.0001096776422487966,-0.00013936091327939915,-1.6646737872032716e-06
1986-11-01,3.6825440295793763e-06,-7.123219304851008e-05,8.92925555213865e-05,7.527691657466894e-06,6.354415476319259e-05,-1.349734308781228e-05,-0.00011837225589382943,-6.717987525242631e-05,-2.5526554510424342e-06
1986-12-01,4.26292164075668e-06,-6.0755888193225237e-05,5.684082853640477e-05,2.7037027447648037e-06,4.776937506219277e-05,6.915343515332612e-07,-0.00020125973969697952,-4.083362143065679e-05,-4.1392376216065045e-06
1987-01-01,4.859200965353719e-06,-5.2689936593785705e-05,1.402266488760974e-05,-2.5375687708732046e-06,3.114404295076336e-05,1.3225400057925197e-05,-0.00020819351606259383,-1.2701034073635903e-05,-2.601095392461018e-06
1987-02-01,4.23755023997164e-06,-3.891170972773704e-05,4.843123770024988e-05,-7.210749051572816e-06,5.363470004349549e-05,1.565565361631699e-05,-0.0001574759819525339,0.00010789574701638016,-4.094594860084604e-06
1987-03-01,3.204030351841365e-06,-4.340719032240099e-05,9.34344909682106e-05,4.119350034013223e-06,3.975460124854298e-05,1.5470090629952614e-06,-0.00011656313555464728,-1.6191914267077974e-06,-3.4055471446078988e-06
1987-04-01,4.533683547669746e-06,-5.159370722917306e-05,0.000180640912114532,1.3241203808415534e-05,5.5884812571621394e-05,-1.2733783917644023e-05,-0.00011097174247259323,-9.805536112213406e-05,-4.624208662600019e-06
1987-05-01,3.864822523364343e-06,-6.570599222600245e-05,0.00018376577229853707,2.0546869767908513e-05,5.514548013155415e-05,-3.454541357677448e-05,-3.8204633131576194e-05,-0.00012883435616486944,-3.764926104712392e-06
1987-06-01,3.056409383099252e-06,-6.962451820771319e-05,0.00017849915401088807,2.6825817264096507e-05,4.882860297140904e-05,-3.317567793679982e-05,-7.547473521383898e-05,-0.00015824841930138912,-1.8739191449240117e-06
1987-07-01,1.4671490294679452e-06,-6.33156060362718e-05,0.00019389523480511532,2.7852923759586437e-05,3.893120380799732e-05,-4.3678051041063206e-05,3.7264261352559387e-06,-0.00013159494191731212,-1.583521975138296e-06
1987-08-01,2.899503316654117e-06,-6.781645952584938e-05,0.0001574151254659999,2.6156080200690024e-05,5.505684222398743e-05,-3.496105380692982e-05,-4.8088320118064155e-05,-0.00014916789160376764,-1.9618498622359133e-06
1987-09-01,3.050130179893265e-06,-7.298210243500125e-05,0.00019329835139918178,2.6232964186345943e-05,6.540339894781949e-05,-3.696503376337016e-05,-9.632176593578293e-05,-0.00016356770377191462,-1.8377074005097202e-06
1987-10-01,3.726344812266379e-06,-7.034060993410425e-05,5.102943605549006e-05,1.6914171547910145e-05,6.444512380430369e-05,-1.8486613752937784e-05,-0.000127605478564418,-0.00014541981492239073,-2.101555761886106e-06
1987-11-01,2.9115106792142094e-06,-7.187338630061035e-05,4.421794307013068e-05,8.372204765422016e-06,4.7012635796042885e-05,-5.454387108195426e-06,-0.00018138642897846035,-0.00011206017691870737,-1.4803352429765523e-06
1987-12-01,4.672556308209869e-06,-6.406194354816424e-05,7.769607998528617e-05,-6.139209853620897e-07,5.7453430933490925e-05,7.076955380998856e-06,-0.00020837784770266153,-2.1799117165549553e-05,-3.4354201176004187e-06
1988-01-01,4.731673724314594e-06,-5.700913057473092e-05,0.00010647551021315341,-3.7599541724152653e-06,5.951064052015382e-05,1.1632083931386257e-05,-0.00018982944129222724,3.327024398497804e-05,-3.008402544983888e-06
1988-02-01,3.4304685927068854e-06,-4.3770371419171165e-05,2.7822207206221208e-05,-4.869567242068694e-06,3.618661139091208e-05,1.7901047721158866e-05,-0.00015208601387814495,0.00010545177132828869,-2.519766370145886e-06
1988-03-01,3.5291621558148813e-06,-4.3563522931232987e-05,0.00012284739641064117,6.205517350130301e-06,4.3293278348020834e-05,1.1092151193585876e-05,-0.00015445093006178593,-4.482357381743507e-05,-2.1302102504916383e-06
1988-04-01,3.4667430138299308e-06,-4.861047748642931e-05,9.017504765879576e-05,5.519318118033337e-06,3.253400194537589e-05,-2.7270313603100074e-06,-8.403515389585823e-05,-2.54161827869182e-05,-2.841289046861665e-06
1988-05-01,4.149176668678374e-06,-6.003808213813544e-05,0.00015956708493985872,1.8004527966618235e-05,4.7788321755922094e-05,-2.503292090854667e-05,-9.143940490034496e-05,-0.0001250005812111427,-2.0741026871608646e-06
1988-06-01,4.164428817095357e-06,-7.14132738797726e-05,0.00018612080826355918,2.3541108967698533e-05,5.163675969258779e-05,-3.4691820690467086e-05,-5.6949721228855955e-05,-0.00011335852738093689,-1.8304701524503797e-06
1988-07-01,3.9874106108220526e-06,-7.709354053406846e-05,0.00020058806397757768,2.3838828667366162e-05,6.191022279830793e-05,-3.880417078014252e-05,-3.5705155377826034e-05,-0.00015687933392820926,-2.3186792717566437e-06
1988-08-01,3.601058635894986e-06,-7.12140477568863e-05,0.00022190405347173768,2.4367491496615026e-05,5.868211507925787e-05,-2.8222822647864317e-05,-5.233892826679082e-05,-0.00017495348362029766,-2.0511531105096727e-06
1988-09-01,4.518930450986875e-06,-7.482333548981856e-05,0.0001819385571602746,1.5989973416303057e-05,6.027183369857145e-05,-2.4975079207188104e-05,-8.926495176505089e-05,-0.00017294568565230713,-1.940539760618038e-06
1988-10-01,5.135968254872619e-06,-7.183698545007338e-05,0.00013589411522240552,1.608487269240173e-05,7.123208795127009e-05,-1.3632965456815908e-05,-0.0001609108017848858,-0.0001143227465631932,-2.520279104053624e-06
1988-11-01,4.589809699786936e-06,-6.945217862351452e-05,4.8201753379342175e-05,4.2998083918660755e-06,5.0985423812012056e-05,5.063841372907947e-06,-0.00020321740639894653,-2.166644152258812e-05,-1.446555997615907e-06
1988-12-01,4.266335821847686e-06,-6.07956785559885e-05,2.8338044628827464e-05,-3.1085432298175765e-06,4.518305106777559e-05,1.891331373362432e-05,-0.00018803591425362704,6.581561737125883e-05,-1.8845757918929344e-06
1989-01-01,3.855999881367712e-06,-4.976962347944384e-05,5.3161968774701886e-05,1.2660702068105965e-06,2.4568151714410423e-05,1.3948340824598176e-05,-0.00020096730440855024,2.5857545098630154e-05,-1.7852029647754714e-06
1989-02-01,3.668600524324884e-06,-3.215436447132372e-05,3.19712206612673e-05,-5.772101346530168e-06,2.8348418001290804e-05,1.6148227167002564e-05,-0.00019234327879856086,0.00010523551230168642,-1.3916201140827647e-06
1989-03-01,3.956893805425649e-06,-3.6738230517228366e-05,9.453533237818108e-05,-1.0896296668151064e-07,5.055541518257658e-05,7.085242927240024e-06,-0.0001577074352028859,-3.56385449281576e-05,-2.3468775177121934e-06
1989-04-01,4.09741550866611e-06,-5.509315778117807e-05,9.629207833577151e-05,5.639357238562648e-06,4.367423266189287e-05,-1.022470306309196e-06,-0.00018070483682952428,-2.56570338054847e-05,-2.8136556518961846e-06
1989-05-01,2.8644576039879867e-06,-7.033509234671712e-05,0.0001418576766107733,1.2311893105510074e-05,3.5734470315188074e-05,-1.96018195023776e-05,-7.735627066536902e-05,-4.3503975692823864e-05,-2.1508516979746864e-06
1989-06-01,3.1954382097657495e-06,-6.611895068960941e-05,0.00018460848874918135,1.839535313209048e-05,4.0924374758001226e-05,-2.3022788191211467e-05,-5.27119197034896e-05,-0.0001261109617440648,-1.779703795344774e-06
1989-07-01,2.6597382307327675e-06,-6.98776732788267e-05,0.0001789988794982392,2.366635708460415e-05,4.3537558739852034e-05,-2.9087923289720026e-05,-2.7189195762815003e-05,-0.00014508082363270464,-8.950187820740647e-07
1989-08-01,2.2096519352032926e-06,-6.961695726666103e-05,0.00017671311345114708,2.4004062926380912e-05,3.943549188835505e-05,-3.078368797587305e-05,-7.073852879103688e-05,-0.000140294689049383,-9.3659920898495e-07
1989-09-01,2.6441127131402526e-06,-7.730935943578589e-05,0.0001527674682678548,1.7834208710079596e-05,4.252216199339966e-05,-2.272634163742293e-05,-0.00011724238911156994,-0.00014794551732491177,-1.0444129300080252e-06
1989-10-01,4.144785435831416e-06,-6.942651421319918e-05,0.00011216268102082142,1.4360162495167678e-05,5.524320611643867e-05,-1.1319464539411901e-05,-0.0001482649256808373,-0.00012251761773990257,-1.7858690329563383e-06
1989-11-01,3.8084640005660737e-06,-6.54236387063471e-05,8.970428099480739e-05,4.3029209823354395e-06,5.491137688205772e-05,7.980003381844992e-07,-0.00018716287452589362,-5.42840077053106e-05,-2.8189968687065213e-06
1989-12-01,4.63104714272735e-06,-6.169294968067617e-05,8.78577014371129e-05,3.3142065116393557e-06,6.44731708777567e-05,4.124891380620537e-07,-0.0001291203873475507,-1.2975523924128776e-05,-3.201419817006868e-06
1990-01-01,4.672026721894874e-06,-5.684945490312787e-05,8.883440261642047e-05,-1.6686785766582975e-06,6.441072541498751e-05,1.866761722660211e-05,-0.00021663936786353588,5.503874112299701e-05,-3.1302876034383653e-06
1990-02-01,4.3210456480205924e-06,-4.255963327602562e-05,2.864486712646837e-05,-3.330402071366401e-06,3.99007898728281e-05,1.0605793126404714e-05,-0.00012649259784223245,3.6663470248104424e-05,-3.5724966565528858e-06
1990-03-01,4.2063121757813604e-06,-4.513314944510896e-05,2.7853009229841107e-05,-7.73436047841194e-07,4.6933362925578485e-05,2.0501401796850822e-05,-0.00018002219165423527,6.227382169428609e-05,-3.6207272381584416e-06
1990-04-01,3.344813826057666e-06,-5.319518934717451e-05,9.401898800275896e-05,9.9884045448138e-06,4.962212875706068e-05,-8.083822808907632e-06,-8.741649448024719e-05,-5.495865606480979e-05,-2.9508710787482345e-06
1990-05-01,4.27379602396131e-06,-6.163695588610206e-05,0.00016301064916469409,1.9913594375359563e-05,4.9782614710823414e-05,-1.3141791773008928e-05,-9.275111609963085e-05,-0.0001409335852728296,-2.815440245546596e-06
1990-06-01,2.4857037710189867e-06,-6.977246851650875e-05,0.00018290712073573906,2.4478029101842618e-05,3.76194683282873e-05,-2.7614178421968982e-05,-9.470158712921798e-05,-0.00011092217099065641,-1.892824525094213e-06
1990-07-01,3.4357277532806264e-06,-7.14297407593869e-05,0.00019982787368472157,2.3417620733745725e-05,4.777525484503597e-05,-2.8459189185006185e-05,-5.679243224647292e-05,-0.00015905462808617343,-1.7331672354377157e-06
1990-08-01,2.4181652418019623e-06,-6.837132851547836e-05,0.00012686025234708956,2.683710836022357e-05,4.30977387727521e-05,-3.673635893571445e-05,-7.964795174701976e-05,-0.00012408785044036965,-6.714832031580737e-07
1990-09-01,3.4928583528036655e-06,-6.558273459200217e-05,0.00020414558305791023,2.017336452627971e-05,5.7509499749754926e-05,-4.6672959462817704e-05,-7.517187079450567e-05,-0.00012966836477502176,-2.168711693634224e-06
1990-10-01,3.8605780464478485e-06,-7.275342032795864e-05,0.0001295859105807434,1.3499400536418188e-05,6.484277623921738e-05,-2.4595209397857246e-05,-9.870255334375574e-05,-0.00014417603497586122,-2.21214481684496e-06
1990-11-01,4.165450610949397e-06,-7.084165943167793e-05,9.858675776435621e-05,9.640279652108907e-06,6.9193547596176e-05,-1.4827338372127932e-05,-0.00015982564761709997,-9.103820243903188e-05,-3.5988202169262774e-06
1990-12-01,4.039034636540185e-06,-5.693729880812092e-05,3.4112854286336605e-05,-2.4457652308118987e-06,6.29025166534669e-05,7.853920754251172e-06,-0.00016033410374019746,-2.872407771876021e-08,-2.863281594655759e-06
1991-01-01,3.9625048808179e-06,-5.710949425324232e-05,-8.604197771135014e-06,-6.095153400958604e-07,4.4547655428887866e-05,8.703896499485861e-06,-0.00018606606762015321,2.8118808423328342e-05,-2.0961864737176507e-06
1991-02-01,4.326463658696405e-06,-4.790218576659769e-05,-2.8252508449353746e-05,-5.6716320444091066e-06,3.403239841106674e-05,1.5879841254675413e-05,-0.00019629085340748867,0.00010618948968199536,-2.2970527482002662e-06
1991-03-01,2.3551600689516025e-06,-4.6147528272776086e-05,0.00011850016660737753,6.673055051848913e-07,3.646037919880245e-05,9.667371948360254e-06,-0.00012928105626288983,1.0155758434930223e-05,-2.5958311874553754e-06
1991-04-01,3.2134350459489407e-06,-5.174451460779087e-05,0.00016525199804384838,1.6109424385515964e-05,4.8809714182716946e-05,-1.3717316152738045e-05,-6.727913972111713e-05,-0.00010271751567398593,-2.7958829787069405e-06
1991-05-01,2.9375846222554524e-06,-5.324580608597894e-05,0.00018663347087852347,1.9607790662762388e-05,5.115523460113132e-05,-3.615284610158032e-05,-3.196269477423016e-05,-0.00011906062515433944,-2.875804607232619e-06
1991-06-01,2.451225173936635e-06,-6.566124549509532e-05,0.0001488435683817189,2.301710450770163e-05,3.8310434166122675e-05,-3.7992209484057235e-05,-5.838688564201192e-05,-0.00013147581437056318,-1.2311004613565005e-06
1991-07-01,3.010255114978598e-06,-7.344658544435718e-05,0.00016641905195824612,2.5675604567048097e-05,4.71615704579881e-05,-3.8745554357411025e-05,-3.5995127329201473e-05,-0.0001400588862559287,-1.4409696428136847e-06
1991-08-01,3.5203637434673285e-06,-7.895957528496027e-05,0.00018047595507643985,2.527835337376544e-05,5.554642295961201e-05,-3.6741701730034885e-05,-7.646751195760684e-05,-0.00015351048902299822,-1.8204493844888227e-06
1991-09-01,2.554577645278672e-06,-6.82503584904278e-05,0.00010738702634788857,2.4808654698288852e-05,5.6385802272252114e-05,-3.076525161604398e-05,-8.722356855672037e-05,-0.00012459542189015857,-1.6663397987807916e-06
1991-10-01,3.4328186023998575e-06,-7.34475288172918e-05,0.00013811363985531574,1.2960068604076785e-05,6.503402855745051e-05,-2.8618173940916117e-05,-0.00012429059437520394,-0.00011331244915805202,-2.8442048288988866e-06
1991-11-01,3.91041155761739e-06,-6.983867086154479e-05,8.828740519658817e-05,1.0182850598628088e-05,5.987257683358236e-05,-1.5523155032120276e-05,-0.000139026827383868,-7.336262598385462e-05,-2.9926744824501994e-06
1991-12-01,3.851657869771567e-06,-6.132943734896367e-05,-1.1652472920681351e-05,-1.1451912547152072e-06,3.537903897407445e-05,6.935950650392018e-07,-0.000124821865186982,-2.1411308078014734e-05,-2.9604716776003858e-06
1992-01-01,3.807917114643482e-06,-5.042172417706391e-05,2.31758737742629e-05,-1.6980820536284522e-06,3.9284831623789125e-05,1.2272023320068736e-05,-0.00015098679008210278,2.146696902119655e-05,-3.4139319576948455e-06
1992-02-01,4.276235683094803e-06,-4.627326051215649e-05,-3.063535258545033e-05,-5.941839809368853e-06,4.431491498715676e-05,1.2068505441377503e-05,-0.0001628077853664715,7.926992277403717e-05,-2.3164381675169447e-06
1992-03-01,4.368228321155827e-06,-4.185025057297998e-05,7.531674210466314e-05,2.1832512797262417e-06,4.558804862558653e-05,9.24857294551847e-06,-0.00010297470416261971,2.12785183717356e-05,-3.6700325466200947e-06
1992-04-01,3.9421705152741626e-06,-5.098847100500741e-05,0.00016612425732900568,1.102862943967722e-05,5.357111686345709e-05,-1.7203370995129892e-05,-8.67422504931424e-05,-8.176972312895687e-05,-4.012433081920337e-06
1992-05-01,2.7071557775881594e-06,-5.377916990803623e-05,0.0001537636079120897,1.8638325932796655e-05,3.8401769405208924e-05,-2.1593037659216882e-05,-1.5593564383021733e-05,-0.0001427120933830447,-2.482217182829133e-06
1992-06-01,2.5670697222284562e-06,-7.155765976228499e-05,0.0001531211625162001,2.584970360983383e-05,4.726852375074344e-05,-3.7013283546863146e-05,-4.023776976934694e-05,-0.00010261921771022748,-1.5600872698956592e-06
1992-07-01,3.6788848513319914e-06,-7.515977088071323e-05,0.00020104758904956454,2.9599855807735837e-05,5.491435235821853e-05,-4.221815847717649e-05,-3.8593109555869545e-05,-0.0001529184092390775,-2.367065429888436e-06
1992-08-01,3.54707563953442e-06,-7.547894489617997e-05,0.00013048995270366234,2.5597313433894994e-05,4.7689805739956936e-05,-3.1951421900865094e-05,-8.366707853148416e-05,-0.00014135010914375875,-1.2635302470423722e-06
1992-09-01,2.809108995622979e-06,-7.639955209234639e-05,7.906005727804657e-05,2.0942922479686683e-05,3.6601148241527646e-05,-2.2142761157188513e-05,-0.00011538674921120686,-0.0001239869515775157,-1.1707352666581606e-06
1992-10-01,3.6371710940177047e-06,-7.275332534743264e-05,0.0001519904586194344,1.9896015680124558e-05,5.234131762851655e-05,-3.107961465124814e-05,-0.0001520917961630329,-0.00013973542971542288,-2.155064562294224e-06
1992-11-01,2.7907722068324566e-06,-6.583884502670204e-05,4.4162423373323285e-05,9.999570766635571e-06,4.6689874558888504e-05,-9.762694212842455e-06,-0.00014329457720865126,-9.50040982842827e-05,-1.8598089397952622e-06
1992-12-01,3.592264988920868e-06,-6.112209351544889e-05,3.0859520709102556e-05,-1.7704715692902641e-06,4.6648413168193226e-05,1.3052151465698756e-05,-0.00013814644810292257,-4.3613600933301483e-07,-2.845901493384304e-06
1993-01-01,4.467469478060064e-06,-4.840600741290727e-05,6.975951758128853e-05,1.9981634845913318e-06,5.874098416729379e-05,8.731416868579198e-06,-0.0001923004786903027,-3.889646315297852e-05,-2.9571101441209334e-06
1993-02-01,3.4901750804103814e-06,-3.886262205133162e-05,2.2728801874841718e-06,-8.260308182602307e-06,2.2635349167224057e-05,2.223071683149368e-05,-0.00017367785099889316,0.00011974126871905138,-2.6440225874775194e-06
1993-03-01,3.408067344949984e-06,-4.11857447728465e-05,8.184839490801493e-05,3.504123536930208e-06,4.023819555857347e-05,2.019868103917014e-06,-0.0001591136321243133,2.2915117940223722e-05,-2.8001155190890225e-06
1993-04-01,3.4864927435731944e-06,-4.8701362513740455e-05,0.00020500143408726896,1.204974874093264e-05,5.3349770353743144e-05,-1.4280187222110925e-05,-0.00011002895243897022,-0.00011776679336278359,-4.242115863174829e-06
1993-05-01,3.759791097276588e-06,-6.267925184296695e-05,0.0001988130802176352,2.4887027362255264e-05,6.756256269778622e-05,-3.983540790912019e-05,-1.7433908724496822e-05,-0.0001422131897346081,-3.3565032932150603e-06
1993-06-01,3.287281293567031e-06,-6.864901559256554e-05,0.00019149259339200646,2.9601213043934656e-05,5.7961520242324056e-05,-4.1942269932981165e-05,-2.2269459655187366e-05,-0.00015559250674422712,-2.5163121650257213e-06
1993-07-01,3.3842275856039753e-06,-7.458225827395996e-05,0.0001789719704464684,2.3140414816237206e-05,5.84163519277684e-05,-3.964888486659885e-05,-6.841826913261116e-05,-0.00016520604252310002,-2.2702549561076627e-06
1993-08-01,3.3220861831073533e-06,-6.495587340073065e-05,0.00015996556887167078,2.7216525552087176e-05,5.210102682111131e-05,-3.736165398888567e-05,-7.186263973601973e-05,-0.00012586442230227334,-1.926105623561543e-06
1993-09-01,2.9859432582786815e-06,-6.859184926756146e-05,0.00015200226079136687,2.161409106828033e-05,5.141803453587238e-05,-3.818246572680663e-05,-9.40735532371083e-05,-0.00016239969600082422,-1.5631068261848295e-06
1993-10-01,3.4976120225522083e-06,-6.954987615082178e-05,0.00010019278653396801,2.0460865169610582e-05,6.939696126516977e-05,-2.4339282082805775e-05,-0.0001116120197079463,-0.00014153678826513648,-2.063933220959102e-06
1993-11-01,4.250693234768042e-06,-7.135440249203519e-05,0.00010008724871603627,1.2861664186090219e-05,6.222577846211559e-05,-1.1774719429981445e-05,-0.00014583505575908363,-0.00011397702626432571,-2.4229752929667184e-06
1993-12-01,4.314507401698991e-06,-6.483599643895804e-05,8.369050954827801e-05,5.808245724137176e-06,5.1950158984344484e-05,2.188479767130635e-06,-0.00017493471046698935,-6.73820796474632e-05,-3.0856701024266053e-06
1994-01-01,4.24583287028448e-06,-5.338801973260095e-05,2.79607227404072e-05,-3.225515892253276e-06,4.466054296476818e-05,1.6400119762559935e-05,-0.0001876429468195786,8.473357082204793e-05,-2.0031092614049546e-06
1994-02-01,3.8105852025608416e-06,-4.890666775492112e-05,3.5131846649240184e-05,-8.859521950965541e-06,3.830848377282467e-05,1.666364364561314e-05,-0.00016873171835611492,1.796118224131849e-05,-1.5990763787984591e-06
1994-03-01,3.3073256284947607e-06,-4.263463510946957e-05,0.00011739090391415445,7.863355740275776e-06,3.4525369210900174e-05,1.9662226315428274e-07,-0.0001481147371182201,-3.299383048467315e-05,-2.6534067146430626e-06
1994-04-01,3.8063461047259973e-06,-4.944358250593648e-05,0.0001779103161253493,1.5735968701114404e-05,4.793644234322293e-05,-1.8398368582061508e-05,-0.00012322467112396972,-8.578513828926159e-05,-3.650473564647428e-06
1994-05-01,3.497240698982033e-06,-5.776498582962384e-05,0.00020011991347406507,1.9610107637961543e-05,5.211206724608114e-05,-2.0630992410988254e-05,-7.613371060128127e-05,-0.00012375554316091002,-2.9177359132218614e-06
1994-06-01,3.4500325247446553e-06,-6.659689752655678e-05,0.00016838072792125692,2.5394307880476357e-05,4.5565127720193086e-05,-4.009108521969363e-05,-5.662198753865561e-05,-0.0001259704109215872,-1.911285912544481e-06
1994-07-01,3.23602864783238e-06,-7.116194086214867e-05,0.0001925484598324574,2.900477823881013e-05,4.9178183649116065e-05,-4.401639292182552e-05,-7.324757152024386e-07,-0.00014062596026925072,-2.3139719803732355e-06
1994-08-01,4.136521235594403e-06,-7.05203718585002e-05,0.00022178123314528503,2.8727037897284772e-05,6.894100399416965e-05,-4.9679190571144026e-05,-0.00010175481349885931,-0.0001580968719767534,-3.172450180134999e-06
1994-09-01,2.5260460009463963e-06,-5.96336800553282e-05,0.00011509335936083902,2.524077589579213e-05,5.6153092440423354e-05,-3.318148088549807e-05,-8.952735100867686e-05,-0.00012831146957629117,-1.60692841638058e-06
1994-10-01,2.660192679667846e-06,-7.020688194705654e-05,0.0001222470776291166,1.5122486598437259e-05,4.6955885882489144e-05,-1.8265235444319608e-05,-8.644655263036754e-05,-0.00014385035518214224,-1.9021402157702944e-06
1994-11-01,4.849615879449078e-06,-7.112942647483378e-05,7.828913240640373e-05,1.1968401539183234e-05,7.676604313703704e-05,-1.3932017450553235e-05,-0.0001566870150917644,-0.00010773800243978488,-3.293487861073538e-06
1994-12-01,4.382629032286964e-06,-5.968195381423422e-05,9.490281631655199e-05,3.5856887153433017e-06,5.299462623264913e-05,-1.544174049188128e-06,-0.00014540816001185232,-7.639914661975144e-05,-3.6194948295086357e-06
1995-01-01,4.624596104881043e-06,-5.0622419144057635e-05,6.867898720956753e-05,-7.0255242614954115e-06,5.330769531540605e-05,1.156541251546621e-05,-0.00019103777054227622,-1.6299733281971697e-05,-3.3988690416977858e-06
1995-02-01,3.976864956947091e-06,-4.05267399204621e-05,1.4672735932298823e-05,-1.0940690918507123e-06,2.335973601105134e-05,1.4428586489267092e-05,-0.0001592830219371869,1.2901224930867874e-05,-2.7732942280962894e-06
1995-03-01,4.0243246350746146e-06,-4.8066458481676666e-05,6.519391182824777e-05,4.433616461738617e-06,4.702714423373001e-05,1.2648432897375219e-05,-0.00016045851054561304,5.881564441421719e-05,-2.2853410103895562e-06
1995-04-01,3.3189458395736624e-06,-5.292129828725371e-05,0.0001353176019830214,1.1910455528273586e-05,4.267319739364764e-05,-1.3025783249382376e-06,-7.430844049004351e-05,-3.158108519151156e-05,-3.0724121480897178e-06
1995-05-01,3.765060062499642e-06,-6.204262403061359e-05,0.00017869478725170444,1.778097972961041e-05,4.0881221504648415e-05,-1.9041151239598078e-05,-0.00012689913858392584,-0.00012724267926878275,-2.8485409596279114e-06
1995-06-01,3.2504976729689774e-06,-6.383022495352562e-05,0.0002002923209093369,2.7159984865837194e-05,5.358883276395976e-05,-4.000207573117031e-05,-4.7843390622871827e-05,-0.00016212240639275143,-1.545893747437008e-06
1995-07-01,2.8715377034089996e-06,-7.082920565926111e-05,0.00016338032298699763,2.9452004326984597e-05,5.341587125402243e-05,-4.566306221391008e-05,-3.325739817183758e-05,-0.00015767293366719475,-1.3616496518278146e-06
1995-08-01,4.175047508504791e-06,-7.514543301817524e-05,0.00022515142155091227,2.4862353866007267e-05,6.557467420631206e-05,-4.647484065507467e-05,-3.650240897819706e-05,-0.0001811206201697796,-2.7655271216290516e-06
1995-09-01,4.24628696119001e-06,-7.301051253348216e-05,0.00014958902705996982,1.723720437163154e-05,7.315580275043692e-05,-3.394415224399233e-05,-0.00011981309457820203,-0.00014905544323500026,-2.4652312376517057e-06
1995-10-01,4.251478615984729e-06,-7.554641730356335e-05,0.00014757745148357858,1.2861348961440269e-05,6.607268040147263e-05,-1.7194771862288086e-05,-0.00012319055480522923,-0.00012495378771786847,-2.8746558797395736e-06
1995-11-01,4.353377546581128e-06,-7.3933281252178e-05,9.67251520359603e-05,6.441244210182831e-06,4.863900947909529e-05,-3.3788584023793717e-06,-0.00016910083524418267,-0.00011618315264302692,-2.489398999948423e-06
1995-12-01,4.091632531335535e-06,-6.596392278291005e-05,3.083984334255416e-05,2.2111510002272e-07,4.508277160941346e-05,1.2019074913086933e-05,-0.0001945807925451381,1.428366575908735e-05,-2.417429051211176e-06
1996-01-01,3.1790826041003147e-06,-5.561767420160676e-05,1.1439556749217973e-05,-2.4315969239582735e-06,2.0396075027892982e-05,1.160824463025662e-05,-0.00019030374041770483,7.782936373500508e-05,-1.6657741062252425e-06
1996-02-01,3.604270400857309e-06,-5.309695678425534e-05,7.008973597198801e-05,2.4200417959446283e-06,3.240362687567898e-05,1.640819698538239e-05,-0.00020376709289848802,2.5456382610728536e-05,-2.690020841362977e-06
1996-03-01,4.079795385715275e-06,-4.247849039717133e-05,9.792539721735056e-05,3.3407218470162027e-06,4.6355908200483743e-05,4.249472490798857e-07,-0.0001582652813056807,5.111414860184675e-05,-2.298883521970317e-06
1996-04-01,4.3339425355374525e-06,-6.209163281448344e-05,0.00011463759344516766,1.6383597436990212e-05,4.8172805792825327e-05,-1.0454258155214614e-05,-0.0001134564363846784,-6.872858756817277e-05,-3.080411528568474e-06
1996-05-01,3.7454034609187894e-06,-6.354390019179814e-05,0.00016125535136659604,1.8869636232444138e-05,3.9101526852068785e-05,-2.217682403321761e-05,-0.00010511383762151931,-0.000100438562478627,-2.217180163581132e-06
1996-06-01,2.9006341364653514e-06,-7.25480891352853e-05,0.00017021892026422976,2.191858408726664e-05,5.0859750259781346e-05,-3.8378112307326705e-05,-6.418380614919183e-05,-0.00014805977213909775,-1.4481491636955816e-06
1996-07-01,2.0228734506158486e-06,-6.687488305786119e-05,0.00012620203725386176,2.2987433893844856e-05,3.799156124969908e-05,-3.3193169393263114e-05,-5.405029351993924e-05,-0.00012943516788844212,-6.275315225669776e-07
1996-08-01,3.151034984536276e-06,-6.916441117217139e-05,0.00016675408690520468,2.456590162232102e-05,5.2548129991149916e-05,-3.6746600390276974e-05,-3.518720073937673e-05,-0.0001660004092851146,-9.848690329454114e-07
1996-09-01,3.68194065033166e-06,-6.832126745518518e-05,0.000120037333744947,1.7604123726572295e-05,5.033008117014338e-05,-2.0740365017589327e-05,-0.00011041458268246936,-0.00012868820381363932,-1.6658599560047457e-06
1996-10-01,4.42229477572737e-06,-7.397950059828277e-05,0.0001756276601311754,1.645840098696939e-05,8.084361609567807e-05,-1.5471245214189545e-05,-0.00013329148241920122,-0.0001451799106458821,-2.6533848800152827e-06
1996-11-01,3.952565675312051e-06,-6.374319473726203e-05,4.93997310566668e-05,1.4879437518747115e-05,5.237434889434706e-05,-8.727065275186736e-06,-0.0001958384742249787,-7.699019022683519e-05,-1.7879761726900087e-06
1996-12-01,4.4066731392387605e-06,-5.951835814263353e-05,5.94252488799238e-05,2.289566461178538e-06,5.256539092573608e-05,1.078163288968621e-05,-0.0001676338307257979,-9.956914188657708e-06,-3.211436168386391e-06
1997-01-01,4.762302132556848e-06,-5.2723390063506475e-05,8.059161066852191e-05,-1.950734072038589e-06,4.784390562609155e-05,1.5832332306334936e-05,-0.00016511535261229903,5.8655062136100105e-05,-3.3686911258312493e-06
1997-02-01,4.046638987055876e-06,-4.733132535452862e-05,4.685964001134853e-05,-5.110101961069118e-06,3.9415217758383267e-05,1.8332265986447918e-05,-0.000208528379270617,5.0706611708466675e-05,-2.7102734534068713e-06
1997-03-01,3.4148138462678923e-06,-2.906390370871129e-05,4.233724580252262e-05,-3.1131131469063582e-06,4.1926837549859536e-05,1.3205011101030109e-05,-0.00012829014262614514,8.751224423051308e-05,-4.1873859145086385e-06
1997-04-01,3.162922386068942e-06,-4.8040051589705565e-05,0.00018871794493408693,2.000609537702232e-05,5.534702032865782e-05,-2.6715275750516758e-05,-0.0001378928887708599,-0.00010255067169084698,-3.6900163642687406e-06
1997-05-01,1.9582098459909364e-06,-5.514366003223427e-05,0.00014654808724659334,1.7400071337159144e-05,4.134524971920922e-05,-2.3331168459384206e-05,-2.354092091911894e-05,-6.700289123770563e-05,-2.8713909237888125e-06
1997-06-01,2.694930563689873e-06,-6.0186195163998294e-05,0.00020983223997399493,2.5624362480770904e-05,4.680931955889627e-05,-3.9679586139945286e-05,-1.7706836615092426e-05,-0.00012272035408756948,-3.1960271080586516e-06
1997-07-01,2.534751794734537e-06,-7.473027268251396e-05,0.00022098160578319995,2.741037166042472e-05,5.518341089820936e-05,-4.5063399542465626e-05,-4.744500459434162e-05,-0.00014714324056164019,-2.4673354248781943e-06
1997-08-01,1.736298147481755e-06,-6.688908304524615e-05,0.00014295562258287233,2.688304882919971e-05,5.827590305678592e-05,-4.095564875199007e-05,-9.200331290294671e-05,-0.0001175078542689552,-2.6781044319036235e-06
1997-09-01,2.2947336757666454e-06,-6.653729281756356e-05,0.00011388308838327717,2.2114653478801496e-05,4.1428274569048755e-05,-2.9898897266785405e-05,-4.721007502505197e-05,-0.00014388848715377303,-2.274815138986009e-06
1997-10-01,3.4580060665920137e-06,-7.68095033346853e-05,0.00012634414428768276,1.7307798402900683e-05,7.328770535302912e-05,-3.626186631982437e-05,-6.831458133290623e-05,-0.00011857482606281243,-3.7493549081391493e-06
1997-11-01,4.768916894363634e-06,-6.724020430219423e-05,8.983217372724845e-05,9.548609858238148e-06,6.136878861622682e-05,-1.5403467670854972e-05,-0.0001195488049021591,-0.00011494320647087645,-3.8092451869093726e-06
1997-12-01,4.658221705970411e-06,-4.864597066880534e-05,4.044802051615162e-05,6.348419637005865e-07,6.0484788581209995e-05,1.3771273673531515e-06,-0.00014172028300387057,-8.182303156706155e-05,-4.1301787957551105e-06
1998-01-01,5.228079764189645e-06,-3.426950802584685e-05,-5.544973044044502e-06,-7.353951389198765e-06,5.892429441611809e-05,1.403950158516094e-05,-0.00019559023650830788,8.607668369231269e-05,-3.7453404491568163e-06
1998-02-01,4.8820656305170216e-06,-4.024764732712663e-05,8.095562531199159e-05,-2.079793393666604e-06,5.017913049892807e-05,9.07462365425713e-06,-0.00012850262986950943,1.1107175974958818e-05,-4.384232027788431e-06
1998-03-01,5.0407455213035115e-06,-4.1488511052997575e-05,0.00012626131526850587,2.7746059318139327e-06,5.8725652434811375e-05,1.0015400783869621e-05,-0.00014640891563471385,5.562032118213768e-05,-4.4634832483441375e-06
1998-04-01,3.953315141713488e-06,-5.314092700347445e-05,0.00016208259608187442,1.2859918322111656e-05,5.468669541368669e-05,-5.959700897303096e-06,-8.465139016727003e-05,-0.000110500541991748,-3.7317942681855955e-06
1998-05-01,3.6908353456972984e-06,-5.1672574643506976e-05,0.0001705567284016915,2.0147618348436574e-05,4.639769322405704e-05,-2.0057391733294336e-05,-2.9870000350569756e-05,-0.00014398773497190895,-2.2892169830960806e-06
1998-06-01,3.878539250397172e-06,-6.80411433912354e-05,0.00018582410143009776,2.1375918222266733e-05,4.679854174180989e-05,-2.930702016033637e-05,-6.55954790513813e-05,-0.00015199156601190063,-1.9344517241441037e-06
1998-07-01,4.042860573959762e-06,-8.030008240809845e-05,0.00020217142554551055,2.5724852240377038e-05,5.696664281263184e-05,-3.1124298068246824e-05,-6.414102879710642e-05,-0.00018847475233020865,-1.5899595781433933e-06
1998-08-01,4.726019694660252e-06,-7.918149273481684e-05,0.00016545308858728982,1.9779080773874963e-05,6.005035066220369e-05,-3.124765893432929e-05,-8.448591379103516e-05,-0.00016501194403669664,-2.5265106868201107e-06
1998-09-01,4.7440726257991105e-06,-7.885484059421175e-05,0.00016954645157836283,1.8602848642429417e-05,7.912977227650451e-05,-2.6872945332621427e-05,-0.00010420373041186338,-0.00018189053441265292,-2.3264872659154524e-06
1998-10-01,5.2760995720105844e-06,-8.058949834813508e-05,0.00010218014788485305,1.5633570564918382e-05,7.3980444568122e-05,-1.0858165068405252e-05,-0.0002177205245089812,-0.0001477065987957136,-1.8080496617707908e-06
1998-11-01,3.855192082220257e-06,-7.696311158323216e-05,5.7440561320721206e-05,3.7475738725216973e-06,4.3655363941050746e-05,7.934094903765751e-06,-0.0001842681686606592,-4.34826096166274e-05,-1.3156457377055075e-06
1998-12-01,4.6823761678583644e-06,-7.0875047463214e-05,6.303192098086771e-05,2.0579851877265232e-06,4.8179086749589595e-05,8.557516484640278e-06,-0.00022410442891846312,2.110543281272859e-05,-2.3279207405639427e-06
1999-01-01,3.530727258391368e-06,-6.132782048574628e-05,1.7349230188048655e-05,-7.28352751829523e-06,2.1159751696279453e-05,1.2077223269633318e-05,-0.00016502398319969097,2.6542189568020818e-05,-1.1531261245466532e-06
1999-02-01,3.175763125291077e-06,-3.5941000444650095e-05,-1.069150480145141e-05,-6.46171297727171e-06,2.9946703804880394e-05,2.9861462373915144e-05,-0.000170775105013636,9.85637450774314e-05,-1.325029938418348e-06
1999-03-01,3.2076058952480768e-06,-4.962585584861258e-05,0.00010457190026853596,7.578315629352841e-06,3.9366434191180245e-05,1.0191524933617566e-05,-0.00012711156006865677,-7.413055520164377e-05,-1.9460600039865373e-06
1999-04-01,2.8861238306252467e-06,-5.570976915084987e-05,0.0001512314905160312,1.5147011269760244e-05,2.079420691814332e-05,7.322211837060945e-06,-0.00011655712701904261,-3.765189637757772e-05,-2.4164202079456365e-06
1999-05-01,4.259930985737663e-06,-5.9643213695195285e-05,0.00019307973723482107,1.7598287756797103e-05,5.432585337147836e-05,-2.6637107985093316e-05,-9.227550517050102e-05,-7.76808287236601e-05,-2.8553024427758785e-06
1999-06-01,3.850697195820518e-06,-7.028608180727284e-05,0.00019887102051394724,2.1952361232178345e-05,5.249833070427545e-05,-2.8699635381963105e-05,-3.546309652520341e-05,-0.00014597540026425713,-1.6350858065605128e-06
1999-07-01,3.849707305743285e-06,-7.900142529460766e-05,0.00019561794183427163,2.253964788851527e-05,4.910083380532398e-05,-4.2277194893794186e-05,-7.476510635150641e-05,-0.00013229238907702903,-1.8921744471024199e-06
1999-08-01,3.5742123498396153e-06,-7.44041403298553e-05,0.0002047908204816532,2.1774990741862528e-05,6.566159028579722e-05,-4.911716181883927e-05,-3.590487264219639e-05,-0.0001377422999021152,-1.907587005465124e-06
1999-09-01,4.665246026507908e-06,-7.490934839219673e-05,0.00017146483667430983,1.7027273831113202e-05,7.201958414342915e-05,-3.6717792395170585e-05,-7.50301720217022e-05,-0.00011958931764022171,-2.8632642009102656e-06
1999-10-01,4.793628913979164e-06,-7.542446353756962e-05,0.00015153671765140816,1.284979936819633e-05,7.194572606591436e-05,-2.1361799473310268e-05,-0.00010039615343013565,-0.0001501963702547992,-2.4183445170959013e-06
1999-11-01,4.007561303733395e-06,-7.099406191041929e-05,9.437088811251618e-05,8.304450032297366e-06,5.1102120936398285e-05,-1.5926395355730747e-06,-0.00014719229265924692,-6.0403366402716345e-05,-2.0476326041763275e-06
1999-12-01,3.6927610290023217e-06,-6.552459427369943e-05,6.107703347731773e-05,2.2845616178632707e-06,4.002158163432911e-05,5.971059248855144e-06,-0.0001803817274849743,-2.1270034730174297e-05,-1.9746116924323597e-06
2000-01-01,3.5265884688656735e-06,-5.3399065960657266e-05,6.806593284710924e-05,-3.679580712516152e-07,3.858325903406248e-05,1.068024995850161e-05,-0.00020045158453285694,2.488413927439256e-05,-2.075446350471152e-06
2000-02-01,3.9214660515622844e-06,-4.409576621326916e-05,3.631307372404246e-05,-1.5411462204487188e-06,3.9725005962121906e-05,1.2854861783204008e-05,-0.00011419273912013099,-1.2512687830330736e-05,-1.5069836436151238e-06
2000-03-01,3.9358241595128816e-06,-3.870609955303955e-05,0.00012253969091131998,3.1407020864508845e-07,3.6206052943114626e-05,5.55521148834868e-06,-0.00016844895666256484,3.947878317455473e-06,-2.4335159186597866e-06
2000-04-01,3.8335331855866874e-06,-5.1291168863883116e-05,0.0001299118974826486,1.120711336987638e-05,3.583970498488801e-05,4.462296156154025e-06,-0.0001060309410253158,-5.97149525277392e-05,-2.5922715487189936e-06
2000-05-01,3.71021132190295e-06,-6.131228086959319e-05,0.00018284675778169676,1.644821228010315e-05,4.7851542612313954e-05,-1.7065637790387872e-05,-5.87440772361052e-05,-9.3486104269514e-05,-2.485167489932361e-06
2000-06-01,3.6264209739624436e-06,-6.558004309122832e-05,0.0002303914473744948,2.6889555648703365e-05,5.510035064353615e-05,-4.3444257905252994e-05,-6.043585271354258e-07,-0.00014851982775089122,-2.1520031120787416e-06
2000-07-01,2.9827117943390436e-06,-6.90160284968942e-05,0.00017019717929318753,2.4092686227614543e-05,5.111037509445648e-05,-3.2832093673538104e-05,-8.859547105771456e-05,-0.0001349154880834722,-1.0385634565100747e-06
2000-08-01,2.9646260274046658e-06,-6.722793965773281e-05,0.00014177994150403337,2.2845206313090963e-05,5.376394179727404e-05,-4.153421074060491e-05,-3.0697464039608e-05,-0.00014104287944685518,-1.348354226119423e-06
2000-09-01,3.6296223817963284e-06,-7.358153031487556e-05,0.00015799073890459425,2.1298331074353593e-05,6.146617374313764e-05,-3.655966167218121e-05,-6.237780965541582e-05,-0.00014097036593959623,-1.912879071607549e-06
2000-10-01,4.336303622005212e-06,-7.020436886251687e-05,0.00011365275774391509,1.2742621004286383e-05,7.43014392957919e-05,-1.493443993209871e-05,-0.00010897176659748515,-0.00012594798435244624,-2.322409310520308e-06
2000-11-01,3.829486517282526e-06,-6.967039527634749e-05,5.6334858783880305e-05,-4.064534072027441e-07,5.242905282558726e-05,-7.246774036047956e-08,-0.00016740153933549084,-4.325438637995299e-05,-1.987187832734444e-06
2000-12-01,4.343660244296225e-06,-6.151203392421347e-05,6.258713452087594e-05,2.2956167141910114e-06,5.3074607901752415e-05,1.0239872754850508e-05,-0.00019764772891884348,3.431895227442078e-05,-2.576019142677141e-06
2001-01-01,4.464614441243282e-06,-5.099837418501523e-05,0.00010493343985401285,-3.2784170053200935e-07,4.056329379350998e-05,9.266191039434444e-06,-0.00016660252446308018,-3.0356269269131588e-05,-1.6587906774412333e-06
2001-02-01,3.9527913311568295e-06,-4.047442656662605e-05,3.246323654912652e-05,-4.740806607429461e-06,4.5325436855307155e-05,2.162673925448885e-05,-0.0001895785716687329,7.281338045666287e-05,-1.8074886966956632e-06
2001-03-01,3.3551761566077893e-06,-3.167812139915325e-05,7.290335261183753e-05,3.488218907152383e-06,3.1735663232133195e-05,1.1711948675056385e-05,-0.00014829555857333304,4.1030661627592765e-06,-1.7394392612443644e-06
2001-04-01,4.22405919096872e-06,-5.1636026552627594e-05,0.0001701679877322221,1.0775142807708598e-05,4.730033321425723e-05,-2.1169841888136108e-06,-0.00010389666768293744,-6.74011203181466e-05,-3.124185887693667e-06
2001-05-01,3.301699513913243e-06,-6.213541579963176e-05,0.00014559138323977827,1.9235850638168964e-05,4.8035326661730045e-05,-3.1754180305505004e-05,-1.386768798922998e-05,-8.466156798191495e-05,-2.338651349854311e-06
2001-06-01,3.9389562345002654e-06,-7.245171400968372e-05,0.0002028326154372081,2.4783589340613247e-05,5.772998320000156e-05,-3.2696661472245617e-05,-7.319248588544118e-05,-0.0001576005735690271,-2.637929269196528e-06
2001-07-01,2.6419432636897618e-06,-6.644184191893361e-05,0.00017053734710609697,2.4763802031162797e-05,4.436563441432989e-05,-4.0975109861952224e-05,1.4844029095181555e-06,-0.00013542006963018186,-1.2979340095130548e-06
2001-08-01,2.5278888943534733e-06,-6.857692225014058e-05,0.00014239973941937228,2.5948340188949706e-05,5.9015255213144024e-05,-3.8974015984488e-05,-6.704596707403615e-05,-0.00013326073790599028,-1.489647249034065e-06
2001-09-01,3.891751084713424e-06,-8.00881864501134e-05,0.0001617484881585101,1.8694829053214854e-05,6.884880917327296e-05,-3.677810166067586e-05,-5.929889097583998e-05,-0.00016273372179057027,-2.314643769240307e-06
2001-10-01,3.5902378571065656e-06,-6.787969198277352e-05,7.88036318406593e-05,1.5272536641312346e-05,6.207951257561878e-05,-2.0294647463110967e-05,-0.0001226203467124409,-0.00012975182385417889,-2.120268947983187e-06
2001-11-01,4.240413819937976e-06,-7.46727224165677e-05,8.588775521651594e-05,7.265751816302123e-06,5.846024534799384e-05,-1.9218188601937903e-07,-0.00015072954213963673,-0.00010089443892605703,-2.6325791187190046e-06
2001-12-01,4.396415109236341e-06,-6.0095237767103274e-05,1.0424793907925465e-05,-2.261534900529444e-06,4.0258090431395865e-05,1.3381054314020124e-05,-0.0002108309417963028,2.742953123593427e-05,-3.5772019758511083e-06
2002-01-01,3.7644992737501857e-06,-6.13193801410314e-05,5.075534800510912e-06,-8.852394871078929e-07,3.616285321720502e-05,1.2869616928292508e-05,-0.00016546381337079655,6.420694983421931e-05,-2.103310928169823e-06
2002-02-01,3.4091973456728698e-06,-3.6569362363369774e-05,-1.960378566982608e-05,-6.863325132150468e-06,3.173386875545279e-05,1.5041552969468162e-05,-0.00013836561502022777,0.00010037594023565736,-2.6443318218232838e-06
2002-03-01,3.943497455394672e-06,-3.310708816652141e-05,0.0001181031012040694,3.6765550884528507e-06,4.327618437970252e-05,1.2144408328299684e-05,-0.00011628278234440532,1.7305246041123427e-05,-2.571446443495593e-06
2002-04-01,4.05721181623331e-06,-5.267960134682618e-05,0.00016870501154472268,1.1657945109852662e-05,5.3736825958970207e-05,-9.383928245053626e-06,-9.672877654337065e-05,-6.921192625199252e-05,-3.542326517275253e-06
2002-05-01,2.9769388655167304e-06,-5.4848609352023796e-05,0.000153092254317772,2.2090361245687837e-05,5.1951751114718164e-05,-3.083875777104886e-05,-3.809213198516421e-05,-9.804816447804253e-05,-2.83728513953202e-06
2002-06-01,3.7288116319981548e-06,-7.425720365177066e-05,0.00019159131764230045,2.6974064276380787e-05,5.3982337761138034e-05,-3.2801695415480626e-05,-7.950061485794348e-05,-0.00014283123572219415,-2.321285433173266e-06
2002-07-01,3.0863672903911653e-06,-6.766553404039788e-05,0.00018348046489005465,3.0475052875294196e-05,5.6300589090864136e-05,-4.07151793077025e-05,-7.648124631513668e-05,-0.0001233533484558521,-1.8795470124887222e-06
2002-08-01,3.716558819715035e-06,-6.337827562241294e-05,0.00016370656109990803,2.7680190649679762e-05,6.404990608787636e-05,-4.364162364907776e-05,-4.592388344353709e-05,-0.00011579646948386921,-2.804302626821369e-06
2002-09-01,4.466851172859967e-06,-6.97261086326502e-05,0.00012676369892909513,2.4519142964184924e-05,6.324911888589641e-05,-2.9605853610697455e-05,-9.010646402511367e-05,-0.0001296373563754753,-2.8025941930383846e-06
2002-10-01,4.199713066294149e-06,-7.184420076399516e-05,0.00010712511697840201,1.5186700362961216e-05,6.428442291014474e-05,-2.7430317490807458e-05,-7.65235343899659e-05,-0.00010615901723028832,-3.3085129587535853e-06
2002-11-01,4.392339878806939e-06,-7.616960700738504e-05,0.00015236489943070927,9.750150076773432e-06,6.280195935356543e-05,-1.8182407691435864e-05,-0.00014196010138071207,-0.00011959816741101673,-3.5624505959788425e-06
2002-12-01,4.653141154120524e-06,-6.971994334992145e-05,6.253657087846485e-05,3.1847583638615056e-06,5.605454099039444e-05,-5.245299745725428e-06,-0.00016833940245918402,-7.250616728118932e-05,-3.828291021936598e-06
2003-01-01,4.70164304964878e-06,-5.9270656514267836e-05,9.472380804699705e-05,-1.506981781046583e-06,5.2838261050051975e-05,7.012442306972102e-06,-0.00021168601647244612,1.6955544380173382e-05,-3.4365503094440014e-06
2003-02-01,4.557120695853375e-06,-4.828743171555382e-05,2.7449983176595287e-05,-7.331730723138323e-06,3.596943134750095e-05,1.280449463424101e-05,-0.00019782658385425055,1.0125692403850806e-05,-3.2897680443868403e-06
2003-03-01,3.5389621725822656e-06,-4.13309577953998e-05,9.225759322020035e-05,3.889630694398595e-07,3.557778644741376e-05,1.3072677346477573e-05,-0.00012086157677714057,1.595690105242119e-05,-2.889726437683873e-06
2003-04-01,3.499890126954253e-06,-5.568984331058623e-05,0.00014614091364369884,8.519075795488386e-06,4.615687954558163e-05,-1.31019870464965e-05,-0.00010805289061684076,-8.662113641777643e-05,-3.0374605179420323e-06
2003-05-01,3.789044598046708e-06,-6.187849037212272e-05,0.00016908365861692737,1.8163147761919134e-05,6.022119310103978e-05,-2.8302723248913973e-05,-0.0001063855904522458,-0.00011420540190129665,-2.8531117290440634e-06
2003-06-01,3.096610406026088e-06,-6.790444275127781e-05,0.0001688144591111855,2.729205453019165e-05,5.777802351648984e-05,-2.8903732371562054e-05,-9.549066066865249e-07,-0.0001159117794134993,-2.479053662226946e-06
2003-07-01,3.7287328017340784e-06,-7.000134031369622e-05,0.0002089165016117038,2.600754892021879e-05,5.254672962961773e-05,-3.8239671565124946e-05,-6.851529869287804e-05,-0.00015804584398961772,-2.2952219140729276e-06
2003-08-01,2.186612033534904e-06,-7.183008123141208e-05,0.00015309668151786845,2.2691934290267706e-05,4.8562299941497536e-05,-3.028781108246953e-05,-7.265749753929364e-05,-0.00015313078204607215,-6.888005253742113e-07
2003-09-01,3.4057928147171066e-06,-7.093518065123073e-05,0.00013373168481449992,2.445622434550751e-05,5.384806850511757e-05,-3.133181759265928e-05,-9.829223756994112e-05,-0.0001573337678776553,-1.291127011976165e-06
2003-10-01,3.637740120887498e-06,-7.360558965669275e-05,7.787712930056883e-05,1.426262326675772e-05,5.435576427332594e-05,-1.4334312107399609e-05,-0.0001584279336106707,-0.0001233147658214014,-1.8870339338838508e-06
2003-11-01,3.975258322441038e-06,-7.24430307297051e-05,0.00013487795367765897,8.59525770277092e-06,7.869503966328204e-05,-1.9462776558824966e-05,-0.0001425191112068272,-0.00010684583476851421,-2.9295345135820495e-06
2003-12-01,5.161518461108816e-06,-7.032041124957138e-05,5.533384165844118e-05,8.388575399637179e-07,6.347932561677038e-05,2.835413052087863e-06,-0.00019734897182793428,-4.0805117311510806e-05,-3.1565520909704326e-06
2004-01-01,4.068859456997214e-06,-6.0468957401013094e-05,6.524784734591294e-07,-1.7061316143100596e-06,3.338287644997631e-05,1.0560668423451822e-05,-0.0001701736112035387,-1.5173883852542884e-06,-2.9134836099444408e-06
2004-02-01,4.390787358654581e-06,-4.83327717140484e-05,1.872879789645543e-05,-3.6019882698245045e-06,4.872798754181879e-05,1.1447046379259498e-05,-0.00012703311541254657,5.764469576252389e-05,-2.5787130263825476e-06
2004-03-01,3.891567045696911e-06,-4.242471496426544e-05,7.848427420559606e-05,1.0133149314425817e-06,4.4177046662105556e-05,7.514267756889858e-06,-0.0001199035528767739,5.543497420640553e-05,-2.930982417205007e-06
2004-04-01,4.213623655882861e-06,-5.266903104048871e-05,0.00017737706336638814,1.208299121148329e-05,4.63051146230815e-05,-1.3923493509192468e-05,-7.582425754690981e-05,-0.00010022418895815665,-3.962318501645481e-06
2004-05-01,3.006603228632863e-06,-6.147829148855193e-05,0.00017729735397157827,2.2581653768078573e-05,4.229648786309162e-05,-1.849549664775123e-05,-5.457727553036494e-05,-0.0001502462625010685,-1.419754813432555e-06
2004-06-01,4.4600114888251285e-06,-6.888336341655246e-05,0.00019749040065674805,2.821990277459044e-05,6.355309757819653e-05,-3.916016461706643e-05,-4.4799589767019566e-05,-0.00011638748290571582,-2.9813048440974727e-06
2004-07-01,2.325575473072281e-06,-6.71239133682129e-05,0.0001809197031357162,2.719424512336198e-05,6.307407414232445e-05,-4.497328254191208e-05,-2.6324723369973853e-05,-0.0001348180663056449,-1.6262835426976917e-06
2004-08-01,2.1795851781760584e-06,-6.942121575136058e-05,0.00011180280123612622,2.4537424316786364e-05,4.956517364698724e-05,-4.3911198247108014e-05,-4.799682215883811e-05,-0.00011195918319405578,-1.3211385724163102e-06
2004-09-01,3.749882619476854e-06,-7.523428778930999e-05,0.00017212509990835933,2.1763363334893952e-05,7.267178822072381e-05,-3.849404859712318e-05,-0.00013310874261694412,-0.00015861132065639436,-2.1075562650707307e-06
2004-10-01,4.626489556582412e-06,-7.766502045426702e-05,0.0001131135779507776,1.666512544856359e-05,6.333624369994808e-05,-1.945902704288917e-05,-9.895769524062189e-05,-0.00012923840866895325,-3.411375109023082e-06
2004-11-01,3.5842996568102448e-06,-7.73896299610287e-05,0.00010617886060231796,9.702894132926675e-06,6.073620762064237e-05,-1.3878022492516526e-05,-0.0001538154720686665,-0.00011114437604711034,-2.9503416507472263e-06
2004-12-01,4.6843012407397745e-06,-6.443022102711793e-05,4.542258855834217e-05,3.242684525488644e-06,5.826499950309073e-05,-2.7816865016043225e-06,-0.00017915420301878527,-5.554707316721848e-05,-3.1931800883142937e-06
2005-01-01,4.787704979729991e-06,-6.152574218417008e-05,2.1485125023900705e-05,-3.786781362857743e-06,4.313413697469947e-05,2.1154858025539993e-05,-0.00020592473447322845,6.906049602305442e-05,-2.7647240003393606e-06
2005-02-01,4.2916296237920445e-06,-4.197289616640401e-05,4.146719472237084e-05,-5.533580997545373e-06,3.213123057923947e-05,2.0676826923950115e-05,-0.00011382014063110869,0.00010403325678363283,-4.286918299781165e-06
2005-03-01,3.4248322938684798e-06,-4.7354605289097904e-05,0.00011007174884868418,4.6320808925682505e-06,4.039411632539432e-05,6.247501797706714e-06,-0.0001489584529219147,-1.4629941295248071e-05,-2.9765230438885546e-06
2005-04-01,3.96089842205551e-06,-5.327604822716954e-05,0.0001857619084687384,9.711798399588688e-06,5.389937802312118e-05,-9.019199189195148e-06,-0.00014018422181985243,-3.559290381031668e-05,-4.088223988429777e-06
2005-05-01,3.1528094124500574e-06,-7.100040917342471e-05,0.00015592124514521527,2.6077745765274294e-05,4.797087613126046e-05,-3.34236779406368e-05,-1.977859388532613e-05,-0.00012619511751562105,-2.264035636240588e-06
2005-06-01,2.6616039609289207e-06,-6.795127271540173e-05,0.00016640065700862172,2.0368935775351886e-05,4.220948690504663e-05,-2.5063005884454213e-05,-9.29918202191968e-06,-0.00013565638746812784,-1.38495893782863e-06
2005-07-01,3.4310228977689918e-06,-7.661373225029797e-05,0.00021252331333002832,2.5961782830563733e-05,5.4647674638684144e-05,-3.5672851387394335e-05,-4.622545083918365e-05,-0.00016339868514601624,-2.0694495098538693e-06
2005-08-01,2.3774809677333084e-06,-7.484964155193187e-05,0.00018764091833682153,2.5331795622364156e-05,5.994073717899988e-05,-3.643375036527881e-05,-5.987517450644847e-05,-0.00014046565942123934,-1.6033324709408338e-06
2005-09-01,4.64733901118248e-06,-7.595132070115458e-05,0.0001374539719483276,1.7345911923701663e-05,6.333707369714036e-05,-3.661435633797435e-05,-9.655311602837106e-05,-0.0001533662624142243,-2.2487768154873474e-06
2005-10-01,4.130340528991406e-06,-7.873994331566815e-05,9.695179007814767e-05,1.10065438254263e-05,5.128943697598909e-05,-1.705474840989379e-05,-0.00015347800969712792,-0.00014751815460893467,-1.522003014927247e-06
2005-11-01,4.45936983679076e-06,-6.964147615296937e-05,0.0001029530330488978,5.252952153575954e-06,5.618646847310364e-05,-2.842237558896967e-06,-0.00014857768440239123,-8.468721009930853e-05,-2.3265895367575745e-06
2005-12-01,4.356144972726896e-06,-6.423014095491076e-05,8.435331862782806e-05,3.448030047519066e-06,5.195056272425609e-05,7.10773446573288e-06,-0.00015140033799277165,-7.800306706636957e-05,-1.999682733264545e-06
2006-01-01,4.6992720170461045e-06,-5.646300486437178e-05,3.2990841694976474e-05,-6.919880241131154e-06,4.81809348171554e-05,1.3559323911226747e-05,-0.00015532676926775435,2.6863313082093925e-05,-2.2240915113266013e-06
2006-02-01,3.7836166635572846e-06,-3.587591390065554e-05,8.891669808239654e-05,-3.844839802865856e-06,4.6557744978204554e-05,1.5813609825487585e-05,-0.00012944613975850874,7.877930767161754e-05,-2.6995812928165337e-06
2006-03-01,3.8604592666586045e-06,-4.135749390760266e-05,8.101192091079913e-05,5.7475624531998224e-08,4.577071605360439e-05,7.938694700307663e-06,-0.000167007094372542,1.6712659622369304e-05,-2.9763152503495953e-06
2006-04-01,3.6544155998524278e-06,-5.105564069257337e-05,8.148939067284193e-05,1.129833421085098e-05,4.9188549952418644e-05,5.798901614854207e-06,-0.00015133901255143397,-4.866532964697203e-05,-2.277441660041084e-06
2006-05-01,2.2418932223367475e-06,-6.173635759679008e-05,0.0001758250368068158,1.6250886129742634e-05,3.8521765170563066e-05,-1.185499007701262e-05,-5.6720421373286604e-05,-5.462043862356134e-05,-2.300824006215225e-06
2006-06-01,3.145387514860973e-06,-7.276695115233605e-05,0.00020564037083659926,2.288303387077599e-05,4.433219172948348e-05,-3.3732956277819803e-05,-1.5940966881779678e-05,-0.00015922610565777053,-2.2732904623392073e-06
2006-07-01,2.4942923059659597e-06,-6.820041266194745e-05,0.00018589611197286662,2.2257106998781614e-05,4.191709823479182e-05,-3.834776732274078e-05,-3.373113653418903e-05,-0.00013734207489747571,-2.139961920397781e-06
2006-08-01,4.0903039599356175e-06,-7.352088373981545e-05,0.0001909625966700985,2.807519062521866e-05,5.9803030001193366e-05,-4.5868757238529377e-05,-4.9248903800579895e-05,-0.0001376161779090188,-2.7304470878457742e-06
2006-09-01,4.197426255889363e-06,-7.190890864707975e-05,0.00019471161850539748,1.9491190223756472e-05,7.27483558003766e-05,-3.634687122093666e-05,-0.00010232762568100403,-0.00014174098613111072,-3.0934046583048476e-06
2006-10-01,5.009055030001223e-06,-7.169647136409267e-05,0.00017629366453622816,2.224164742628602e-05,8.356964733422733e-05,-3.851636426727892e-05,-0.00011041808553784028,-0.00012582532739635087,-4.5223799513243635e-06
2006-11-01,4.59589438620885e-06,-7.466499194795829e-05,0.00010867864101139002,5.34233368852211e-06,8.078638535684261e-05,-1.7854498031866492e-05,-0.00017683943465757144,-7.431606630782667e-05,-3.841759749790659e-06
2006-12-01,4.617854118525384e-06,-6.846709437731034e-05,0.00012729996173105906,5.676308987302464e-06,6.503972897112726e-05,-9.91888298502586e-06,-0.0001537528874595392,-9.439190139520015e-05,-3.5572459237153857e-06
2007-01-01,5.301292686323751e-06,-5.8678442428011554e-05,2.3679431926940505e-05,-4.956401177364093e-06,5.200009355118457e-05,7.741537802530522e-06,-0.0001456314799964231,1.6081269828958897e-05,-3.9987650653949e-06
2007-02-01,3.4995813509195633e-06,-4.688628797085964e-05,2.421726836888258e-05,-8.533441384319581e-06,3.093064151414932e-05,1.949897067489037e-05,-0.0001563295357688708,4.892351874282148e-05,-2.439747377017054e-06
2007-03-01,4.374779864383863e-06,-4.705295440603689e-05,8.470919982076702e-05,-1.7520461619043912e-06,4.3313929909863634e-05,1.1256662780252934e-05,-0.00016779034140443637,5.404763320786956e-05,-2.8670376907835965e-06
2007-04-01,3.601869667049823e-06,-4.897846567451795e-05,0.00018755330636448974,9.09324784268605e-06,4.752267298976402e-05,-1.253489646545211e-05,-6.901423413067551e-05,-7.49646609474346e-05,-2.9214062689964758e-06
2007-05-01,4.049799032751853e-06,-6.401862623856183e-05,0.00019203201709920732,1.7091613176898734e-05,5.844142199314612e-05,-2.977709326258584e-05,-8.185385682649255e-05,-0.00013812621692023148,-2.591775055590738e-06
2007-06-01,3.052373125013411e-06,-6.779204715179248e-05,0.00018651674885820138,2.1933036043474003e-05,4.2132642230291255e-05,-2.555097320508812e-05,-4.726608418741799e-05,-0.0001476019171428109,-2.0102864722701604e-06
2007-07-01,3.2912338136453676e-06,-6.863474324042416e-05,0.00018501080682076357,3.130201342471658e-05,5.1909533494512504e-05,-4.5189857982977576e-05,-6.596323467820413e-05,-0.00013040581926726305,-1.5832849036370822e-06
2007-08-01,5.0136199816718675e-06,-7.841673481445084e-05,0.00019635426632354176,2.1582367837405403e-05,6.757848043184148e-05,-4.4971862776366355e-05,-9.313864326287709e-05,-0.00015415374289010517,-2.9341487001000334e-06
2007-09-01,4.210248705357572e-06,-7.767399840844029e-05,0.00015909686916355478,1.960641339459686e-05,6.481759927108859e-05,-3.4629586355317446e-05,-6.425193690838844e-05,-0.00012734015154819325,-2.2319428847414426e-06
2007-10-01,5.098860921722729e-06,-7.4169256644961e-05,0.00013980320916443287,1.304967769501087e-05,6.647476428867837e-05,-2.139699585978697e-05,-0.00010842297705843083,-0.00011882766749891013,-2.7190162504395525e-06
2007-11-01,4.37423150054024e-06,-7.45576981779065e-05,0.0001034161291559521,-1.3127077306829417e-06,6.168907446963323e-05,-4.453679464718434e-06,-0.00017627837834272215,-3.971192688923164e-05,-3.1017111576197054e-06
2007-12-01,4.452158729888861e-06,-7.253244599131462e-05,6.950309678040486e-05,3.458513152404345e-06,5.065773470512331e-05,5.1681428963435975e-06,-0.0001675458702944627,-3.409887020423622e-05,-1.8858818401684118e-06
2008-01-01,4.4559489342340435e-06,-4.9436565869541504e-05,-1.2614522357818273e-05,-7.847717561046748e-06,3.913977543935558e-05,2.101601281534429e-05,-0.00017305682905637614,0.00012388178867685728,-2.140420203922673e-06
2008-02-01,3.5774188902098778e-06,-3.743800287358519e-05,-3.762754166268185e-05,-1.082293986900522e-06,2.3823988664102977e-05,1.280407046441166e-05,-0.00011046638028656703,6.280502460704488e-05,-1.1992922310749857e-06
2008-03-01,3.6531683060544253e-06,-3.486534682251538e-05,0.00013719063393529825,6.022724095905268e-06,3.7304539692127984e-05,1.0373379988607312e-05,-0.00011407275476306189,1.3353642353207645e-06,-2.495773825802766e-06
2008-04-01,3.024539837795969e-06,-4.8812238276963955e-05,0.00017059922684943318,9.797192354409003e-06,4.716374419251344e-05,-1.2020008155085736e-05,-0.00013439583294826358,-5.9092086998700706e-05,-2.5320545184453283e-06
2008-05-01,1.913598284499985e-06,-6.290611001664872e-05,0.00017576891503248202,1.8958513539480424e-05,4.0363257823714736e-05,-3.228686532835354e-05,-7.550274516697098e-05,-9.492836548359537e-05,-1.4887176479661836e-06
2008-06-01,3.933897428452828e-06,-7.332515937076583e-05,0.0002101039160690193,2.2589821683238486e-05,5.8007747601768525e-05,-3.939772021089559e-05,-6.517991180305903e-05,-0.00016787473362168796,-2.5425706034952633e-06
2008-07-01,2.9403919214861614e-06,-7.832649121243326e-05,0.00018766333360404084,2.4136385377246713e-05,5.355071750404197e-05,-3.7337113066701196e-05,9.701987590767033e-06,-0.00014360201366463697,-1.645731365087393e-06
2008-08-01,3.3068994854896407e-06,-7.19540278829673e-05,0.0002278793719176145,2.8040760966858573e-05,5.63983925906584e-05,-4.4897262443465594e-05,-4.2648342826058905e-05,-0.0001832349111511627,-2.188310258578125e-06
2008-09-01,4.514779590483644e-06,-7.61155496000547e-05,0.00017561175651171736,1.587983089331451e-05,6.45511071802868e-05,-3.054489595365956e-05,-9.544533430190025e-05,-0.0001446442228023396,-2.3075095666914996e-06
2008-10-01,5.112022756497516e-06,-7.782649441851989e-05,0.00019193969966905885,1.4731823199152533e-05,8.127217210998191e-05,-2.3331551217384634e-05,-0.0001580936835793595,-0.00015568667676133197,-2.628650518137582e-06
2008-11-01,4.332237890530443e-06,-7.025215820994595e-05,5.546820313766194e-05,5.701808702477582e-06,4.529047807206258e-05,2.1985337351133553e-07,-0.00015349472897171926,-9.245518665682481e-05,-1.265192370286837e-06
2008-12-01,3.641939919983387e-06,-6.665321864068806e-05,5.038122996554187e-05,9.596672668260587e-07,4.5101064688906745e-05,5.614022321610396e-06,-0.0001415010523870459,-2.5393991546315038e-05,-1.2843573543981314e-06
2009-01-01,4.024957069128235e-06,-5.288182183060191e-05,4.7292474394895946e-06,-6.1452986305408235e-06,3.7662793587821115e-05,8.974815419633465e-06,-0.000196575358455701,8.283658657607437e-05,-1.8639422580343299e-06
2009-02-01,4.1654399575231716e-06,-4.5227818369669536e-05,-1.7391698244486322e-05,-4.319616136396234e-06,3.178859365267174e-05,1.457500593841193e-05,-0.00017863859164793462,1.8433833318929284e-05,-1.569053568716528e-06
2009-03-01,3.844915071178135e-06,-4.1478261465701234e-05,0.00011510196594080306,-1.402520082838627e-07,3.565573344451074e-05,1.3554739452833066e-05,-0.00018542288168048855,6.24637156233638e-05,-2.0683670036198644e-06
2009-04-01,3.7672530035494294e-06,-5.043084498119693e-05,0.00013894298515897602,9.565983228501066e-06,3.768777847155061e-05,1.1927000523809694e-06,-0.0001402689513223113,-5.189717337468094e-05,-2.4709479545561064e-06
2009-05-01,2.512525559908245e-06,-6.51192426359322e-05,0.00015671174478433243,1.6265819933966125e-05,4.428420151735208e-05,-1.9802486362037515e-05,-5.040110941703049e-05,-9.779513554067365e-05,-2.122113054465187e-06
2009-06-01,2.4535060215038317e-06,-7.01673650402947e-05,0.00014875140447490891,1.6206352348264857e-05,4.004315427835507e-05,-2.5015928952218195e-05,-3.863260630631491e-05,-0.00012099612739728492,-1.7064874608106147e-06
2009-07-01,3.5275538507378906e-06,-7.525732100396442e-05,0.00016224798146184107,2.5096133385315093e-05,5.497283051576746e-05,-4.447243001687875e-05,-5.4017264009854046e-05,-0.00012887246411550344,-1.8628398414385475e-06
2009-08-01,2.974853821647768e-06,-6.991322765179414e-05,0.00016868825678755558,2.3096761499746476e-05,6.530821842583321e-05,-3.622827167336752e-05,-4.451285769066295e-05,-0.0001449651520877702,-1.6359360636292272e-06
2009-09-01,3.7769894196712692e-06,-8.175630699880428e-05,0.00013383076660850203,1.8388377625411387e-05,6.119911942688163e-05,-3.437288101376964e-05,-0.00012190016604549079,-0.0001366167951903999,-2.4161503843187074e-06
2009-10-01,2.8661503066438146e-06,-7.176676416176055e-05,0.00014194311341629643,1.6334126125897944e-05,6.113618114334168e-05,-3.0733789025699376e-05,-0.0001253003114037873,-0.00012654036441681304,-3.305548646021938e-06
2009-11-01,3.712430729958425e-06,-7.275999704751702e-05,0.00013483080936094215,8.004117455999598e-06,7.804193088934878e-05,-1.3028966640175037e-05,-0.0001327326291399224,-0.00013422069275555333,-3.2406395080856436e-06
2009-12-01,4.352256136666064e-06,-6.941410749436906e-05,9.11089402242592e-05,1.062854948134464e-06,6.724431744985611e-05,4.858714685986942e-07,-0.0001715102869085413,-6.338966468572305e-05,-3.594943732151633e-06
2010-01-01,4.956084143193322e-06,-6.299845599866107e-05,3.821745395933602e-05,-3.95769338047742e-06,4.073237513265131e-05,2.0060960871764748e-05,-0.0002194989241143536,7.157053121983679e-05,-3.903766461386727e-06
2010-02-01,5.0974345629369e-06,-4.5569232481401694e-05,2.6715001589303773e-06,-6.341014165800006e-06,3.74208444329145e-05,1.1765134743965355e-05,-0.0001399640311838711,5.679530689291217e-05,-4.9645381307588e-06
2010-03-01,4.2239029450412474e-06,-5.764625108967728e-05,9.080542581330953e-05,-1.611516853497309e-07,3.484453973982475e-05,5.372679974014896e-06,-0.00013758225516674594,2.548316528846519e-05,-4.0454123399805756e-06
2010-04-01,3.7934014838607222e-06,-6.001834042122793e-05,0.000128601747298861,1.055537872610481e-05,4.8938084852555515e-05,-6.771536460667659e-08,-0.00012683962402743667,-7.053936679504743e-05,-2.6056307682320535e-06
2010-05-01,3.86940496091167e-06,-6.697822800868262e-05,0.00016136348706545484,1.569635397176166e-05,4.3531657256165644e-05,-2.37436049784847e-05,-0.0001051408232093517,-0.0001286752341647728,-2.1732952761622888e-06
2010-06-01,3.967402674458343e-06,-8.137065698576152e-05,0.00020370982204579021,2.4665925380819862e-05,5.7126009436717014e-05,-3.730872583351575e-05,-3.8689272331560116e-05,-0.0001456761871145971,-2.4583820332197784e-06
2010-07-01,3.93699480425701e-06,-7.922208420275816e-05,0.00021552835890318017,2.536967371079595e-05,5.0883869195184456e-05,-3.380210089848172e-05,-3.0821198454298413e-05,-0.00019676528268193152,-1.9826324815085466e-06
2010-08-01,3.773759665480053e-06,-7.411905653279353e-05,0.00018146074883754188,2.2335581859413518e-05,5.6278063043178546e-05,-2.6915109189327883e-05,-4.5440375386997595e-05,-0.0001736990139091868,-1.973858231125711e-06
2010-09-01,4.777639414254568e-06,-7.342162888524119e-05,0.0001648375948421581,2.1743389790362292e-05,8.222162656604072e-05,-1.8570567646667982e-05,-9.817618161444784e-05,-0.0001878089835554661,-2.528089254603615e-06
2010-10-01,4.562765783587614e-06,-8.086729226119305e-05,0.00016468976046868133,1.2154991473628803e-05,5.954411075843785e-05,-1.0928527745109667e-05,-0.00010937874191568473,-0.00013149640679195376,-2.557275022921568e-06
2010-11-01,4.214184923261138e-06,-7.64120078936823e-05,0.00011008959853127452,2.9797880178736703e-06,5.482490743128053e-05,-1.9909472428394905e-06,-0.0001839693963554454,-4.4988659245818685e-05,-2.313284118884698e-06
2010-12-01,4.468847277281026e-06,-7.029546082236264e-05,2.769657438024184e-05,4.157842724475037e-06,4.4264715059369425e-05,7.653201861868217e-06,-0.00015197146751848132,-3.527676221047218e-05,-1.6185427862254448e-06
2011-01-01,4.565074179947746e-06,-5.119408428697603e-05,-8.943330250349527e-07,-4.551382749355969e-06,3.6503299884249465e-05,1.260183752291761e-05,-0.00015100638345599043,9.070211402871669e-05,-2.1000556454083495e-06
2011-02-01,3.8063360732977615e-06,-4.5581652230532844e-05,5.424886917409155e-05,-1.7786861166154284e-06,5.282054588596574e-05,7.337967895666811e-06,-0.00011785783787373466,7.763048167369351e-06,-2.373665173390556e-06
2011-03-01,3.5683216583250817e-06,-4.808018064326233e-05,4.77579489643417e-05,3.752378640468453e-06,3.3599861902845774e-05,1.6894274913642106e-06,-0.00016102626550076724,-4.815449457829185e-05,-1.7480220468670248e-06
2011-04-01,3.3602091953138905e-06,-5.2420617112379294e-05,0.00016004155958097927,1.2526048148761037e-05,3.1878731391044315e-05,-4.09388422135339e-07,-0.0001302134356654358,-3.4381388135830464e-05,-2.5917030950294416e-06
2011-05-01,3.6723208253169195e-06,-6.670159668376128e-05,0.00016478915571874938,1.9353084153145782e-05,5.252938690945024e-05,-3.170621648703559e-05,-0.00010920891941954388,-0.00010829917506159326,-2.333564512702327e-06
2011-06-01,3.6587486160269496e-06,-7.37718091401855e-05,0.00017750865125363077,2.2236625141571953e-05,3.857284365765721e-05,-4.1223284145145043e-05,-1.9613909953283544e-05,-0.0001274715084842638,-2.16493649978029e-06
2011-07-01,3.8129342792684225e-06,-7.838974046916511e-05,0.000203006881490888,2.6565130167407913e-05,5.675376711855213e-05,-4.529761360158903e-05,-4.2446377653290184e-05,-0.00015151837911790678,-1.6876235541161333e-06
2011-08-01,3.893660039546008e-06,-7.65358536246181e-05,0.00016843659588876525,2.194363407946696e-05,6.0042967893196654e-05,-4.57937441255962e-05,-3.0006152479454095e-05,-0.00013919663227905964,-1.9014472322161032e-06
2011-09-01,4.133217997195673e-06,-6.958678223137036e-05,0.00019192915716942445,1.7857960814059355e-05,5.6422336272259776e-05,-3.6533571432985915e-05,-0.00010601846711305666,-0.000151949978766795,-1.6206615237592332e-06
2011-10-01,4.204042768489694e-06,-7.76551053957483e-05,0.00010447522047117808,1.0040941394629741e-05,5.705326703323627e-05,-1.5220959454849268e-05,-0.00013337003701906905,-0.00012144180750714935,-2.325752026480053e-06
2011-11-01,5.004301415212975e-06,-7.526478912802558e-05,0.0001348733761340483,7.167828659451559e-06,7.743560879975077e-05,-1.1167599105739726e-05,-0.0001511587127438333,-0.0001219961168601332,-2.789400223035285e-06
2011-12-01,3.6598495529656255e-06,-6.601565322825885e-05,4.0141484572197154e-05,4.163116178802187e-08,4.000655006537445e-05,1.295805284212608e-05,-0.00016606159473779616,9.053615744927173e-06,-1.1628386313254275e-06
2012-01-01,3.736708674371605e-06,-5.2082051545295003e-05,2.6360604784536983e-05,-4.518812736018898e-06,3.902525554484947e-05,7.275169185167318e-06,-9.605017882965168e-05,3.653626836713379e-05,-1.8227640967040895e-06
2012-02-01,2.5941298416538654e-06,-4.0649089624989975e-05,5.144127756229857e-05,-1.7397709132406506e-06,2.7307395935266718e-05,1.7723694508397582e-05,-0.00014964052261650946,2.9322012347962315e-05,-1.485346833075855e-06
2012-03-01,3.6037496349181763e-06,-4.225724144771348e-05,4.113646989046968e-05,2.042285894023676e-06,2.9661145965596648e-05,1.648910799456935e-05,-0.0001413129554832683,-7.292563571561083e-06,-1.7537947428858915e-06
2012-04-01,3.5815280415127432e-06,-4.320982994002839e-05,0.00014670508297101234,1.1456377297513348e-05,3.60164796898618e-05,-7.4171714428848626e-06,-0.00013696658889394026,-7.809469718193599e-05,-2.962469377305472e-06
2012-05-01,3.3674621336160027e-06,-5.957391515748776e-05,0.00020362645361116658,2.0063527469972462e-05,3.452335667750884e-05,-1.5873204986670425e-05,-5.6603339435935034e-05,-0.00012208829916551315,-2.8568057689842176e-06
2012-06-01,2.638893093624741e-06,-6.735529072141845e-05,0.00015562047837248228,1.8778474248092734e-05,3.9038807390958996e-05,-3.779325067885442e-05,-2.6766601578867796e-05,-0.00010648858383516892,-1.8005047038957422e-06
2012-07-01,3.0061784963897483e-06,-7.831136431500185e-05,0.00020746515033247877,2.6639419938705768e-05,4.479822890450576e-05,-3.323787891269875e-05,-0.00011916251755773808,-0.00015503340165306295,-2.1219952782350667e-06
2012-08-01,2.7941316072542467e-06,-8.309630585142706e-05,0.00018048739541634247,2.4592813364956354e-05,5.8105663627972474e-05,-3.9983577274895366e-05,-5.175820946750381e-05,-0.00014733819523261336,-1.6554002671422593e-06
2012-09-01,4.487080622084828e-06,-7.84259287648856e-05,0.00015432903748016145,1.7637437741001657e-05,7.15198489346653e-05,-3.36685519633942e-05,-0.0001051971429428481,-0.0001321348186588779,-2.4147362150866203e-06
2012-10-01,4.523069777406354e-06,-7.807027731036867e-05,0.0001670029712027306,1.659867964135962e-05,7.028270215390905e-05,-2.695041213172217e-05,-9.675379145374369e-05,-0.00011749255088663356,-2.767184745118475e-06
2012-11-01,4.545532189566006e-06,-7.481313021089566e-05,0.00011441015417407926,5.788861327699659e-06,7.249213794850036e-05,-1.8644183313277884e-05,-0.00015420064493973883,-0.00011283000394090976,-2.78865674908208e-06
2012-12-01,5.155866416012938e-06,-6.78937832323953e-05,9.538589385685669e-05,6.126677609293574e-06,5.788652418181977e-05,5.396427077518268e-07,-0.00011442426545625754,-6.761621297631223e-05,-3.347374081703737e-06
2013-01-01,4.367267520132775e-06,-5.0586813042172995e-05,2.413220009966685e-06,-3.699857340348564e-06,3.1323979396045734e-05,1.563097196336432e-05,-0.00011704960401695456,6.545677588979702e-05,-2.9155392671941786e-06
2013-02-01,4.143071154247738e-06,-4.1359489654706005e-05,4.9266758791167444e-05,-5.346911402935328e-06,2.9038872318926056e-05,1.2295959859564823e-05,-0.00014155624513041026,1.2696177609693583e-05,-3.1454409839294002e-06
2013-03-01,3.897210104202854e-06,-4.2969952111551155e-05,8.233178624546169e-05,-4.110547916161733e-06,4.181314045366883e-05,1.6495861623140932e-05,-0.00017635390258779327,6.13266694870854e-05,-2.3692043336363636e-06
2013-04-01,3.5817775650188325e-06,-5.7607201053975415e-05,0.00014207931574732312,1.2145165186200432e-05,4.9235316567918566e-05,-1.2557958278357121e-05,-8.910993787412294e-05,-7.212613447175268e-05,-2.3261962030167244e-06
2013-05-01,4.135945478117092e-06,-6.454911730101139e-05,0.00018765151420065823,2.1812131854204645e-05,5.1285779451839614e-05,-2.1901703705723317e-05,-7.98665582762493e-05,-0.00014877687993398024,-1.719682666468473e-06
2013-06-01,3.5857802817321346e-06,-7.017175644064183e-05,0.0001801568820942742,1.9232290879963005e-05,4.393647229692022e-05,-3.271910112287674e-05,-0.00012777579254770417,-0.00014509806320649174,-2.282613560272292e-06
2013-07-01,4.063253134088128e-06,-7.173911032536724e-05,0.00021881467802365503,2.2084102752778563e-05,6.031531085846834e-05,-4.509408274105264e-05,-5.952628791440708e-05,-0.0001762370507968873,-2.3543639783188976e-06
2013-08-01,3.241289218778689e-06,-7.006845129805968e-05,0.00015942173326661174,2.7145815483674723e-05,5.534777965085513e-05,-4.1604136686450275e-05,-0.00010828974907110571,-0.00015134761933391198,-1.680842041098209e-06
2013-09-01,3.656225548248299e-06,-6.942673150593545e-05,0.0001390008754627654,1.9126521622503308e-05,5.7657162725038915e-05,-3.205806184956208e-05,-7.873027534399108e-05,-0.0001646445472645933,-1.8208012351230052e-06
2013-10-01,4.321073442775474e-06,-7.419774833121559e-05,0.00013499567959516015,1.5852411690066535e-05,7.869418628965303e-05,-2.538092200757043e-05,-0.00012195737923500603,-0.0001358466248644177,-3.025316373117926e-06
2013-11-01,3.6391830548566014e-06,-7.156190958354755e-05,8.424976736515997e-05,4.18291647857218e-06,4.663869154773699e-05,-7.238566559368013e-06,-0.00015348318654702142,-6.665424715967232e-05,-2.3348252808540623e-06
2013-12-01,4.656133729847801e-06,-6.071948161193077e-05,0.00011205243485658457,1.681381220100861e-06,5.937407151954017e-05,4.5812644981455874e-06,-0.00017592678914517138,-6.511502701739344e-05,-2.7248670014987897e-06
2014-01-01,4.367473133512121e-06,-4.734547171216754e-05,6.524129879442602e-05,-5.946886329276151e-06,4.6553352318320954e-05,1.3640889053735831e-05,-0.00015414446179301956,7.371390090107217e-05,-3.2488090968790212e-06
2014-02-01,3.6576091915408372e-06,-3.993042184231465e-05,2.8211604838050316e-05,-7.652233901687785e-06,3.737358200454547e-05,1.542071224141257e-05,-0.00014519489641527254,5.9097144656699515e-05,-3.481789749339531e-06
2014-03-01,4.078989285617993e-06,-3.966671257987112e-05,0.00011455930102625474,-1.266837444388566e-06,4.082631091190331e-05,6.977282854191866e-06,-0.00015233200136283628,1.4427366303235515e-05,-4.734007633016692e-06
2014-04-01,3.4308631657757464e-06,-5.5946622689387394e-05,0.00012929313007353397,5.569996933919259e-06,4.156969570373964e-05,-5.0733626506792334e-06,-0.00014329571539034366,-7.241897330475616e-05,-3.412847562919442e-06
2014-05-01,3.551831788694171e-06,-6.326868155747358e-05,0.00018250488700944062,1.961697367512711e-05,5.294968603052466e-05,-2.7648193801956664e-05,-4.1294951850556546e-05,-0.00014829515767742814,-2.355877571069968e-06
2014-06-01,3.264545285512645e-06,-7.633852101520491e-05,0.00018799430065683775,2.4089499396828747e-05,5.407984996833206e-05,-3.197131292040321e-05,-3.905756050611979e-05,-0.00016375743972057047,-2.7489639766299643e-06
2014-07-01,2.987869473729157e-06,-7.463650780889656e-05,0.0001773623557410259,2.904582450889049e-05,4.263323250525159e-05,-4.8969816919856534e-05,-4.870089064183168e-05,-0.00014677754726937994,-1.5429374049182869e-06
2014-08-01,3.250629141581421e-06,-6.522920077792847e-05,0.00020467934308589323,2.4381790480167986e-05,5.1765546634496494e-05,-4.3065262359596195e-05,-6.239407255216359e-05,-0.00016176286604142144,-2.786789006814543e-06
2014-09-01,4.0496506156144e-06,-7.269216418296792e-05,0.00015722583364109513,2.159157987671195e-05,5.981437494175893e-05,-4.2230049178816876e-05,-5.061741578570969e-05,-0.00014009138941449337,-2.39873642834533e-06
2014-10-01,4.011011639987496e-06,-6.981396380266159e-05,0.0001533580951154409,1.549635468569527e-05,7.02082376799167e-05,-2.8405389562413218e-05,-0.00013779762968347197,-0.00011714945607454209,-3.1925241327960807e-06
2014-11-01,4.702625511147453e-06,-7.64768134329731e-05,0.00012704706666962265,9.4895643190495e-06,7.334303343523134e-05,-1.663354862568499e-05,-0.00018520777883089727,-0.00013155374686178798,-2.884101368137086e-06
2014-12-01,4.779720008179646e-06,-7.310203412892315e-05,5.016058736816434e-05,-2.164820291909439e-06,5.1648164833165764e-05,1.8450492364259936e-06,-0.00017845224450021422,-5.921142672499968e-05,-3.3933362819562604e-06
2015-01-01,3.4991101284911016e-06,-6.041505673788566e-05,-8.465652627277803e-06,-7.1690958344906375e-06,2.5063147144392743e-05,1.892348002474483e-05,-0.00020404014654314088,8.812425201953013e-05,-2.360735229233586e-06
2015-02-01,3.969045970505852e-06,-4.896760466950836e-05,5.3796147551150664e-05,-7.026372608032611e-06,3.667236138613016e-05,1.954170736235421e-05,-0.0001789345819550649,7.616799510630282e-05,-3.451871010520158e-06
2015-03-01,3.79341762181386e-06,-3.900782953015189e-05,0.00010855631919967198,-1.2262457793113324e-06,4.34133970600189e-05,1.8326191073546254e-05,-0.0001597256063830601,4.0389346906167864e-05,-4.103278804271345e-06
2015-04-01,3.3477240437179886e-06,-5.119508716796076e-05,0.00013347305560964962,6.734261904309769e-06,4.378745255178717e-05,-6.8716638387550715e-06,-0.0001431258929084143,-8.339181538680236e-05,-3.4818295607406464e-06
2015-05-01,3.875422348087364e-06,-6.087052805708998e-05,0.00018352110590471666,2.157392350794399e-05,4.6907765757230185e-05,-2.8049438511391815e-05,-6.787786393622208e-05,-0.00012905819364008726,-3.7445415813524096e-06
2015-06-01,3.6815614826196235e-06,-6.566567121664149e-05,0.00019907368130081708,2.818301276180467e-05,6.24262120152779e-05,-3.625117954660941e-05,-7.019530066742908e-05,-0.00016654917009161407,-3.4311905269752856e-06
2015-07-01,3.027908329820343e-06,-7.219385302865138e-05,0.00019655025019350278,2.9984304344545865e-05,4.9075760318327754e-05,-4.215061056452384e-05,-4.660894460314436e-05,-0.00014726294662856904,-3.3209696064964364e-06
2015-08-01,2.111208958068148e-06,-6.69294157037023e-05,0.0001514460649250107,2.9753110945090742e-05,5.973703970497812e-05,-4.333563050698461e-05,-3.952788792445627e-05,-0.0001304271979313003,-2.246976243926655e-06
2015-09-01,2.3246781692692555e-06,-6.671037762792881e-05,0.00014683694075961007,2.2319854749732752e-05,6.256539242941075e-05,-3.791313477131562e-05,-8.295836888707662e-05,-0.00013571009536855186,-2.114461780097172e-06
2015-10-01,3.935784449564126e-06,-7.108756329859683e-05,0.0001814525790446393,1.4954236002284282e-05,7.680765316438556e-05,-3.701666186673434e-05,-7.958521097831974e-05,-0.0001414564801520448,-3.7763426135926114e-06
2015-11-01,4.242877156571558e-06,-7.44396023983596e-05,8.1991627780836e-05,6.346395214447705e-06,6.155353714646419e-05,-1.838680572837172e-05,-0.00012114457635796554,-0.00010242483742921554,-3.56939007102792e-06
2015-12-01,4.065024070001739e-06,-6.585949784034141e-05,7.15459962923955e-05,-1.0307765274179407e-06,6.550285819391513e-05,-3.7025228187701216e-06,-0.00018230773986382175,-3.036542973718409e-05,-3.6449851567777293e-06
2016-01-01,3.693811077042274e-06,-4.9587159542886285e-05,1.8419877489301362e-05,-4.904247402388564e-06,3.341861184993268e-05,9.122599970746002e-06,-0.00011642118229641901,-1.9913405638326894e-05,-2.8656069881626245e-06
2016-02-01,4.517296919086975e-06,-4.100501374863489e-05,6.552313123761655e-06,-2.8376398317534806e-06,3.7819689231506454e-05,2.3611531178695933e-05,-0.00020077056251466274,9.976399293968889e-05,-3.184594539576164e-06
2016-03-01,4.0385022696274405e-06,-4.025190212033978e-05,5.229373547753008e-05,-4.869284689895276e-06,4.5551156824468916e-05,1.352798880639886e-05,-0.0001462637845879804,4.200959018322644e-05,-3.2038861483984177e-06
2016-04-01,4.27069012539782e-06,-4.90059024750569e-05,0.00018771645941186775,7.556382973269563e-06,5.050850029903364e-05,-8.561587684273238e-06,-8.016411703260541e-05,-7.676299749694016e-05,-4.242168611365584e-06
2016-05-01,3.5216926133500388e-06,-5.842614863082519e-05,0.0001619778208355509,2.002765955196639e-05,5.874127237349062e-05,-2.3893849664599684e-05,-1.3838246752768106e-05,-0.0001379952671420104,-2.0065677474346884e-06
2016-06-01,4.079052903372662e-06,-6.172519880210074e-05,0.0001455215726309189,1.8740590808254638e-05,4.7539134148637945e-05,-2.514974885859151e-05,-7.669836814709379e-05,-0.00013759537303983601,-2.3421882838808602e-06
2016-07-01,3.751930747326493e-06,-6.721183807296837e-05,0.0001805910735913055,2.5997377325702972e-05,5.5629479457309e-05,-3.2296038432028824e-05,-1.4759214988078879e-05,-0.00016035298285448907,-1.9625717800627954e-06
2016-08-01,3.954355325246134e-06,-7.157491566924554e-05,0.0001837579117337776,2.534293530570251e-05,5.6275097455258035e-05,-3.255498022234614e-05,-7.038084919961113e-05,-0.00014536705235886202,-2.0613372206463204e-06
2016-09-01,3.3560087311699992e-06,-7.10010747842617e-05,0.000131521239720449,1.5014712229730743e-05,4.75805003619474e-05,-1.352896602538758e-05,-0.00010359225635191454,-0.00017136420833456438,-1.397266442423262e-06
2016-10-01,4.050485193702702e-06,-7.259401679362862e-05,0.00015644393275495545,1.638882684067674e-05,7.092811659811254e-05,-2.674898164099796e-05,-0.00011234145458736691,-0.00015550578161601132,-1.6071325611922355e-06
2016-11-01,4.352627831343698e-06,-6.465085088922072e-05,9.523993845044298e-05,8.027412080591497e-06,6.663068570376267e-05,-1.7279410815778915e-05,-0.00014568212043936308,-8.787924567051582e-05,-1.9496719401058347e-06
2016-12-01,4.270565945544225e-06,-6.188835909343229e-05,9.62820867167157e-05,7.609501874870464e-07,5.7756866114077696e-05,-3.3079608714812337e-07,-0.0001337337693865154,-5.561708209408096e-05,-2.3949696287949073e-06
2017-01-01,4.108715011483082e-06,-4.373284193311121e-05,1.5696739406746538e-05,-2.726329685120332e-06,4.6777617307059964e-05,7.859397923017193e-06,-0.00022734515368938443,8.778883423060768e-06,-1.8917282642080716e-06
2017-02-01,3.46998535756867e-06,-2.80582539161098e-05,4.755337542610792e-05,-3.814767778865629e-06,3.393997856213611e-05,1.3294521338300841e-05,-0.00015012299752503906,9.048130458471444e-05,-2.0625188387589556e-06
2017-03-01,4.009620723367011e-06,-3.135140119375371e-05,1.875621114756295e-05,-2.041175196041144e-06,3.145223232160673e-05,1.1000172097759449e-05,-0.00012712702743753767,5.5559977613698905e-06,-2.1468304466672024e-06
2017-04-01,3.918204874547763e-06,-4.6806059032187205e-05,0.00018595588785562183,7.875239195526062e-06,3.521283423412868e-05,-1.6168605591565257e-06,-0.00010823456247421734,-6.386768295679954e-05,-3.1453938909701217e-06
2017-05-01,3.90288306803083e-06,-5.604426375298264e-05,0.00019857507396759457,1.8408666211988016e-05,5.564194881185888e-05,-3.575134170389726e-05,-4.205192452005819e-05,-0.00012257413403095183,-2.8714110732287086e-06
2017-06-01,2.612699710335312e-06,-7.078473634997125e-05,0.00022404948852169205,2.5184387003400658e-05,5.070955594009028e-05,-3.92721208639242e-05,-4.0390549657834437e-05,-0.00016893375552792214,-2.437528650064792e-06
2017-07-01,3.6360950914522244e-06,-7.538940733373245e-05,0.00020048156971113002,2.5033937387301772e-05,5.4960532197943595e-05,-4.1792989381492175e-05,-8.721771653952894e-05,-0.00018435821394823993,-1.6074290528250573e-06
2017-08-01,3.422279739621721e-06,-7.843694419888635e-05,0.00017078562886777547,2.8414391972324843e-05,6.133624508519031e-05,-4.12928992069992e-05,-4.415814838910686e-05,-0.00015838901835593918,-1.92465175719096e-06
2017-09-01,3.96812895755279e-06,-7.625177355216414e-05,0.00018166173315708724,2.2253382092327835e-05,6.347851729561503e-05,-3.475349473269025e-05,-0.00010843429059973058,-0.0001769047234461323,-1.847906825400114e-06
2017-10-01,4.7504330266693115e-06,-7.124927827727395e-05,0.00012298705701199386,1.526873665624017e-05,6.357113336868174e-05,-1.7238409579909288e-05,-0.00010445788519178521,-0.00013290098597510216,-3.115732037712652e-06
2017-11-01,4.496649962773885e-06,-6.797550991217978e-05,0.00013230165050183846,3.151091924329896e-06,6.844360801612091e-05,-8.433776794186826e-06,-0.00015834816487572058,-9.079012642086799e-05,-2.9191723570762697e-06
2017-12-01,4.017382829089288e-06,-6.232786202274828e-05,9.920125297359921e-05,-1.6860809539621084e-06,4.831816592866225e-05,1.985948850591398e-06,-0.00018490292701782145,-1.5183952362947893e-05,-2.511240163243371e-06
2018-01-01,4.25454641445146e-06,-5.500756045864191e-05,6.949234641618865e-05,-3.810254883561445e-07,4.151616383929334e-05,1.0630829116560168e-05,-0.00017156417183813357,1.6024281458351252e-05,-1.5120858851550138e-06
2018-02-01,4.546868945089851e-06,-3.876526769407897e-05,1.2030994327650766e-06,-7.65927652313539e-06,2.649630057875652e-05,1.4740778376267676e-05,-0.0001610062667614563,6.218204269899051e-05,-3.1413555700412358e-06
2018-03-01,3.5773986729449547e-06,-4.689920128766198e-05,6.727322327961945e-05,-1.1543867793953945e-06,4.206276044401997e-05,1.998647250397707e-05,-0.00015654241522135748,3.094361700728568e-05,-2.928833695938229e-06
2018-04-01,3.7874520572896067e-06,-4.439387700272465e-05,0.00014453284878817468,7.408066318903292e-06,4.147778059265393e-05,-7.569712199429815e-06,-0.00011190389982036945,-3.382063822458759e-05,-2.904262853102635e-06
2018-05-01,3.237222002019977e-06,-5.799843646706684e-05,0.00022391771145444423,2.3153922576924578e-05,5.3378035879727184e-05,-2.8993096984034778e-05,-5.9617944687204475e-05,-0.00014456768537287064,-2.6183215093646354e-06
2018-06-01,3.2516241566048475e-06,-6.85965565997169e-05,0.00019983169033368164,2.389885802980026e-05,4.862675372534593e-05,-4.0768921197812794e-05,-8.092152679826876e-05,-0.0001478408919993102,-2.315176301576023e-06
2018-07-01,3.893452544288398e-06,-7.032544225534662e-05,0.00017874148544728749,2.426309768078189e-05,6.244181641041239e-05,-4.372462826919099e-05,-3.7281616808736856e-05,-0.00015713987145043383,-1.9871074089701523e-06
2018-08-01,3.195731175608996e-06,-7.374738972965486e-05,0.00016218341281288656,2.4476992306986886e-05,4.7606599293330616e-05,-3.5748430001723265e-05,-0.00010140574036659978,-0.0001373085921895933,-1.631899171721488e-06
2018-09-01,4.055464067678199e-06,-7.079139389737654e-05,0.00018241157371161348,1.9071166094868827e-05,5.977996688198908e-05,-3.6183303064217225e-05,-9.82477574414821e-05,-0.00012595692383714322,-3.150087588940647e-06
2018-10-01,3.9828036243888676e-06,-6.909445070957734e-05,0.00010613348343654078,9.071978090963404e-06,6.776811940375054e-05,-1.9607217932752384e-05,-0.00011034197853578421,-0.00011413155804592544,-2.964363639168295e-06
2018-11-01,3.43173302795542e-06,-6.895202592760591e-05,7.931623384000073e-05,7.763084018095935e-06,4.6673241192652925e-05,-5.307241566794152e-06,-0.0001354351401569897,-0.00010223364399831984,-2.4527061916579662e-06
2018-12-01,4.182082366764159e-06,-6.439215859255177e-05,3.1255147755304057e-05,-7.778123756015632e-06,3.6159124147478644e-05,1.2386951989779178e-05,-0.0001429886939103118,2.8903730739439388e-05,-2.9806772490269022e-06
2019-01-01,4.88941218198375e-06,-4.56306827589244e-05,3.946294563726393e-05,-1.0326143727235545e-05,5.462054413164867e-05,1.9202897314658453e-05,-0.00018694228879585442,6.306882775553583e-05,-3.852697516996474e-06
2019-02-01,3.6460372644910953e-06,-2.8742074529846423e-05,-7.196056985805794e-06,-8.332775073133039e-06,3.706109240217862e-05,2.370458826981581e-05,-0.00014875238375065516,0.00012432172404863064,-3.1744395314957866e-06
2019-03-01,3.7316505902665154e-06,-3.505338879778415e-05,8.547047921588208e-05,-1.4239486803280078e-06,4.3343868023651466e-05,1.742378801699289e-05,-0.00016507859283433558,-2.365552110130586e-05,-2.7801464544125597e-06
2019-04-01,3.683439416529478e-06,-5.107067740352188e-05,0.00018583619503381585,1.0904964219916944e-05,4.530985790298594e-05,-1.621080296834963e-05,-0.00012500337585746586,-6.8513113109036e-05,-3.1119724960575366e-06
2019-05-01,4.405592034051933e-06,-5.9448335777370864e-05,0.00019869777329018564,1.7467770681665004e-05,5.4114362927462325e-05,-2.033628855608542e-05,-5.252250929067911e-05,-0.00010554320584024948,-4.061444388609826e-06
2019-06-01,3.848051808091285e-06,-6.97951604042164e-05,0.00021936710933687656,2.588420885561456e-05,4.767411671115164e-05,-3.968787444218891e-05,-1.1183837197297264e-05,-0.0001595657828142416,-2.9061686355763907e-06
2019-07-01,3.67120640331828e-06,-7.402303452369053e-05,0.00019658543426726688,2.9218500335662272e-05,5.508916009037631e-05,-4.019018651455656e-05,-3.9572094346429615e-05,-0.0001364583732224061,-2.6592316007073997e-06
2019-08-01,3.629872676718916e-06,-6.872163891196207e-05,0.00020040541184609658,2.6090879884649647e-05,6.130926128351894e-05,-3.851989348780717e-05,-8.759325951698898e-05,-0.00013752934884851212,-2.4387526949859196e-06
2019-09-01,3.600155913054081e-06,-7.600659908021712e-05,0.0001847800255223565,2.267732553428113e-05,6.787847499929097e-05,-4.344277087842744e-05,-8.725765425166545e-05,-0.00013788963097158003,-2.530177453955463e-06
2019-10-01,3.653020553750483e-06,-7.26694529327227e-05,0.00014623477372563822,1.5629027868886343e-05,7.268208852084733e-05,-2.898099074285456e-05,-0.00010249808159459323,-0.00014068305126824362,-2.611472433271508e-06
2019-11-01,4.015620281858428e-06,-6.680255984147413e-05,0.00011075932303232055,1.0731670429151446e-05,6.911979094301548e-05,-1.4670008280181608e-05,-0.00017600550544354614,-9.32491953120004e-05,-2.984617514771321e-06
2019-12-01,4.922023119890501e-06,-6.261111874376065e-05,7.274709136288084e-05,2.839791193517006e-06,4.942482961597948e-05,-1.6774628113532211e-06,-0.00023415405303239822,-7.164707404257199e-05,-3.6194986632207005e-06
2020-01-01,4.769009261321151e-06,-4.705431925311807e-05,3.177474262173944e-05,-7.22077814907314e-06,4.319185814518242e-05,5.60922990503569e-06,-0.00018880681430842881,1.8911480749658042e-05,-3.1800578807415968e-06
2020-02-01,4.677485872625784e-06,-4.0295510547282144e-05,-1.732809692295504e-05,-7.89941390179536e-06,3.737037298738218e-05,2.2049046701674143e-05,-0.00018464089387322982,9.672380027466251e-05,-3.514467559123507e-06
2020-03-01,3.2301795354186376e-06,-4.029122354543067e-05,0.00011058138089212633,1.3252660349347903e-06,3.798178382806607e-05,1.5294711093564338e-05,-0.00015260260765837875,1.910405631694554e-05,-1.906381496730456e-06
2020-04-01,3.431232443370173e-06,-4.789112258501812e-05,0.00014086683643329932,1.0306190688033647e-05,4.5988468615561314e-05,-7.48432248922049e-06,-0.00013079833730509198,-6.800691202851253e-05,-2.694634847769807e-06
2020-05-01,3.4241011577398823e-06,-6.0038108590696524e-05,0.00019021334302231677,2.0242980969860102e-05,3.6362458352961083e-05,-1.988099449931373e-05,-0.00011940100781256645,-0.00013567167819155117,-1.6917759825666303e-06
2020-06-01,3.9285408192101545e-06,-7.227661716794907e-05,0.00021885601107111887,2.3724034532705168e-05,4.808948924819746e-05,-3.87307029071996e-05,-4.36658221042083e-06,-0.00014985938835293641,-2.9546869800632052e-06
2020-07-01,3.5990280626720145e-06,-7.164305903297151e-05,0.00020744296112412087,2.4919537731520454e-05,5.040449117715576e-05,-4.086973364451721e-05,-2.0943801451618313e-05,-0.00016227461727255302,-2.6912086820353044e-06
2020-08-01,3.2095580281527916e-06,-7.569228187567366e-05,0.00015440214773407792,2.2103619375214564e-05,5.126666568520517e-05,-3.36339814939206e-05,-6.245366148611991e-05,-0.00012789791345492514,-1.654435307150192e-06
2020-09-01,5.16583350215252e-06,-7.586302421948855e-05,0.00021101936451660303,1.8342565326793555e-05,7.665118240480903e-05,-3.9983132386414114e-05,-0.00010503251242474805,-0.0001685588689479145,-2.676421692410416e-06
2020-10-01,5.1053007591912625e-06,-7.08992365586391e-05,0.00013945199553077892,7.188049372829514e-06,6.991535381905394e-05,-2.021992869000799e-05,-0.00016229426784064357,-0.00012652630380220395,-3.1364444951118336e-06
2020-11-01,4.649687895162133e-06,-7.18412197143178e-05,0.00013510528986914678,5.8292709784566115e-06,6.204068792589517e-05,-1.2720843454058401e-05,-0.00017306277915427114,-9.57770948540937e-05,-2.5110613493166775e-06
2020-12-01,4.631138599020426e-06,-6.296680552481882e-05,5.6227909553633876e-05,3.145044611762712e-06,4.4680515854068885e-05,1.8623193588940137e-06,-0.00020337181537715283,-6.9486668575205776e-06,-2.346778046847516e-06
2021-01-01,3.8983876763640315e-06,-4.896263619554344e-05,2.8426475059511926e-05,-2.901993561408093e-06,3.7980192443594554e-05,1.1935585120803438e-05,-0.00017879163094258068,5.7198124829322e-05,-1.6500467043847362e-06
2021-02-01,2.9551361582154284e-06,-3.7873867450451145e-05,9.749534491005001e-06,-6.277144724498922e-06,2.926602532953387e-05,1.3255693311697418e-05,-0.00012713403086022718,9.926229407824529e-05,-1.5739064344657295e-06
2021-03-01,3.0181231890586758e-06,-3.327991952733127e-05,7.864938188209117e-05,3.7247758594021968e-06,3.7549671645172824e-05,8.732152076678179e-06,-0.0001248696354743184,-8.24895173477736e-06,-1.7772268689536153e-06
2021-04-01,3.5717258760996084e-06,-4.970013713473112e-05,0.00012200996070309962,1.4486558534212287e-05,4.386069588595637e-05,-1.6874958158490399e-06,-0.00011211296528500041,-2.9873063397157888e-05,-2.672646864952615e-06
2021-05-01,3.723221082732959e-06,-6.192681343529799e-05,0.00019492003503716925,1.994382825470337e-05,5.288600669039017e-05,-3.199723469792656e-05,-7.510479336720927e-05,-0.00012994723963165197,-1.7418125724188596e-06
2021-06-01,3.557849333242619e-06,-6.87903094044056e-05,0.00016861156345432098,1.842453051050694e-05,4.2759844980792843e-05,-2.7463088082312722e-05,-5.170027922583177e-05,-0.0001518695254956121,-1.862920012555273e-06
2021-07-01,3.883646140608833e-06,-7.427713283511409e-05,0.00016108374520574646,2.0628946226578844e-05,4.870859009979153e-05,-2.2675598150834923e-05,-0.000100583562823923,-0.0001659960684661001,-1.2817565447766863e-06
2021-08-01,3.830317473675889e-06,-7.651646793462075e-05,0.00020712357047573092,2.3960070447519916e-05,5.326823910762132e-05,-3.34537712027069e-05,-5.2754692344461035e-05,-0.00016406873956893348,-1.7701771549644244e-06
2021-09-01,4.337822176570014e-06,-7.722805898373238e-05,0.00021260306160041087,1.8875499043831597e-05,7.12185424139195e-05,-3.6166224623396075e-05,-9.269274989516464e-05,-0.00017815206888701865,-1.8718449402070345e-06
2021-10-01,4.736063886762794e-06,-7.400277840426463e-05,7.365388366432301e-05,9.763979186130312e-06,5.7877521469483664e-05,-1.3780754123274118e-05,-0.00015544761591456714,-0.00010316773923761277,-2.257934900234103e-06
2021-11-01,4.285624103663147e-06,-7.261371763069068e-05,9.68423295436863e-05,4.4891381501431685e-06,5.722958169148095e-05,-3.7617447493525693e-06,-0.00016654488185161614,-8.948629688687402e-05,-1.8467507750053694e-06
2021-12-01,4.310333690916678e-06,-6.72259775619924e-05,6.514079414096377e-05,-3.1535957388998448e-06,5.680158295810591e-05,8.730344833434832e-06,-0.00014158467622373645,2.922160626372416e-05,-2.4181711529892442e-06
2022-01-01,4.041388127441472e-06,-4.905519914466535e-05,5.457128332555627e-06,-7.887114514013502e-06,3.4444702294596925e-05,1.5909512686488474e-05,-0.00013348105486337872,0.00010821699333817678,-2.210491296973695e-06
2022-02-01,3.875141116172741e-06,-3.735455322777631e-05,5.387722974894627e-05,-3.604757450019741e-06,2.8003838871401436e-05,8.791604358841962e-06,-0.0001309412658123253,7.74269353038677e-05,-1.5246791957741244e-06
2022-03-01,2.914180668650436e-06,-3.1211304901177483e-05,4.697681826562268e-05,2.1641418959596784e-06,8.023688234245848e-06,1.3045837748785202e-05,-0.00016649831252707313,2.2434641296904993e-05,-1.4557399579859583e-06
2022-04-01,4.058994291362161e-06,-5.648180099925256e-05,0.0001297504971233389,8.621857034402282e-06,4.7322693876728934e-05,-4.906341801549208e-06,-0.00012748715270289267,-3.71097361630996e-05,-2.3547455618520568e-06
2022-05-01,3.4545655860648304e-06,-6.572699041834619e-05,0.00011502753536277079,1.4453617925565878e-05,4.0809650442106184e-05,-1.5046676096193653e-05,-9.749419769383725e-05,-6.854450987959918e-05,-1.8940505505431925e-06
2022-06-01,3.3740727249320164e-06,-7.245597009951143e-05,0.0002122037718238453,2.5019801884471763e-05,4.9684426691162994e-05,-2.1664243259156814e-05,2.823562455001773e-06,-0.0001470396210282331,-1.8544654850267546e-06
2022-07-01,4.061206520907639e-06,-7.58057750917124e-05,0.00019661337441814817,1.9989241596122453e-05,5.318127898208753e-05,-3.3031137811953834e-05,-2.3965350981955473e-05,-0.00013314502123508548,-2.287746262740114e-06
2022-08-01,4.461191566643025e-06,-7.213754626544234e-05,0.00019469876421043098,1.7763151315551376e-05,6.12151374258048e-05,-3.032419671218471e-05,-0.00010001835727380726,-0.0001427688680546925,-2.098373840903097e-06
2022-09-01,4.316533830225561e-06,-8.101132815821611e-05,0.00015952463953722662,1.3547089907395072e-05,5.422825818270348e-05,-1.8173959446388112e-05,-0.0001040038724000757,-0.0001402759674168893,-1.8523558327103211e-06
2022-10-01,4.565458881563379e-06,-7.432874744201987e-05,9.298216639962715e-05,7.322041352429832e-06,5.3174870188487886e-05,-9.36916943463125e-06,-0.00012417370483321067,-9.092981983880688e-05,-1.534911870344512e-06
2022-11-01,3.91210326467304e-06,-6.767968645161082e-05,8.236194079845302e-05,8.600746196276541e-06,4.945195233817942e-05,1.1023784982677682e-06,-0.00011410832545549744,-3.8270224391042474e-05,-1.5942497557830795e-06
2022-12-01,3.900082645440079e-06,-5.5862610915392135e-05,6.50679310446647e-05,4.2630515026149463e-07,3.2478405025073806e-05,6.899581673621277e-06,-0.00016463840546814782,9.675627638473628e-07,-1.237302809049472e-06
