,w_cluster1,w_cluster2,w_cluster3,w_cluster4,w_cluster5,w_cluster6,w_cluster7,w_cluster8,w_cluster9
1980-01-01,-0.04156698269684189,0.028335492326755918,0.03937990157950899,0.027062885499278155,-0.03702195831299293,0.032153312809189094,0.030971606469388346,-0.28045346431194595,-0.005115887138372854
1980-02-01,-0.058019970966375345,0.3687123684332084,0.8740281794295416,0.016154826978040604,-0.0793361353266272,0.0241995201374533,0.02829004208291741,-0.2822260238216471,-0.07706362313470272
1980-03-01,0.03174426061464264,0.14077939558318042,0.6162343963776257,-0.001888919825840052,-0.061701440717293,0.03628928499849171,0.011882504057222465,-0.20996013611844788,-0.07065513875347562
1980-04-01,-0.02247788028467601,0.09896517125176951,1.9042034062727589,-0.31026882426999547,-0.09792528505656961,0.02292691330997554,0.025108525014223115,-0.5461555897917593,-0.024977643695793028
1980-05-01,0.01997264746047367,0.255541261275368,2.3850669860839844,-0.24150260534236,-0.04938442463706216,0.026562932817054796,0.027381037206147596,-0.3505377403108977,0.00347420894710182
1980-06-01,-0.0075702003056512535,0.2472693168967628,1.8650252960839802,-0.19296174492285256,-0.044293997327151335,0.02747193769382461,0.02601752989099293,-0.174736197143618,0.028108241107563492
1980-07-01,-0.03797641343360114,0.42016204445837924,1.785805521073492,-0.18732591468687965,-0.06342854998315561,0.022381510383913672,0.015200371857432282,-0.19032563078022002,-0.010024513472929764
1980-08-01,-0.014614988100617232,0.1790485008951892,1.6026410384043768,-0.10201580700203372,-0.07310945192075402,0.029153596715848717,0.02683563428008573,-0.2207318439081699,0.017927386487741614
1980-09-01,-0.03356773978126759,0.1454153204547065,0.8357590741175329,-0.11960505136752941,-0.06979158412054431,0.03488032743949854,0.021517955750982365,-0.18828036980748808,-0.017887405656988542
1980-10-01,-0.009615461278383308,-0.2246405648782802,0.8086707287897928,-0.18582605664020957,-0.056065610481320305,0.021018003068759006,0.018881841608349936,-0.22945829072516,-0.053611297314041795
1980-11-01,-0.030113521249542363,0.1157363112281724,1.0950072649722806,-0.10878789333396888,-0.05470210316616553,0.0225633113592677,0.019381794290573295,-0.24032089900255926,-0.030431672956411804
1980-12-01,0.00047449285376144346,0.31194501387893425,0.7818096346812452,-0.013933234443039955,-0.04533935293543656,0.01751833429319527,0.020836202093405087,-0.44730130944304325,-0.053429496338687876
1981-01-01,0.02546472167924363,0.33299344792158725,0.6037151020782494,-0.06111904538582036,-0.06281073532847703,0.0233116617522261,0.01680121863957773,-0.19435244420293163,-0.07296087498441683
1981-02-01,0.0028063291139633906,0.06903855353555166,0.28372938625816135,0.013725418743838258,-0.026875139879921628,0.027361464948282954,-0.01580226025525988,-0.1733344782487125,-0.06040135874348107
1981-03-01,-0.007138757215593872,0.2602507803873506,0.6208370548311988,-0.038255599494157355,-0.05522376225231973,0.017467641950321244,0.010957198837672877,-0.25817529203952394,-0.07583162155377376
1981-04-01,-0.0021149507192196326,0.32720069145127806,0.8466007671784702,-0.12909422308166074,-0.09397884093863618,0.03325674808178347,0.016237321992025433,-0.2274172930821301,-0.028823146480556616
1981-05-01,0.003216435766728698,0.28055105969923055,2.655940055847168,-0.3710571482131597,-0.01595605025004687,0.029975894859661456,0.02044091518286928,-0.35480667209733663,0.0050619157041723595
1981-06-01,-0.0014997907400716715,0.3447327508569926,1.4382308771239423,-0.09869506744543655,-0.0753702515694128,0.02761778160626116,0.019466911882551785,-0.4657917850019331,0.0075738189523595345
1981-07-01,0.013212785427881735,0.21985527508997327,1.6196005443093753,-0.15744284545405884,-0.040664976079153314,0.02623367165317847,0.0215174451463781,-0.514440686686211,0.01572468867606891
1981-08-01,-0.03343684632416566,-0.12596715985432572,0.9691713930236849,-0.21644694012065968,-0.04855952914488437,0.023773031736586958,0.027822834932643814,-0.26755648172152924,-0.014930783618133714
1981-09-01,-0.031540103055126334,0.05535124399951141,1.2745470593390111,-0.10505172056329792,-0.10638456718478495,0.040023507852410045,0.033615591402953005,-0.597436020539579,-0.021800070051951725
1981-10-01,0.020953548498825914,0.02577230166881761,0.9464104737952135,-0.16405581522989854,-0.08731460783120082,0.029001891559343962,0.023260398420630435,-0.3866412010182394,-0.031540103055126334
1981-11-01,0.020492178514464943,0.22703214151336515,0.8889442790764825,-0.1404746826958967,-0.05460860227317199,0.0333592747449748,0.017467641950321244,-0.5505813354611491,-0.038614442815327
1981-12-01,-0.00893297382144187,0.2127809353297726,0.9074503417825145,-0.031693893049913324,-0.047534262512971326,0.0215174451463781,0.006394762325659387,-0.216549466783851,-0.04071623941074898
1982-01-01,0.03045171469874297,0.14526476372607677,0.5026158596415614,-0.006218219988349705,-0.048311173185505374,0.02750779036470874,0.02198147626397795,-0.42389394085386845,-0.06809227879840185
1982-02-01,-0.004617138332997817,0.2223232743643052,0.44409890752821496,-0.019078521026499096,-0.07108785092776992,0.027094608002037335,0.01516396727989866,-0.4243587710118739,-0.08921622708998056
1982-03-01,-0.00322264785898152,0.1215584256678014,0.5351023229066054,-0.010969817159071527,-0.0661296625757124,0.03205279635409486,0.010670609085846494,-0.14783647479399487,-0.02532790426190501
1982-04-01,0.03153631840075555,0.24396370060922334,0.5714623708216946,-0.0511518019288717,-0.024294948355226387,0.028747337452723176,0.01872766515794011,-0.3356795064235103,-0.023933413787888824
1982-05-01,0.0005992889957294745,0.10224215021291028,1.61753681751518,-0.24281677041309835,-0.049344129092184,0.029418758792064348,0.020741929175963514,-0.22520487220422702,0.02182653287797609
1982-06-01,-0.04237167672210307,-0.24684529844914516,2.451648712158203,-0.299577697485091,-0.06375386399035143,0.014285954759221786,0.023169375556658323,-0.24266182702709638,0.009534357588499964
1982-07-01,-0.07346364951313089,-0.3611935173184735,2.2313192172636436,-0.3766878559186535,-0.022848810085876248,0.016093627595909488,0.029418758792064348,-0.10987534522355391,0.013304646647877116
1982-08-01,0.02735284697870699,-0.018871929845163393,1.661024261186352,-0.26848572469406307,-0.049447424682851904,0.045326279754915766,0.017694709251261487,-0.17453838498163843,0.0034915655344297525
1982-09-01,-0.014533515037112976,-0.14628704093397682,1.2990248636908133,-0.3299466011414438,-0.01995653354717597,0.03535825525546665,0.02879898524805713,-0.09190191244734502,-0.009472031094387545
1982-10-01,-0.0360706456913632,0.06836119647384997,1.4743691288495169,-0.18502288743442685,-0.012261012042419916,0.016816696730584613,0.027766029341378395,-0.1936997170505277,-0.014481867241779023
1982-11-01,0.013717829010548521,0.1552327882255259,1.451075973153913,-0.14985073881201827,-0.03457285962667911,0.02244630642198331,0.025493526346685336,-0.1286751427251056,-0.05171992767754496
1982-12-01,-0.018613690868493737,0.12496718015984098,0.40086970283371276,-0.010659930387067917,-0.064115398557689,0.03401541257678431,-0.0014666228176278828,-0.2529397382985492,-0.07563285691715604
1983-01-01,-0.008574222624479266,0.2156122187355303,0.5386844013498119,-0.035550349038798335,-0.06757698351879965,0.02938475466283147,-0.0036038813534903236,-0.14754336122543638,-0.039678938965506894
1983-02-01,0.01848207058453316,0.22515206730404136,0.37811031157899155,-0.0014794612941160246,-0.010458142299773487,0.03728118394012847,-0.038716937429186415,-0.2568507857898466,-0.05964047084415608
1983-03-01,-0.00737172070407871,0.1766912399118991,0.8719377668901516,-0.13006699998228172,-0.05334737746072643,0.02922442107344475,-0.07952183592811185,-0.2840674125882457,-0.05162379137481904
1983-04-01,0.00016395799709806314,0.11436155703780382,1.2708477372843614,-0.14594002533156897,-0.031020925138622923,0.0247751639679627,-0.0555519643147942,-0.4565462713710315,0.004011964142379865
1983-05-01,0.02409374621306909,0.008942222016022128,1.429337490393154,-0.19624468900165876,-0.050140705672991726,0.02517599794142955,-0.03951860537612012,-0.4202707967722816,0.0034507965795262385
1983-06-01,-0.016991736067283103,0.07239424001582456,1.5487058476915823,-0.24366334806278717,-0.06288722602923752,0.022931327690015213,0.017560152445559418,-0.4372661572472761,0.017680402637599457
1983-07-01,0.024454496789189206,-0.0385566038397997,1.772491455078125,-0.17616290693096953,-0.02420674758968644,0.02204949294838815,0.02677933383529696,-0.2263072370116725,0.02517599794142955
1983-08-01,-0.002481546227783127,-0.18438000338703991,1.0977275441440286,-0.23183874584551506,-0.036191683396345264,0.023773079034295597,0.022289993332468228,-0.360265950944294,0.011788143227636771
1983-09-01,-0.038155769866332845,0.2174961384108245,1.4266919861682728,-0.10172803805817537,-0.05206470874563257,0.021608575577574618,0.027821502166310796,-0.2905609229584087,0.002689212029939214
1983-10-01,0.003009879208712707,0.23713700311070018,1.0925968692836527,-0.1247359081351726,-0.07928133554403166,0.024053662815722354,0.01451381424721132,-0.574992710530486,-0.008534139227132587
1983-11-01,-0.013263980114041396,0.17921649394474026,0.3464043442777637,0.0005247085732182355,-0.0874182652054088,0.021768909166961337,0.020406073657174062,-0.2863521662370067,-0.02071949202052481
1983-12-01,-0.00949614076345301,0.07235415661847788,0.34989159984692525,-0.026331167649060738,-0.031141175330662962,0.03744151752951519,0.0245747469812293,-0.46035419411896666,-0.03835618685306624
1984-01-01,0.023125333638884138,0.22972560998872588,0.6199705764273158,-0.0019871533447283207,-0.00856056507050007,0.025590363036048558,0.024049719662820768,-0.5990891700286979,-0.08374396168401443
1984-02-01,0.029287907131795077,0.261154734802572,0.7309996088579293,-0.014928557679841359,-0.04558736080707371,0.020146756450643788,0.009567671954479828,-0.43008059198561344,-0.053290577673212436
1984-03-01,0.004688967939258659,0.1614237537756288,0.5771406906515842,-0.06587249855457245,-0.03706246747521347,0.018092565286340068,0.0067431591035622684,-0.353767390231732,-0.05036335526407976
1984-04-01,0.008437866814112849,0.23727476251754187,0.6924321697481278,-0.055036640162870576,-0.03423795462429591,0.034782868496307406,-0.01975590691595508,-0.5397744001594295,-0.03228647301820742
1984-05-01,0.03257461299468101,0.05316787941682527,1.8563882382216956,-0.2736025800447812,-0.06659146546207872,0.023125333638884138,0.018400693960985648,-0.3192569786714303,0.002994260228708079
1984-06-01,-0.02078300249810683,-0.09478523919214665,1.8311216869007607,-0.25665550293927597,-0.058271991246648835,0.03509099717095299,0.015062633318992158,-0.1928215125085394,0.010800186653062038
1984-07-01,0.017938500949017278,-0.3163811110414052,1.7696500163089732,-0.295531070723723,-0.04979845269389627,0.027952682874997747,0.020044046892428558,-0.2254831520209677,0.015370761993637738
1984-08-01,-0.0461522633772572,0.06128193451582481,1.0426717632619038,-0.0869793127677927,-0.0696727522085343,0.03211241998271264,0.027079651630168677,-0.4558606910976245,0.005356580067657379
1984-09-01,0.023176688417991698,6.703781957539956e-05,1.7159842721415397,-0.22835901965099292,-0.04450891044581429,0.025333589140510537,0.020917078137257628,-0.4814353710932052,-0.01020391800194298
1984-10-01,-0.01677732972771473,0.37351899148998285,2.2263994216918945,-0.18938074230833069,-0.093604079272672,0.030520421830377287,0.025025460465864957,-0.2705726480774333,-0.053085158556782086
1984-11-01,-0.02545628739689776,0.055016651464698585,1.0675788311290857,-0.19235931949657104,-0.055550187953946506,0.024922750907649838,0.01655192191311239,-0.21310665025603814,-0.050260645705864526
1984-12-01,-0.01908829478755636,0.3621182305280975,0.6837018572998372,-0.048103744983345686,-0.04081136635006766,0.020814368579042508,0.017014114925080648,-0.345961463807378,-0.049028131007282316
1985-01-01,0.011770310558065655,0.21231725135854473,0.4970469330785592,-0.016537835801073264,-0.026138706400315348,0.02936503908114041,-0.00013806542125183174,-0.32537270765223214,-0.0866283117208626
1985-02-01,0.02524449375957727,0.1428448572369898,0.45406964537465544,-0.01118112688304107,-0.059309096238898795,0.0222364956748361,0.013418528686690911,-0.46266927776671674,-0.09083126794885699
1985-03-01,0.015066746815316168,0.3210996478478122,0.9931605897947637,-0.08613384628227505,-0.06499544878265595,0.026151013730321138,0.02116515389122975,-0.1456345207256471,-0.04060182047900207
1985-04-01,-0.0014566399241520145,0.5525506785600149,1.4206259614537262,-0.06322361429438383,-0.027622102716078123,0.033114735323762856,-0.013612248622763334,-0.4620099905152666,-0.04220883315441171
1985-05-01,-0.011675592321628736,0.4978298366896562,2.117822229862213,-0.1404838390736931,-0.034833057028813674,0.033980049841291105,0.02421435742918643,-0.4328365296385994,-0.007596252453281216
1985-06-01,0.0058367252950147774,0.215531276709364,1.3058275687949763,-0.18881783569562904,-0.06664366691128132,0.030972051756550045,0.016055677692491388,-0.358378275677953,0.015849650426413175
1985-07-01,0.00913316155226529,0.1801357923971365,0.9653469088742125,-0.14934301151505391,-0.055147345464120034,0.033980049841291105,0.015478801347472593,-0.16397094740660312,0.012347186903084562
1985-08-01,-0.00017927087446745205,-0.048018802057815724,0.857800675981414,-0.12119968696877748,-0.06915719955743482,0.03154892810156884,0.0181983612597042,-0.3519914304295302,-0.005288747073205813
1985-09-01,0.0001503727512576214,0.2793173182871618,1.4907576428267313,-0.131995515711273,-0.07830481017130497,0.02746958823322132,0.02652186280926183,-0.5144645324587656,-0.017691588491110855
1985-10-01,0.00711409434469934,0.1001148022523799,1.769306506564401,-0.2688800312936013,-0.08127160280283052,0.02944744998757165,0.01725063583574471,-0.4789866372401068,-0.017567972131463994
1985-11-01,-0.05077956742326306,0.14910808612576587,0.7800871912167328,-0.07360738850472304,-0.0506559510636162,0.023678686537383253,0.021742030236248544,-0.24786525015362915,-0.05749605629741106
1985-12-01,-0.0019098999095239488,0.18681107581806877,0.8424310419319834,-0.06071008164823033,-0.07051697951355063,0.028952984548984095,-0.005453568886068294,-0.35961443927442205,-0.07925253559526457
1986-01-01,0.037620734301123226,0.21749832742467023,0.5432747305972114,-0.03200791954017357,-0.06140192356179175,0.03646382743729859,0.01538241347427216,-0.44390961146410335,-0.0562601152781268
1986-02-01,-0.016753888298634112,0.14204229086188647,0.3618974433909288,0.004413222469120126,-0.07717013563169772,0.024252032763594222,0.013925567793900417,-0.42728443134691985,-0.08256903432954599
1986-03-01,0.029650931461442487,0.302552406116962,0.7113690130706928,-0.022709816227212687,-0.03290773598981489,0.02180967382885335,0.007926791462957938,-0.48765783027761966,-0.10527868758239967
1986-04-01,-0.02078163812083833,0.38962035972035586,1.6353519616452918,-0.1297879737345362,-0.0763560159867841,0.02270949027849478,0.0029563767887483827,-0.27174473076605377,-0.02065309291374673
1986-05-01,0.027337117733793215,0.41408679747012844,1.8914568625741723,-0.2195125282844902,-0.04297711054532549,0.03582110140184047,0.01821040803028784,-0.23103874852037254,-0.012983228890613097
1986-06-01,-0.03479306569382545,-0.2095716989360713,1.7315894733545552,-0.23142438414164757,-0.052618001077197385,0.027979843769251334,0.02892250862125656,-0.32153457431287646,0.02553748483451046
1986-07-01,0.0013281374989211336,0.07391333110332532,1.2585431112573757,-0.12841682485889216,-0.06195895279252217,0.028793963414164958,0.02300942909504189,-0.24183654591606907,0.02095270578157593
1986-08-01,0.03444995252619654,-0.09473798060088645,2.002948405524975,-0.27063067230459315,-0.034064642853639526,0.01439690021990303,0.020010040929570594,-0.2728159408251508,0.008440972291324345
1986-09-01,-0.0035565803705606136,0.0700569748905766,1.5283595009426962,-0.22876778319508728,-0.0496186129117262,0.03954891240749758,0.023737851935227705,-0.1830913862751966,-0.005870394098209886
1986-10-01,-0.022067090191754568,0.07579866080733577,1.064139909732475,-0.15198344615902337,-0.050432732556639825,0.02849402459761785,0.019024527675201464,-0.28138562129792566,-0.029437015398341093
1986-11-01,-0.02232418060593777,0.4020892448082435,2.19927978515625,-0.1826629022515578,-0.06110198474524464,0.030507899508720016,0.024294881165958127,-0.2928261447290802,-0.05103261018973404
1986-12-01,0.006255703770766785,0.3941622903709266,0.616374105029982,-0.001371311850002943,-0.03170798072362646,0.015896594302638678,0.024080639154138717,-0.17349334414568862,-0.03757821184747734
1987-01-01,-0.0070574504471657695,0.12345959009383556,0.19306867838236957,0.015072606523177434,-0.07727008574398186,0.024326993983502798,0.03197192275507588,-0.20466880007552568,-0.039749580062445444
1987-02-01,0.0006377739084308387,0.1314565879535732,0.46265300874836834,-0.00016695543594524853,-0.0899445729179057,0.013664330170519212,0.0224157617906095,-0.16488499311293148,-0.02933839416957945
1987-03-01,-0.007459815119353785,0.15353634933989288,0.6562910072388712,-0.04749510000206558,-0.0323561292109899,0.03614645622902696,0.028350640705383345,-0.22433437342871704,-0.024359131351252228
1987-04-01,0.018744184156893495,0.2879764454347277,0.8982630619759646,-0.08159550597000348,-0.06067254301622449,0.027344729024913195,0.026187930592372566,-0.25541704435524454,-0.03406617906778914
1987-05-01,-0.006554494606930694,0.3728250956823844,1.0670047463748313,-0.14149754654200059,-0.03562534217251784,0.016128813787671115,0.024829949823737874,-0.2553164531871975,-0.0031846904773557005
1987-06-01,0.006824130743322276,0.40415924452902946,1.316621729883498,-0.03507209074825929,-0.02898632508141491,0.03187133158702887,0.022818126462797572,-0.3297036219579647,0.00692472191136928
1987-07-01,0.02669088643260764,-0.46841884269479767,1.1352055583107072,-0.3326710614153516,-0.011030801585022842,0.03197192275507588,0.026489704096513578,-0.11670182361841153,0.014267877178801347
1987-08-01,-0.027276275224615676,-0.5666964138767308,1.296704678610189,-0.22453555576481105,-0.029137211833485444,0.028149458369289337,0.03287724326749902,-0.2219704809796122,0.008735362936215518
1987-09-01,-0.02310174175066454,-0.0027320302211440994,1.1263032399385464,-0.16402996818453186,-0.033915292315718604,0.026791477600654645,0.026489704096513578,-0.3120498719657136,-0.03280878946720145
1987-10-01,-0.003134394893332171,0.08820238569335698,1.0971820967889356,-0.13822833358047265,-0.030746670522237673,0.035844682724885946,0.022767830878774042,-0.29067424875572306,-0.04100696966303313
1987-11-01,-0.017468636340031762,0.24442046967037045,0.7957606617360569,-0.04211347251155029,-0.060068996007942355,0.02301930879889158,0.02342167347107965,-0.3545999360496008,-0.0608737253523185
1987-12-01,-0.016865089331749683,0.3427986320203506,0.8052162315324762,-0.022297012406288452,-0.07188845825346657,0.02729443344088972,0.018895070908963973,-0.29650853650244996,-0.05453648176535658
1988-01-01,0.02835254186916908,0.24553714998310525,0.6916439313016705,-0.03497479411000859,-0.039376381019018414,0.02355441559898719,0.021095871559720425,-0.2425234957474638,-0.031326631987225684
1988-02-01,-0.00011898426298467824,0.03215931973642083,0.051550094497734456,0.04453134780498902,-0.05349318227674371,0.028868043038692726,0.02256306719605705,-0.35688544750948525,-0.048893325687147826
1988-03-01,0.005591182537892925,0.26480896293606726,0.6593259733661477,-0.05991711992773102,-0.05630861174106533,0.031009355589021848,0.007772149024339259,-0.5857283128418799,-0.07494596171615203
1988-04-01,-0.02224588061638555,0.29062367534836825,1.2680932006374912,-0.10206925402032085,-0.03894018772172919,0.029026658783161574,0.01709082401188261,-0.2079056095171431,-0.02942324305359978
1988-05-01,-0.014315093392944345,0.3100937579819163,0.7958148214815701,-0.07795966086105965,-0.045126201756013284,0.019589021987266586,0.01364093156968571,-0.34411688007974506,-0.009834198611700096
1988-06-01,-0.013997861904006703,0.3589474072783138,1.718918800354004,-0.12954943174954447,-0.03334898272920317,0.010547924552543664,0.026885346232832452,-0.3499460086889743,0.014434010292029842
1988-07-01,-0.01669432955997674,-0.019826990513235998,1.1178047827532813,-0.18633386826938314,-0.03124732411499126,0.0368781381343683,0.023475107726752764,-0.2416907630890024,0.025656074213199098
1988-08-01,-0.012649628076021713,-0.5404831717321481,1.6144306786851668,-0.2583850701943461,-0.0025378743661342296,0.027400847402356154,0.025537112404847462,-0.26790201486247545,0.004441218390493995
1988-09-01,-0.0034102609607127854,-0.10222786976478959,0.728165206465617,-0.15191425171964845,-0.024902694336238318,0.0313662410140767,0.029304236335982004,-0.4871089737183891,-0.02391134593330818
1988-10-01,-0.010310045845106586,0.3986409973316368,1.4555770105996402,-0.06320839662545913,-0.09104545977973755,0.030652470163966994,0.007653187215987622,-0.4482877702596446,-0.024585462847300676
1988-11-01,-0.010746239142395864,0.1592501849920654,0.6687636101620428,-0.007613578189136605,-0.049170903239968256,0.03552990430638331,0.0184390578398676,-0.3629128457993006,-0.034776524429422584
1988-12-01,-0.0027757979828375023,0.18145638921770066,0.837411800468519,0.015702936247780408,-0.05563449482707283,0.0339437468616951,0.03949529791810391,-0.3912654101231027,-0.05111394610971137
1989-01-01,0.00789559384270444,0.14722275496376863,0.3413755372542955,0.024613393107427273,-0.056931505489496326,0.03242476656299653,0.005449976919699062,-0.45366897319315047,-0.07361280300909978
1989-02-01,0.020561699399164746,0.07951201776712885,0.1280958405211599,0.062356197560972104,-0.06189574282574595,0.025233922774458573,-0.012545383424205747,-0.2478721342095087,-0.07430633616636995
1989-03-01,0.01410089051301644,0.2065380907829275,0.5116196764915613,-0.0188966870749957,-0.05846457878451461,0.01629099522018529,-0.01612255444591504,-0.36949594894762394,-0.05620147058710667
1989-04-01,-0.02287537729301925,0.2470915296106725,0.6502898062004749,-0.02225484762598806,-0.10978603242250684,0.02786204842306128,0.005084959468504291,-0.21965628523214875,-0.0466745151109218
1989-05-01,-0.0024344000261091736,0.4083927412936651,1.0472462843748458,-0.07689796006985317,-0.0667504749266371,0.02370084947944029,0.026620989088998903,-0.2818552589157468,0.0002667291127326221
1989-06-01,-0.049375644249763484,0.48252778563133386,1.764213562011719,-0.12690535088354404,-0.04744105175843094,0.013407357355746274,0.01665601267138017,-0.4878711083701053,-0.0008648249859714019
1989-07-01,0.013991385277657975,0.107143838822577,1.5353111183674448,-0.22655511505973103,-0.02269286856742181,0.03107420199357569,0.024357880891590966,-0.4567716215283064,0.01307884164967088
1989-08-01,-0.023130889508855668,0.11933542169248412,1.6325152656206263,-0.20512859067459477,-0.05291631352635329,0.03260727528859397,0.02906660601200417,-0.29674797092449556,-0.003164434928498827
1989-09-01,0.01629099522018529,0.10269062591800016,0.8152411923954158,-0.12781789451153114,-0.030577245513230045,0.017021030122574943,0.020196681947969974,-0.3462808390516332,0.009574674118200566
1989-10-01,-0.03108826994490277,-0.01228987120836933,0.8512684148283449,-0.14442618854089562,-0.0652904051218578,0.029431623463199053,0.017349545828650337,-0.5088961135589272,-0.030723252493707998
1989-11-01,-0.02050276386025296,0.32630031651994923,0.6759140312743516,-0.02667155878544547,-0.05882959623570938,0.017422549318889313,0.02767953969746384,-0.20133240918216866,-0.03612551077139137
1989-12-01,0.02045219416380628,0.29994605654368295,1.2714400028987067,-0.05320832748730908,-0.05087221579966228,0.02527042451957806,0.015451455082437282,-0.23746913685045623,-0.04251331616730081
1990-01-01,0.013501234457526323,0.11920061888994615,0.43435810605960806,0.008683028899353351,-0.04886775971215729,0.024810633614904598,0.01580995795415091,-0.23868498284768036,-0.05100918440467861
1990-02-01,-0.002392151932280373,0.12194431927723909,0.35632994382586225,-0.014772263435919308,-0.045421404347630756,0.033744389754017,0.01239706235044502,-0.11203978814153637,-0.05388672383525406
1990-03-01,0.009686821723972727,0.3238070563081946,0.7868232265442899,-0.06375735327734455,-0.035751533470464114,0.028357368261893057,0.014672326086248966,-0.14797557126290983,-0.053552126227047636
1990-04-01,-0.04849970234313017,0.4950206524274387,1.4227929004623028,-0.14171859598944914,-0.05663042422254705,0.0368896072711577,0.02363954198618201,-0.14914666289163248,-0.009987517638566923
1990-05-01,-0.028122708003356922,0.4287703260025602,1.58380126953125,-0.12391800323286561,-0.030029914370133692,0.03411244712304412,0.021899634423508396,-0.4572776002889588,-0.006173104905013327
1990-06-01,-0.0756690281294945,0.43529497936258615,1.3640041007004284,-0.047596288800972664,-0.09075938025960573,0.018553658341443846,0.02253536987910071,-0.3292270956283476,0.00041846797665390234
1990-07-01,0.011727867134032122,0.24055917138642813,1.0814364205700753,-0.09109397786781215,-0.07627130382426606,0.024609875049980745,0.028892724435023387,-0.39464092803271,0.023873760311926506
1990-08-01,-0.05278255172817281,0.3179850579254023,1.4465493306449613,-0.14831016887111625,-0.05485705689905285,0.03759226224839124,0.016546072692205094,-0.1472729162856763,-0.0023252324106390887
1990-09-01,-0.003864381408388795,0.1035749105867046,1.27496767715669,-0.09661483840321872,-0.07202191420004411,0.025145231223111075,0.038261457464804194,-0.2822830511969817,-0.023304502445183894
1990-10-01,-0.019255871385885803,0.1822722680368633,1.2687776214048707,-0.20877195667402304,-0.061682848106464516,0.027688173045480102,0.024743714093263314,-0.45844869191768134,-0.026750857809710427
1990-11-01,-0.005035473037111382,0.14121714150993103,1.1988132615289007,-0.12492179605748499,-0.0604448369561007,0.027052437589887846,0.02986305749882212,-0.17531219585337743,-0.04384879558906041
1990-12-01,0.013066257566857975,0.2801755281980727,0.96248697085268,-0.07804467114776026,-0.0358184529921054,0.03304173477678346,0.019992428056731626,-0.19943668340506293,-0.09079284002042631
1991-01-01,0.017390813340439792,0.19005913031764649,0.4703386122614331,-0.05412156605926788,-0.026425394915054357,0.0243148561264932,0.0148303600185139,-0.2557482494802291,-0.05498707140752457
1991-02-01,-0.009007099781388694,0.11490441591069189,0.22395808979103293,0.024819734246309677,-0.07958184838715177,0.035674613822362145,0.014541858235761596,-0.22440974332876873,-0.10147192115347681
1991-03-01,-0.040634107715601386,0.23982568784240532,0.5349990743207755,-0.02664177125211853,-0.049830102040828606,0.03617949194217851,0.027812940242364026,-0.2896472089536156,-0.09029247707182808
1991-04-01,0.03091433440695035,0.3589769241190742,1.337070093094805,-0.14110485355906377,-0.0803031028440323,0.026226180437226687,0.02323297444117245,-0.397799314762856,-0.010521734140837902
1991-05-01,-0.010233232358085709,-0.022674871739275404,1.8273067474365234,-0.23007159081528117,-0.014596821822213113,0.037622000855939586,0.026154054991538667,-0.047558150501654795,0.005886804753194919
1991-06-01,0.012882972984936347,0.17682411103388818,1.1937928952354813,-0.17341705322731293,-0.03064473348780561,0.030950397129794416,0.02038401933649414,-0.1998510290719856,0.021213461961906876
1991-07-01,0.010070080603102105,-0.017085149698451096,1.6383020170109721,-0.20230329422537952,-0.050226791992112885,0.03437635579997711,0.023557538946768708,-0.267071944453254,0.007509627281176101
1991-08-01,0.005345863910534487,-0.05386912699935975,1.4004683598546066,-0.19736270119574761,-0.05844909280055133,0.022403531815759714,0.019734890325301624,-0.364405233409286,0.008447258075120923
1991-09-01,-0.012396995728727433,0.10134483212133727,1.546125697421636,-0.18001653150777008,-0.026281144023678205,0.05092914558538597,0.02236746909291576,-0.11622157479668438,-0.018888285840652497
1991-10-01,0.011981404913835592,0.019734890325301624,0.9425439051811373,-0.11092035453861226,-0.061370173350917545,0.023593601669612663,0.026334368605758773,-0.21077803409372609,-0.03324124953257568
1991-11-01,-0.022025742728082887,0.24642516612286247,1.0534007152036797,-0.10789108581971385,-0.019032536732028538,0.011548652239707247,0.022403531815759714,-0.22949458724977667,-0.05545588680449698
1991-12-01,-0.03764090171954704,0.5643541307158144,1.7150434912230639,-0.11982784708108718,-0.059422786317340104,0.027740814796675894,0.030229142672913878,-0.11838533816732599,-0.04164386395523423
1992-01-01,0.0020801197459648924,0.06214024962279896,0.2509006578071346,0.007875001387035674,0.0028887078819282985,0.024091685669412,0.020722568436231326,-0.2120160500318894,-0.0330036210422231
1992-02-01,-0.03852897330463945,0.1801491959103405,0.58156828385304,-0.060630382354304624,-0.015978348623883476,0.036085743019535155,0.016140568999105542,-0.2853729625890097,-0.08403451673413298
1992-03-01,0.006707040746199655,0.19290691983331798,0.6731184294693361,-0.03228487603247787,-0.052274971616016574,0.02997641043670085,0.010345687358034872,-0.21453165756599757,-0.04904061907216306
1992-04-01,-0.0009745465454522595,0.2846816732651595,1.3550726790282126,-0.11839951251257586,-0.05290387349954362,0.00872851108610806,0.0257088619413387,-0.3392339167567914,-0.006095604739886795
1992-05-01,0.004505884153855,-0.1157491402891403,2.1893110275268555,-0.3778215394674874,-0.05874367670372338,0.024765509116048134,0.012187471445506914,-0.3701399521758354,0.019150313727413604
1992-06-01,-0.03772038516867604,-0.008701055400213265,2.1547663454959762,-0.3879738127301383,-0.059327657024141445,0.023777234727648477,0.020497960620685873,-0.13722164745527843,0.01573627493112395
1992-07-01,0.005000021348054884,0.17417462801683348,1.3348130540660195,-0.16736401630146824,-0.04468322745058273,0.015197216173814976,0.021037019377994848,-0.1516414692132917,0.006392589804436133
1992-08-01,-0.021863073391172327,0.2606037154386949,1.1098458660157688,-0.14360050941676716,-0.04760312905267272,0.023777234727648477,0.02683190101906552,-0.3691965993505447,-0.006005761613668725
1992-09-01,-0.034306346372386276,0.536422112928419,1.1611912126494424,-0.0639994995874853,-0.05034334440232624,0.02144131344597655,0.01991398030026792,-0.2844296097637192,-0.027298582527370496
1992-10-01,0.00032817878471091966,0.4594265537594635,1.7849271164189568,-0.06961469497611972,-0.07127679281115551,0.024945195368484385,0.011648412688198051,-0.24727947707251363,-0.022671661527135734
1992-11-01,-0.04068520833387501,0.21505325044609225,0.9189741443653068,-0.08672981052067752,-0.05133161879072601,0.03365997861164505,0.021845607513958143,-0.2437306735868967,-0.04989412877123556
1992-12-01,0.007021491687963288,0.3280309816654174,1.2340539880123629,-0.10213790666709044,-0.08178843857867923,0.015556588678687588,0.016275333688432814,-0.20478367837132816,-0.05690189261625134
1993-01-01,0.010818930770815638,0.19946425222272546,0.4524473084626771,0.009402320096583483,-0.06445818644601864,0.023883229210956203,0.0278969594546139,-0.24578435274772925,-0.0670159557189377
1993-02-01,0.014478508345915242,0.06291872334535231,0.1066369027640156,0.049854424905211636,-0.05198414245347471,0.027582157082562286,0.019948199560311464,-0.09349870526777704,-0.06068055798139971
1993-03-01,0.010582828991776982,0.10486613942122536,0.3770521403563235,-0.0011435593671444977,-0.03160068886313494,0.026086845815317283,0.006569098748119284,-0.26616780633806914,-0.06772426105605378
1993-04-01,-0.018024836568410474,0.40684031481170435,1.5290320705825773,-0.20045281117230163,-0.06437948585300579,0.035530916976864724,0.019908849263804984,-0.28950253216639255,-0.025698144387167776
1993-05-01,-0.013106049505104522,0.09026717941733331,1.8617781778410984,-0.2368518354407656,-0.03215159301422521,0.03915114425545785,0.017665882362937535,-0.07232824574730823,0.018610289479092268
1993-06-01,-0.02274687214918414,0.012038789962515506,1.9013252258300781,-0.2996155583685496,-0.03545701792076672,0.03462586015721647,0.014714610124953897,-0.1491006742313875,0.005191838370393609
1993-07-01,-0.028413314846112647,0.1011278612531129,1.1718494291935524,-0.14784146474318116,-0.030656281746980207,0.027070603227978496,0.01687887643280861,-0.1803054593610004,0.014124355677357259
1993-08-01,-0.040729957652630766,-0.29831699858383676,0.9791510272014784,-0.11848614354937126,-0.0555256691390551,0.03446845897119066,0.0235684268389047,-0.11069478484109463,-0.005826244651411683
1993-09-01,-0.004055481308621545,-0.10203771960967611,0.8586210690022293,-0.11581032338693276,-0.045766795605456045,0.027109953524484975,0.028093710937146077,-0.11100958721314613,-0.002245367669325038
1993-10-01,-0.009643223412537094,0.08523034146450803,1.0199179343821583,-0.1866408570985385,-0.04997727733164592,0.03576701875590338,0.024985037513136743,-0.19541597321947635,-0.04619964886702699
1993-11-01,-0.017473932417320204,0.2788338002762303,1.4815756129958015,-0.14146671670913658,-0.03230899420025091,0.02352907654239822,0.012707745003125104,-0.21591747769933556,-0.08897342116953555
1993-12-01,0.0024766679114487378,0.13095538600500017,0.7563889986784785,-0.0635137793298639,-0.1287565709375541,0.03230419266333606,0.01514746338652484,-0.2660891057450562,-0.08610084952456487
1994-01-01,-0.015551028239205511,0.091556098407925,0.17543571478803943,-0.0038249543906732075,-0.04178868006887171,0.029870660116603664,0.024703999225487827,-0.2119290695876147,-0.08743500585472941
1994-02-01,-0.02619884242350501,0.20481829063838486,0.3475079862051997,0.009069234094111422,-0.03653216420573657,0.03103877475285588,0.014460532415275673,-0.42313318131922584,-0.0416988250968523
1994-03-01,-0.002297419866343242,0.23020232023386666,0.49648752981337285,-0.024132178067058696,-0.06187126631520867,0.02946631274251632,-0.005262633942983652,-0.48365050497429496,-0.06447706050377144
1994-04-01,0.04298948603143671,0.4712832101619298,1.574252991700124,-0.14521175286320664,-0.09610601065460189,0.04051847430090316,-6.118079848516089e-06,-0.3954129224512395,-0.03230898052082454
1994-05-01,-0.02826550677995132,0.31444135650205873,1.798755639290607,-0.1943174950718114,-0.024311888011097516,0.03620543564397172,0.01971704827841092,-0.35731441431501176,0.001656198902510564
1994-06-01,-0.044169836827385955,0.4405977372173031,2.205169677734375,-0.16075666302256364,-0.0737770501077798,0.028118488162225286,0.02164893017682812,-0.14696392481758502,-0.00014090053787751966
1994-07-01,-0.01981913941012725,-0.05423359369355929,1.7500542444560896,-0.26081017436617093,-0.08635674619049649,0.03643007307402024,0.02277211732707063,-0.1895102540687732,-0.003330752044566454
1994-08-01,-0.029164056500145308,-0.07507994720206124,0.8939609985412101,-0.1915319909392098,-0.0883784830609331,0.025332984029623695,0.021244582802740775,-0.17046100000065945,-0.0011742327161007315
1994-09-01,-0.012181466788477868,0.08063871930756739,1.8475019616111341,-0.2380319389592518,-0.03159014074466926,0.03252138179117614,0.023086609729138563,-0.19588995708215096,-0.006206111149187343
1994-10-01,-0.000365537967926044,0.024659071739478122,1.4167821532361171,-0.1719885345249893,-0.028400289237980436,0.03341993151137013,0.013921402583159326,-0.3170144593643087,-0.04542780643565758
1994-11-01,0.015314154649460066,0.3906833002605237,1.2338823576906186,-0.056704605424092946,-0.07543936709013876,0.030634427378768536,0.02362573956125502,-0.1903638763029576,-0.01721334522156448
1994-12-01,0.01405618504118844,0.24269216134456395,0.9314305218733019,-0.05108866967288006,-0.08963645266920472,0.020031540680478854,0.02277211732707063,-0.2573507579434239,-0.07939298585899257
1995-01-01,-0.027195757800026255,0.3098781150512966,0.5686573025042728,-0.022959032399682777,-0.09594368862959879,0.03827577205328081,0.02076397373186134,-0.267389843163496,-0.05148631676199511
1995-02-01,0.0008231195142449632,0.15085968835840669,0.3659158696798389,-0.04645873595358763,-0.03578218794472221,0.019690669963774332,0.007884328514817351,-0.5472396782741802,-0.051712275450013445
1995-03-01,-0.0500175852898761,0.21757399099581454,0.4357935939495031,-0.011322159966739465,-0.07707613818006942,0.02228919487598502,0.011443177851105824,-0.3229756804160018,-0.051429827089990554
1995-04-01,0.03302223255685499,0.367384601151958,1.2628023920965394,-0.10978365827072067,-0.08453277488467381,0.0426254767976334,0.022006746515962128,-0.19593040807770357,-0.021490300927563766
1995-05-01,0.045224001709844086,0.4358500836215077,1.0795498961136851,-0.03041566910428717,-0.02516212960786135,0.03420851566895111,0.016809696691540865,-0.3872609271572125,0.002856747706409868
1995-06-01,-0.05459324872224702,0.4398043606618282,2.6000823974609375,-0.22671727932019914,-0.04860534348976164,0.028446569124484067,0.02330600897206736,-0.1688153655155057,0.01731810373958198
1995-07-01,0.012911909323224835,-0.33574234628903654,2.116643784445751,-0.3119601943751089,-0.0275346958320537,0.023531967660085695,0.0331352119008641,-0.14446831688153217,0.029971790268607745
1995-08-01,-0.02109487322353165,-0.32139396959987354,1.6013449964199813,-0.278800756908421,-0.027930123536085705,0.02884199682851618,0.027994651748447508,-0.37449426128417773,0.028333589780474955
1995-09-01,-0.03561271892870843,-0.04097923776914347,1.083334704137992,-0.14706684179374274,-0.05611846986637059,0.0368070405811618,0.02065099438785223,-0.3471532600339615,-0.005390744406258752
1995-10-01,-0.0008715706458923833,0.17379449519226575,1.344712416503179,-0.1589296729147044,-0.056061980194366035,0.022063236187966684,0.026130492572296382,-0.4373672662252741,-0.02109487322353165
1995-11-01,0.0014445059062953014,0.20215231053856442,0.8909873709624005,-0.08136935325241745,-0.05628793888238437,0.023983885036122365,0.009522529002950142,-0.3688452940837199,-0.038550181872946565
1995-12-01,-0.008893104070542557,-0.002905198838057288,0.06217090331121777,0.004438458522537991,-0.06645607984320856,0.0242098437241407,0.015792882595458413,-0.3092486901188891,-0.04278690727329004
1996-01-01,0.023741271675434328,0.17686224642268955,0.4502534504410308,-0.029403934339346016,-0.027761397065537596,0.03564054170346895,0.03166195141802178,-0.2754560179558532,-0.06407972123085792
1996-02-01,0.013995550517504146,0.16280942752455052,0.48065864042064077,-0.02440332086130692,-0.08780525963031344,0.03144294644818066,0.024471288241571437,-0.24614585282544893,-0.06926283885043127
1996-03-01,-0.02681237552955934,0.2701948644033169,0.6185587697639376,0.011148485909569489,-0.07495696806630064,0.025128303151094822,-0.00892696965920059,-0.29921805718361555,-0.061232656622923265
1996-04-01,-0.006262409192800189,0.4843452240796331,1.307511904055819,-0.11361134524325972,-0.0937913954726376,0.03023841911405445,-0.012504050833272329,-0.4807001755252968,-0.04166821265044918
1996-05-01,0.01655060849898396,0.21606413602425145,1.085769372091677,-0.1306572320625608,-0.08032258982740825,0.01607609773099486,0.024544289898185134,-0.32279759226984367,0.008191918816714244
1996-06-01,0.0076809072204182816,0.1923750984531028,1.1221606979136112,-0.19668723046966086,-0.019986720636177513,0.009797955262215857,-0.0007507841184651309,-0.1514992050257748,0.03323148703521653
1996-07-01,0.002461288772538095,0.11232878197617055,1.1783719735061673,-0.1989867826529927,-0.028162906176912972,0.022025732745012155,0.034034505257967335,-0.17128265396809,0.02078470458257911
1996-08-01,0.005636860835234431,0.01235301324369567,1.4509601593017578,-0.2836687043248955,-0.04688783109832939,0.02724535119289237,0.029252896749769386,-0.39590875136847353,0.009907457747136417
1996-09-01,-0.016190634492264655,0.21792567826790105,0.8936290118843941,-0.09353588967448961,-0.047398842694625354,0.023449265048979484,0.025858319717231903,-0.3265571775854497,-0.007977948123222334
1996-10-01,-0.01181053509544211,0.08798272949549851,1.2880569625682654,-0.13540233974245192,-0.07429995315677723,0.030201918285747614,0.024653792383105694,-0.6277620127736141,-0.037178610768706044
1996-11-01,-0.016555642775333168,0.31322934097709854,0.9045792603764506,-0.04703383441155684,-0.04798285594753504,0.030931934851884696,0.02195273108839846,-0.4918329281588875,-0.054516504214462025
1996-12-01,-0.030279954218710547,0.16850355674041984,0.4958429849962923,-0.051632938778220505,-0.047435343522932216,0.042210690798702794,0.01932467145030492,-0.1982567660868556,-0.03418554284754399
1997-01-01,0.02719922649511669,0.21927001907662738,0.4506800817900851,-0.0005541219742300485,-0.0646070881241192,0.03777193067391543,0.01988643943811419,-0.3219643290097122,-0.08143530894204054
1997-02-01,-0.0016994982602666076,0.1894461827055992,0.7879933980278437,-0.01791097800109137,-0.06777889937775883,0.02468820925265197,0.014556034414636487,-0.36297761063663575,-0.09883621790298014
1997-03-01,0.03948999510297024,0.04301422982923647,0.32719970756853134,-0.020862524584339348,-0.005179680052454505,0.027463544099586623,0.008608888314062202,-0.0968538358694554,-0.08680976689959657
1997-04-01,0.000855571916276443,0.4816492944471498,1.343941426096345,-0.018219348539639635,-0.08495954366830677,0.028388655715231526,0.03045914361691293,-0.24460737676816796,-0.01672154878097648
1997-05-01,-0.05971721244142475,0.05319045760133029,1.1544257036913772,-0.17222840607747486,-0.014386743274825087,0.03283800205714266,0.021824768537560657,-0.14117108755225355,0.0001947779051015286
1997-06-01,-0.0474264438335712,-0.15641340274335508,1.3980384291445318,-0.30777928423649054,-0.023725965299430662,0.038036248278385365,0.01548114603028139,-0.05399033101124212,0.017287316327492808
1997-07-01,0.03737545426721045,0.08578962881929308,1.8104619979858398,-0.2621844974654209,-0.04610485581122137,0.03402743127725755,0.02019480997666251,-0.15548829112771018,0.025613320868296874
1997-08-01,-0.026589406014521977,0.3873319625854492,1.76751038725947,-0.1273825191857368,0.002926059817957849,0.04715520563259934,0.022882038955440498,-0.11562038578682315,-0.0029329804144597738
1997-09-01,-0.022933012486020754,-0.3674269569785468,0.9408130263455641,-0.3106867778856602,-0.0005100690401517172,0.036141972113017284,0.013410658128599928,-0.06117095926600957,-0.015399960758626652
1997-10-01,0.00957805286378538,-0.2776911302609924,1.1493155633382912,-0.29293344545209393,-0.039012333424610524,0.031428308166636165,0.023983362307398726,-0.046369173415691356,0.0011198895207463755
1997-11-01,0.022177192010187252,0.16380737507201223,1.2275535742614019,-0.16526804249309895,-0.06288902369506438,0.04235343581806156,0.022000980273873927,-0.14584069856455634,-0.032140075708391336
1997-12-01,0.0020890540704696092,0.21156075561291995,1.1265401964197954,-0.14046624060700025,-0.038043168874887345,0.02957808493534636,0.013851187469383242,-0.18517996869650327,-0.020245783507242765
1998-01-01,0.011770147301750411,0.15971607216226766,0.6935233103241762,-0.06850762502805835,-0.03307563550992554,0.029590353794693658,-0.03529881916596522,-0.22864632275216834,-0.018694416234918687
1998-02-01,-0.009384834675252418,0.04345051440031619,0.4150348201605776,-0.12877674445350973,-0.10862914257064993,0.02448397883472747,-0.0037226638012762825,-0.6008211616710653,-0.05687064807847553
1998-03-01,0.00572586673689246,0.07679826924091177,0.6318994383583256,-0.11005336960030032,-0.03727884210962562,0.031188267047472185,-0.07191187500136914,-0.22492943757722694,-0.029428224824235405
1998-04-01,-0.016262809111125265,0.16965092412519509,0.8986467398384647,-0.13443891532748586,-0.09073946158845542,0.0352872619132954,-0.09324054320150005,-0.4349855558283535,0.0038153182824833265
1998-05-01,-0.01053116374789792,0.24068858938458879,1.114955562122203,-0.1544475682318432,-0.05666222461072179,0.025491358928870445,-0.000631049029596098,-0.4356455634762403,0.017744953377357098
1998-06-01,0.020419721213529862,0.16513508232386442,1.4312381744384766,-0.19425645057280416,-0.047769489986562996,0.035252524668669794,0.00704588203266604,-0.32181161283808224,0.02674189973539276
1998-07-01,0.0042321652179907465,0.20675030138535766,1.3398444838284693,-0.10838598185827059,0.006107976427774275,0.024970300259486156,0.016424938081583518,-0.4032357142405365,0.0327167058109995
1998-08-01,0.012360680460385909,0.25489612243646753,1.4257496897876285,-0.13589787960176192,-0.011017485172656605,0.04067153483026653,0.024727139547106813,-0.4510341628453901,0.02510924923798863
1998-09-01,-0.04624105122303568,0.009616438134961935,0.8460892887199011,-0.15868551207616888,-0.024947120267530376,0.030910369090467238,0.026081892087505998,-0.337026525984104,0.002530040231335351
1998-10-01,0.009338540177956933,0.18865219693540944,0.5333846126000663,-0.030817714609260194,-0.06517284954399877,0.03716307312307887,0.022330269667938996,-0.6564354903166836,-0.03515987018746275
1998-11-01,0.003398471346975851,0.16742774046915537,0.6393332087082084,-0.11609765016515827,-0.07215503571374848,0.03577358333805408,0.015452295232066149,-0.40333992597441337,-0.04561578081977452
1998-12-01,-0.01841651827791374,0.1572497277938486,0.2913354920487433,0.0064206116294048265,-0.08629309427637599,0.029138769614560578,0.01850917275912073,-0.3876039541590073,-0.02807347228383622
1999-01-01,-0.0016305151680312546,0.06492649187688138,0.18605092417567515,0.016205576471630234,-0.025906240843865058,0.01853570720840314,-0.00027480273936342225,-0.4230028844033592,-0.08377821514262418
1999-02-01,0.0035381384662649396,0.14754021799882877,0.44147561893937837,-0.004935064212909124,-0.04789420179632187,0.017603654913693978,0.015315890190316983,-0.24705683077030904,-0.06573029343598336
1999-03-01,-0.04941937827857312,0.22244332968272784,0.7714221312664179,-0.13521055540521099,-0.058189143051518344,0.025017707257971256,-0.0034946197574495796,-0.6565667162547933,-0.050732724693845155
1999-04-01,0.005486975082474976,0.3045486636439249,0.7305389283394028,-0.047046881528404416,-0.059841417573957334,0.02429748503024154,-0.015823129655647916,-0.5759441927624519,-0.03149855461211992
1999-05-01,-0.026923025165365932,0.35564207579934476,1.0140522899845683,-0.1317789083201455,-0.03895497296979311,0.024043288949866293,0.021713158213093386,-0.19176918328869808,-0.0016305151680312546
1999-06-01,-0.01772960025846204,0.12665377339466466,2.0832433700561523,-0.20435188926727166,-0.06911957450765294,0.035312648513167844,0.030016896838684026,-0.5914501536653404,0.014468569922399532
1999-07-01,-0.048190763890092914,0.01018960256941659,1.120136787527828,-0.13813381032952599,-0.031583286638911745,0.008198399939810752,0.02853408636982857,-0.22591619008576969,0.02764440008851532
1999-08-01,-0.0006137308465303803,0.012604465332981207,1.6139550396700946,-0.24434540591297338,-0.07894848961549494,0.042811432884236944,0.028364622316245036,-0.22676351035368714,0.022136818347052056
1999-09-01,-0.041624031813732976,-0.24548928827466188,1.3635719005004998,-0.23824469998396802,-0.054460933872681805,0.025737929485701083,0.022433380440823214,-0.2854828049203636,-0.011247600208893815
1999-10-01,0.004978582921724595,-0.03848894682243853,0.7310896865135492,-0.16978122233624127,-0.02395740422765502,0.025483733405325837,0.029211942584162487,-0.4003794332499645,-0.023830306187467398
1999-11-01,-0.011162868182102104,0.2959483629245632,0.5329438418610628,-0.027770345433283383,-0.06729783593163052,0.02315360266855304,0.021797890239885098,-0.485916414296227,-0.02891422779497188
1999-12-01,-0.00807014920420357,0.09746359016490991,0.518497031293071,-0.029888646103076844,-0.057426554810392716,0.02717837394116074,0.020442177811217266,-0.3870341390302653,-0.05187660705553365
2000-01-01,0.02643702706986062,0.2011622979607381,0.3910810706682135,-0.02373019590947245,-0.053304968313479306,0.045739463340004116,0.019174724314757197,-0.4193345828322138,-0.04222040095042667
2000-02-01,0.03570601874413748,0.3572062505802638,1.0265325617397667,-0.0550727656946558,-0.02349130437147562,0.014683563400416877,0.021754752925122856,-0.4588950215244879,-0.06759068228568943
2000-03-01,0.022710319077110186,0.3220891944947306,0.8040767615571236,-0.04814491109274799,-0.06109283245217578,0.0184580497007667,-0.021054610683908015,-0.30117882813898444,-0.05153717093230281
2000-04-01,-0.013792307928804592,0.2860165722572101,1.0145879848399253,-0.12181906141096865,-0.06109283245217578,0.036183801820131145,0.011530195098858775,-0.4715084947307203,-0.03987926387805785
2000-05-01,0.006752364338922345,0.11525690089707996,1.2721130628005022,-0.18230639883176458,-0.05297052016028381,0.027631484759844782,0.02667591860785745,-0.5440837439741556,0.009953510948079725
2000-06-01,-0.013601194698407149,-0.25239717608003287,1.9851565254134238,-0.342363729289637,-0.03486254158012447,0.028873720757428223,0.019461394160353418,-0.26434175297987406,0.014683563400416877
2000-07-01,-0.033190300814146756,0.621468069912351,1.6602640337377426,-0.07896191949433828,-0.0557894403086463,0.03336488167176854,0.0328393202881756,-0.19630544295837848,0.01554357293720543
2000-08-01,-0.0036633067177391787,0.3336515449337769,2.1313581466674805,-0.26759067789663094,-0.07313296596721575,0.023140323845504462,0.030020400139812997,-0.22764801274356183,0.0017834203485883604
2000-09-01,-0.04685489678756505,0.04851060518076722,1.6541006320574243,-0.247046005628904,-0.016897897922763305,0.03412933459335843,0.029781508601816165,-0.2781496838760905,0.004650118804550241
2000-10-01,-0.010113378243653437,0.27708202873612886,1.2531928529911536,-0.15340052273414884,-0.08789646301541953,0.030737074753803495,0.02734481491424856,-0.5294158035411506,-0.039927042185657236
2000-11-01,-0.016850119615163917,0.1503739569826132,1.1735941925306117,-0.09659211499850395,-0.09315207685134963,0.035228235668143815,0.022519205846712742,-0.38068193198432765,-0.028651361592207047
2000-12-01,-0.049196033859933985,0.3104790657480849,0.9060356699741683,-0.01771012915195247,-0.05411719954266858,0.02165919630992419,0.028443715989033946,-0.24016592933459546,-0.056888341383431684
2001-01-01,0.02897147597662375,0.26276641241072474,0.7565300785187113,-0.03315876085896863,-0.036436989435721046,0.021218205215733255,0.032822093669951924,-0.49804279426699394,-0.07842953644269168
2001-02-01,0.0290235113508579,0.0999477264320241,0.2275384640541953,0.02314351406239734,-0.08373714461457649,0.031573244688332,0.019813250111410774,-0.33782587700000166,-0.05038246973047711
2001-03-01,-0.01265682341070784,0.13772540812602752,0.445410575972642,-0.034875928208696005,-0.08639094870051889,0.029856077338604514,-0.0015212533245966275,-0.34771259810449295,-0.06781432009892219
2001-04-01,-0.03903875814742919,0.2733295933802601,1.1472637036430524,-0.10423908206283727,-0.07296582214810443,0.03287412904418607,0.015754490921146003,-0.39334762130785517,-0.0184327499507001
2001-05-01,0.035319791633191766,0.3371249621913457,1.6731852310277526,-0.1955091284695617,-0.06677361261423886,0.02746245012383297,0.0289194406023896,-0.2453069816116572,-0.0071931091161205885
2001-06-01,-0.020306023423130037,0.284048880472498,1.958391117205208,-0.04840512550957887,-0.02550956084654643,0.0422925317805698,0.01882457800096171,-0.25524573809038265,0.009093963019172868
2001-07-01,-0.015154521373947683,-0.056522643890108526,2.5688180923461914,-0.2920347476739368,-0.046531852037148935,0.04234456715480406,0.031000855571756136,-0.2161151366662909,-0.01114779755791706
2001-08-01,-0.01718390096908018,-0.026758409828166352,1.2853135514862908,-0.26648537892496205,-0.05980087246686083,0.03891023245534919,0.026681919510320506,-0.14175658688566994,-0.001052934956489171
2001-09-01,-0.020930447913939942,-0.01999381117772503,0.694087629437714,-0.1800025869477807,-0.05319237993912196,0.0262656365164472,0.028555192982750444,-0.30447120211590206,-0.003134349925855706
2001-10-01,0.025381035154466436,0.20672431436052963,0.8995232869141954,-0.13592862497144342,-0.06838670921549794,0.013985288197184365,0.029960148087072924,-0.24811689182030194,-0.01983770505502247
2001-11-01,0.018460330381322554,-0.06620122349766311,1.0341388000579788,-0.16741002638311298,-0.07452688337512936,0.03292616441842022,0.014297500442589373,-0.3727936484853601,-0.03388725609824694
2001-12-01,-0.018016466956826793,0.08516968014952142,0.1212822298680315,0.02345572630780235,-0.11209642357219618,0.019605108614474176,0.02917961747356046,-0.18239621416255225,-0.1028341269585149
2002-01-01,-0.014983408425576883,0.10835422719430643,0.2386673562663097,-0.021764055691883333,-0.043002289945544114,0.028740075670950493,0.015295688849825684,-0.2514877087658842,-0.04892561399427153
2002-02-01,0.00917751861528493,0.1350481546507425,0.5322615890499437,-0.010657823100519437,-0.04405445934893648,0.017945596976888023,0.02118004366139048,-0.15671452398624552,-0.07039766367090838
2002-03-01,0.028272444824998244,0.43363044979119963,1.5915233936059219,-0.12448696485270883,-0.06587723216003749,0.028545229485137047,0.02250499772492165,-0.18995528328601186,-0.044600028669213976
2002-04-01,-0.012255561824189298,0.20601113552398354,1.3058399159663119,-0.16142980168292986,-0.04331404384284554,0.030103998971644286,0.036884646237950625,-0.38842560815554295,-0.0019287139760789662
2002-05-01,-0.003214698802447513,0.08563516192846377,1.6461972333451624,-0.251877401137511,-0.038520827671835844,0.014944965715361636,0.010424534204490632,-0.2653217879586357,-0.01155411555526109
2002-06-01,0.0008381018624713521,0.033611230316285545,1.5790922069510267,-0.20273719307537097,-0.05336810703081707,0.022660874673572362,0.019699212649208597,-0.17569254248447086,0.016503735201868763
2002-07-01,-0.01167102326674907,0.40978127664763925,1.1800472184051798,-0.11353660920999564,-0.03965093554955357,0.038326508012969884,0.02129695137287846,-0.11981065639318711,-0.02838882600953896
2002-08-01,-0.022426532723648918,0.2995373047144164,1.709756059157494,-0.20460771645917963,-0.0668514630891045,0.040158062159615815,0.032169368541266286,-0.1007157301834738,-0.0018507755017536098
2002-09-01,0.009099580140959573,0.08625866972306673,1.4834227297166465,-0.20877742483558648,-0.06182443149511874,0.02542769051212257,0.01973818188637133,-0.22081891911885476,-0.021452301794581907
2002-10-01,0.013269288517366307,-0.10239140738146901,1.9250221252441406,-0.2575279405260996,-0.03446802700691709,0.024648305768869005,0.020400658918136805,-0.11404320929311051,-0.02234859424932356
2002-11-01,-0.03263647286027116,0.04023600063394117,1.5847817155767783,-0.13933424421169005,-0.07928264974399957,0.03174070693247688,0.017477966130935774,-0.2413167378664246,-0.02355664060136664
2002-12-01,-0.011086484709308841,0.13925683226431207,0.852393872341363,-0.11271825522957934,-0.030610072527811782,0.02156973603301726,0.019699212649208597,-0.21123248677683537,-0.07121601765132468
2003-01-01,-0.014563166547461703,0.19866134915455114,0.6500976284924062,-0.010867136123916099,-0.06943099846882927,0.03083033386566214,0.01771202870040156,-0.2671946545117849,-0.10498577000800746
2003-02-01,0.009174718989676478,0.17554814481575864,0.4290125410445429,-0.015916642477210807,-0.07291880182625965,0.03712920261564845,0.015837985105364494,-0.3047275831790581,-0.07453256158865273
2003-03-01,-0.04886857568994851,0.21198788138592684,0.4030882713131947,-0.033043318665189725,-0.06042517785934476,0.029997425601201222,0.025780827512367432,-0.33096419350957906,-0.053345457611426284
2003-04-01,0.019534015528910098,0.09699448412378175,0.9869569647003467,-0.10061300161958742,-0.03793665471889818,0.026093168111540388,0.019429901995852372,-0.28640360136091636,-0.02018529733257335
2003-05-01,-0.00498472150616025,0.17835921020831458,1.3181941701231756,-0.2359605945944978,-0.012845293252010892,0.0324961503945842,0.01703529073552712,-0.2196668266709798,0.0066759941962935
2003-06-01,0.00027301191324968777,0.010632308452483308,2.809828758239746,-0.2692769251729372,-0.013313804150770103,0.03213175302888249,0.024323238049560603,-0.10852563013196681,0.015265360673547557
2003-07-01,-0.003162734677651935,0.4625891554556264,1.4939898706909727,-0.09514704113406225,-0.08353838219813725,0.03312083159292989,0.02338621625204218,-0.15329444934674474,0.02338621625204218
2003-08-01,-0.019144162001996978,0.27690266924735507,1.407887978852318,-0.1101393898943599,-0.08343426866507953,0.034318137223092515,0.025624657212780955,-0.2013949016193668,0.006051312997947811
2003-09-01,0.03733742968176368,0.023906783917330143,1.4684299983253262,-0.1728677935615781,-0.09040987537994027,0.04327190106604806,0.02952891470244179,-0.28260345740431303,-0.014406996247875226
2003-10-01,-0.004828551206573772,0.28903189584856825,1.268844355453862,-0.13221145890257602,-0.08114377093781178,0.028331609072279162,0.022865648586753995,-0.3140978011542441,-0.0202373540991021
2003-11-01,-0.009930114326397455,0.30272282544564566,1.333863256848348,-0.10295555611338392,-0.0434546719709521,0.03312083159292989,0.026509622243770847,-0.2186777481069324,-0.020966148830505515
2003-12-01,-0.0577702827663753,0.4123543757553231,1.236256819606826,-0.06708844397503255,-0.08608916375804898,0.025676713979309707,0.03447430752267899,-0.3680806680446218,-0.043871126103182556
2004-01-01,0.011763579226980125,0.03516128772531102,0.0870449764453175,0.01368210790955271,-0.07123363986692088,0.043335888198881234,0.014641372250839058,-0.292364924106048,-0.05242371734865481
2004-02-01,0.0026297144121236737,0.09630396269599384,0.33958174107525246,-0.05188152446010175,-0.0909194124359265,0.027904244447753856,0.01826989388961764,-0.23076347053735868,-0.04037035236466624
2004-03-01,0.02852985162685362,0.07357356852203611,0.5692629900954097,-0.057136624764539734,-0.04867007427405634,0.02431742995424857,0.017143800967238,-0.2237983772767148,-0.04537520979746423
2004-04-01,-0.07286021853258018,0.5951214201648662,1.6100230932457644,-0.09509012696325825,-0.05138103871682198,0.03536982345167761,0.0089274933483946,-0.3440817842449613,-0.027691380201577798
2004-05-01,4.38714051780309e-05,0.2414448282471373,0.5396092098060812,-0.07148388273856077,-0.08570601927676191,0.029530823113413263,0.018937208213990697,-0.47041272727783867,0.00901090763894119
2004-06-01,0.019729643974183753,0.5746015046903943,2.1319046020507812,-0.13788165801368157,-0.0527156673655681,0.040708338046662185,0.028571558772126915,-0.12207464995509443,0.0015870357802907353
2004-07-01,0.001420207199197554,0.36373017818850306,2.059959776454309,-0.26141822231324685,-0.046668131300937055,0.03432714481984467,0.022106951254762808,-0.06885633258634183,0.01685185095032482
2004-08-01,-0.036783537871160954,0.1968181828046881,1.2383290145699624,-0.18843071808494194,-0.03336355195874896,0.045546366898367,0.028821801643766798,-0.11235688510641151,-0.019058001130001223
2004-09-01,-0.0038348931052404334,-0.18042294619246502,0.9687340275232408,-0.17174785997561504,-0.0693568183296216,0.034911044853671136,0.03149105894125914,-0.27918546619968,-0.0126351007579103
2004-10-01,-0.0014575858246613782,0.23610631365215273,1.3723757794784035,-0.16348984521149823,-0.049003731436242814,0.03345129476910502,0.025693765748268094,-0.20098456881221038,-0.048169588530776464
2004-11-01,0.029030337370133386,0.044712223992900646,0.9104274384311435,-0.17429199583728738,-0.061891239325697844,0.04254345243868818,0.01760257956524458,-0.33961911970071634,-0.038451823682093655
2004-12-01,0.026694737234827626,0.28753122377415274,0.8876553371119124,-0.06664585388685595,-0.0608902678391382,0.03741347357007019,0.02694498010646751,-0.41644368129416653,-0.060848560693864906
2005-01-01,-0.0029383470863205696,0.1216331216523614,0.44262192947203516,-0.00530423932205526,-0.05407058948719823,0.031970634269519405,0.024921241077330403,-0.1506859030321992,-0.03509516808630597
2005-02-01,0.008166861367127853,-0.02572816617339735,0.1300344532649702,-0.03639882299171082,-0.07961256893012958,0.019513487395651175,-0.011387962213944336,-0.1264475784946728,-0.057595286083292674
2005-03-01,0.022700199386640696,0.2820309585321683,0.8613848551970698,-0.08139905898568434,-0.055181110332543026,0.029170190398649765,0.02733541682808005,-0.3171674628038952,-0.06049229698419234
2005-04-01,-0.011436245728959404,0.1907751151538315,0.700600750197143,-0.05774013662833766,-0.02505219696318739,0.029749592578829698,0.024679823502255394,-0.2310779555321627,-0.019741010311538187
2005-05-01,0.024486689442195453,0.1704960388475344,2.496554374694824,-0.23073997092705767,-0.07304601088809048,0.040999651577323104,0.023424452111865612,-0.25391605813425433,0.011208722813072391
2005-06-01,0.02950817500375469,0.09029712040763094,2.482986706975611,-0.2832724352633702,-0.021286082792017935,0.041192785637383045,0.022555348841595713,-0.15546597101868365,0.03206720129954932
2005-07-01,-0.005545656897130269,0.020189456605861023,1.109465555344104,-0.1863191371132642,-0.05812640474845765,0.036895552801048614,0.01637505891967661,-0.2490394231177402,0.026369746527780236
2005-08-01,0.02221736423649079,-0.4316476769044437,1.7225213454894708,-0.2956812986222235,-0.09303538610429762,0.052346277605846425,0.021251693936190974,-0.1741999748445009,0.011691557963222299
2005-09-01,0.00039321544971393507,0.1922719041192963,0.7376824897286576,-0.07367369658328538,-0.09573926294513724,0.03631615062086879,0.02410042132207546,-0.31634664304864035,0.0004897824797439609
2005-10-01,-0.03108763634006151,0.11052791319891309,0.7456975532211465,-0.13291756950668177,-0.0647412463055117,0.022313931266520814,0.02028602363589105,-0.645736782480923,-0.0469246292649792
2005-11-01,0.0030005252605235233,0.3686515844690659,1.2108126533605743,-0.09752575300069188,-0.08801390054273828,0.025307509197450284,0.02323131805180567,-0.4137344928338813,-0.03176360555027147
2005-12-01,-0.021141232246972952,0.11579081633554733,0.6223814558728542,-0.09004180817336804,-0.0843926369166138,0.023859003747000562,0.023183034536790603,-0.4935471431536649,-0.04161344261333
2006-01-01,0.0011507428414767595,0.1558513553459831,0.5725694979468483,0.005949091693391084,-0.08148236094485517,0.040045051323820635,0.0334011836827085,-0.2883650172139295,-0.048263022739294614
2006-02-01,0.006410471390690509,0.18141179057637274,0.3232860474959543,-0.028931213422447533,-0.07995980794376689,0.035615806229745806,0.02172827734103233,-0.17237416131284722,-0.06556476138802403
2006-03-01,0.027264833708625758,0.1589425993178894,0.6184767778281438,-0.08152849891458502,-0.09698471877411674,0.0244965555248291,-0.02510176193486202,-0.27641528305387364,-0.03580577091220938
2006-04-01,-0.02394831269161346,0.24595881022856608,0.8068119702657801,-0.057259926836633834,-0.12937357352453827,0.028095317163764788,0.007563920633939181,-0.2729087973543979,-0.02694728072405983
2006-05-01,0.043459261083836576,0.21246264420462585,0.9041169484262346,-0.15825594257548392,-0.04277260434143104,0.03450849495622721,0.018129515702096644,-0.22921614002013968,0.015638065336679552
2006-06-01,-0.0319301814548939,0.20660312204892284,1.9700424630971591,-0.28790363751663006,-0.07649946021402099,0.048534437754130466,0.02200510515941201,-0.31318724492864003,0.025926832586457338
2006-07-01,0.002765571782024856,-0.3464988590736604,2.1499805450439453,-0.28850343112311927,-0.07267000872643559,0.023527658160500176,0.02583455664699741,-0.18704603568696976,0.025972970556187303
2006-08-01,-0.01845789429375,-0.2603592695878527,1.4442080220849733,-0.1989957698470256,-0.08079029139890592,0.026203660404837015,0.027864627315115076,-0.14524503511163944,0.01683765254965819
2006-09-01,-0.012413820259127073,0.08175377595969102,1.0383323023706452,-0.16932905531067077,-0.062012137718818194,0.043966778750865965,0.020344138249133947,-0.2437957384548024,-0.0073386435888331825
2006-10-01,0.011808613849094152,0.04807305805683104,1.451405545362845,-0.18838403680913818,-0.04821688476956465,0.04410519266005575,0.013607994668561996,-0.11382507772554673,-0.05739834074582373
2006-11-01,0.0321554584999999,0.1259539509609786,1.0118952457153867,-0.10874990105525273,-0.040511843824663774,0.02565000476807766,0.01231613151612354,-0.1475057956284067,-0.039496808490604995
2006-12-01,0.010101508969086126,0.2785322168579074,1.2965203809794188,-0.11382507772554673,-0.05315364753066876,0.034047115258927674,0.01716061833776772,-0.28656563639446164,-0.061504620051788805
2007-01-01,0.012696592985274868,0.0704206271313676,0.30033331720806417,-0.04784950505240454,-0.06863015734499794,0.035615172468464296,0.034973794311285444,-0.18690028952877008,-0.05182604962691317
2007-02-01,0.01740003280458613,0.17218596140373837,0.6705367895316718,-0.1059156075489926,-0.0604632754769211,0.03505931139890933,0.018212445137012645,-0.19895819888373162,-0.06786050355638334
2007-03-01,-0.038613659589029736,0.08162336561009076,0.3992765875888482,-0.07145222123658468,-0.05725638469102706,0.029671734878607303,0.011542112302353025,-0.2980297448959514,-0.09043701468907739
2007-04-01,0.03805240946574373,0.24774030831940191,1.7343266010284424,-0.19228786604907205,-0.04156399911205222,0.03570068955608813,0.022060714080085475,-0.43938949073816064,-0.02719712839124694
2007-05-01,0.04703170366624704,0.10928814345640331,1.0011886088292532,-0.14923001243046807,-0.05610190400810522,0.02890208108999276,0.02445519253355305,-0.2984145717902587,-0.0003020043335489331
2007-06-01,0.03698344587044572,-0.3943219855603965,1.5529448581782754,-0.20361888015923096,-0.0257860964454536,0.023172436219195403,0.019751752714241788,-0.30995937861947725,0.019880028345677536
2007-07-01,-0.05199708380216084,-0.00829785202637806,1.674806708042249,-0.11767420709727078,-0.06739015957445221,0.030526905754845735,0.031467593718708,-0.07119566997371318,0.020008303977113284
2007-08-01,-0.00218338026127346,0.14041636335148144,1.1940723999648266,-0.13028797752178728,-0.08620391885169726,0.021376577379094763,0.023728297288750366,-0.3857702767980123,0.02920139089667617
2007-09-01,-0.0009861410345397004,0.0023490253827901375,1.4814953314685564,-0.2911456193422322,-0.062216375773209875,0.028560012739497376,0.021590370098154343,-0.4566211838943646,0.007608326271656363
2007-10-01,0.0023917839266020535,0.039591717042972874,1.4302278374380637,-0.18134167883322044,-0.07354738988336879,0.02997104468529077,0.025994500110782137,-0.3912433704059382,-0.027239886935058855
2007-11-01,-0.04459985572269859,0.15174737746164038,0.8510633615056002,-0.05379294264226153,-0.07115291142990121,0.01936692581993449,0.02548139758503909,-0.43400191421785866,-0.037758488712791305
2007-12-01,-0.0010716581221635324,0.16423287225472116,0.5605618148474123,-0.012616464951382078,-0.04673778291329461,0.030868974105341118,0.029030356721428507,-0.4637618607109553,-0.07273497755094227
2008-01-01,-0.010350857773782973,0.08564646547142962,0.33989787941793365,-0.005997237671959255,-0.09311317590945145,0.03061670738437805,-0.000990574554861956,-0.21375198893098613,-0.07595991270826608
2008-02-01,-0.015401057091898429,0.057913905422812606,0.06823198506413486,-0.0003810677406066443,-0.09489816015119923,0.03083438838946928,0.01746877467687047,-0.38493633133469396,-0.0424370379242236
2008-03-01,0.0017522061092869468,0.09587747271071534,0.3625367039474169,-0.08889016441068254,-0.02101722702325104,0.021648249974621225,0.021387032768511838,-0.5359634126669582,-0.07369603025531779
2008-04-01,0.003972552361217074,0.1026691200695603,0.9835370752715493,-0.08627799234958822,-0.0675574259117464,0.028788186941612115,0.014987211218830954,-0.3916844424925209,-0.025414383326092915
2008-05-01,0.051688228677204795,0.04093478702570019,1.179493516054634,-0.15611005878284046,-0.060199807939664285,0.03301119844038114,0.02325908941229604,-0.5852899284206207,0.030094272972159164
2008-06-01,-0.052624508962491046,0.0852981758632837,1.1863286996144973,-0.13207807582077358,-0.08283863246914758,0.02325908941229604,0.02304140840720481,-0.22938148509653322,0.0126797925648644
2008-07-01,0.02412981343266074,-0.18475687905284033,2.062930107116699,-0.30657116950186747,-0.05023001790648807,0.0369294565320224,0.020429236346110602,-0.18950232496382813,0.013855269992356867
2008-08-01,0.02800453532328384,0.04837947739981874,2.0119927519253618,-0.23312559838410163,-0.045963470206700774,0.03727774614016832,0.021038743160365914,-0.27535571337179154,0.021038743160365914
2008-09-01,-0.015488129493934966,-0.18371201022840267,0.5190928828089971,-0.18950232496382813,-0.06751388971072814,0.020821062155274683,0.015640254234104534,-0.41532459964542345,-0.0005987487456978746
2008-10-01,-0.006606744486214566,-0.07966048979481621,0.887409143423282,-0.15149522147490724,-0.0754374782960473,0.023433234216369003,0.024434566839788396,-0.4496311260477942,-0.03486173894705036
2008-11-01,0.03553629809943881,0.11307427211291887,0.688796994378085,-0.04979465589630572,-0.08471068911293178,0.03736481854220475,0.01550964563104984,-0.5764956158149369,-0.035558318163342206
2008-12-01,-0.03164006007170084,0.04006406300533549,0.2617503985901983,-0.02097369082223277,-0.08057475001619918,0.03610226871267597,0.01833949869723528,-0.4706591111396027,-0.08841126619948192
2009-01-01,0.00773101472687987,0.07612032067589636,0.1494833943302959,0.04549480656404725,-0.05006600814585793,0.030849823875975013,0.0361459654141143,-0.37133455918985714,-0.05190814433303681
2009-02-01,-0.016999663585996805,0.1566677254602935,0.3838952241488102,-0.01874969296381679,-0.13558718063563813,0.02633659021738677,0.01597457416450543,-0.3482157500407621,-0.06383597614502023
2009-03-01,-0.01018375969343488,0.11204197632588475,0.3999218089772666,0.02698133788289936,-0.09501413111302304,0.023112851889823705,-0.003828389847667646,-0.25426680449463857,-0.07663882264591348
2009-04-01,-0.007650822436063853,0.210918636172712,0.5377596491829275,0.0026651402121379286,-0.05080286262072953,0.032139319207000194,0.01777065694700486,-0.4191379932471495,-0.042144822540988724
2009-05-01,0.0014216982857921945,0.6008067601891252,1.7828594980971424,-0.056743751824381405,-0.029019602207339124,0.0361459654141143,0.03140246473212871,-0.43350665550714496,0.0012374846670742956
2009-06-01,0.004599383208675811,0.12452244899402187,1.6622456312416043,-0.20720022491221768,-0.0622241069812387,0.03416566901289697,-0.0087100507436918,-0.38528874080773745,0.01675748204405647
2009-07-01,-0.06627680659303226,0.12093028342902301,1.377819803941183,-0.15465329017293972,-0.08635609103328223,0.01887593865931214,0.03356697475206383,-0.14138990962525166,0.014224544786685445
2009-08-01,0.011461340505917184,0.09689040618633837,2.1587934404956757,-0.1912196934884408,-0.07769805095354143,0.037389407340460035,0.0228365314617468,-0.1731667588540876,0.013902170953929205
2009-09-01,0.007638907917520976,-0.09418516982879244,0.8695744298985258,-0.14908082820672353,-0.07673092945527249,0.01463902542880069,0.0279484593811683,-0.24781932783951222,0.009619204318738195
2009-10-01,0.03481041667840967,0.3611908956418303,1.8151429347774526,-0.1560348923133239,-0.06415834997777647,0.030020862591744524,0.019935166966940088,-0.42411176095253267,-0.02119052341182881
2009-11-01,0.010448165602968795,-0.03141437925067159,2.2992563247680664,-0.2644446069288018,-0.04191455551759138,0.024126026792772093,0.02532341531443838,-0.6163847254893298,-0.06913211768315952
2009-12-01,0.031126144304051806,0.2748407618678197,1.1392171142968366,-0.0847442218695007,-0.0530134260453442,0.027580032143732502,0.014869292452198146,-0.22958217958644123,-0.08253365844488603
2010-01-01,-0.013026278555177684,0.12423400574175192,0.3157351961715493,0.004422397216821916,-0.06106935189120399,0.025226587560360003,0.02510815763430574,-0.21281756380877592,-0.023290205479883475
2010-02-01,-0.027435252891783835,0.18648867020429372,1.0263937057813644,-0.10346726541864215,-0.05917447307433521,0.024989727708251475,0.003632864376459932,-0.17420940791507522,-0.07070165254362015
2010-03-01,0.029371634972260363,0.12079953788617731,0.5529503380583052,-0.0774126816866969,-0.08988730056441618,0.026529316746957243,0.031384943715183466,-0.24550422339976175,-0.05763488403562944
2010-04-01,0.010936043149808228,0.0911525797305851,0.8078904922111874,-0.10208558294800862,-0.0792680838615476,0.026331933536866803,0.023647521879636035,-0.34885407220314446,-0.009118090995385963
2010-05-01,-0.03256721635413662,0.2020819438014428,0.8996736849032672,-0.14093059869381797,-0.0683330540225342,0.01263353875658646,0.02660827003099353,-0.3614865976489361,0.013857314659147524
2010-06-01,0.009080640974957643,-0.08771608525342067,1.6748765042126736,-0.23749046507008764,-0.02143480330503278,0.019936717529934755,0.027989952501626947,-0.39105460252049207,0.03008221452858617
2010-07-01,-0.004301940669177884,0.4139925581545973,1.8241376876831055,-0.17523580060754584,-0.013184185123250147,0.03292453275388929,0.03604318747331914,-0.22896351039417828,0.026331933536866803
2010-08-01,0.02945058825629665,-0.41403000817502555,1.5598415693719336,-0.2732957793805033,-0.07003054962931243,0.025660830622559083,0.013067781818785651,-0.5473426282701453,0.01638381974830594
2010-09-01,-0.005841529707883764,-0.12363982948989061,0.9177934635895745,-0.15995834014654153,-0.01614493327460753,0.02968744810840518,0.019265614615627147,-0.4761662427115131,-0.0011832859497480364
2010-10-01,0.023015895607346515,0.17997502427130746,0.864499996865141,-0.1014539566757191,-0.0198952142663269,0.02905582183611566,0.025029204350269563,-0.480903439753685,-0.03718598347025426
2010-11-01,-0.006986352326408651,0.2445982872549352,0.6084939733777702,-0.05530576215656158,-0.022421719355485203,0.021042063506441555,0.023726475163672323,-0.49337805863140416,-0.023290205479883475
2010-12-01,0.018476081775265163,-0.007854838450806811,0.9925227469298356,-0.06845148394858847,-0.04148893745022697,0.015594286907943955,0.004303967290767652,-0.3723426742039132,-0.02400078503620917
2011-01-01,0.0042071602304602496,0.14789817776820496,0.4749124865412372,-0.03423345441313119,-0.04272883024936491,0.014047957579219617,0.01881459379502498,-0.366744771080197,-0.06191069695651702
2011-02-01,0.026964004099466365,0.08404831684519959,0.22435656029430828,-0.03373372642276451,-0.046918857245516365,0.024465364147632895,0.011472436398099028,-0.5356912724387812,-0.08778123061165405
2011-03-01,0.025003532752643165,0.201522835196015,0.621601872021182,-0.056798095208919375,-0.08274551009334358,0.020967268215066115,0.021466996205432798,-0.32515202603583104,-0.0775560271164587
2011-04-01,-0.019895105151071568,0.1275630926217451,0.8012733048653283,-0.06571631780623255,-0.07102112262704818,0.034998092559976934,0.01662347876034026,-0.34210433709365484,-0.03753934727248004
2011-05-01,-0.0020971005710887503,0.12548729943099118,1.0441795487981826,-0.13806155456547164,-0.09696853751147239,0.03111559048097423,0.020813505756491713,-0.3130432324230997,0.015008972945309396
2011-06-01,-0.01731958396995098,0.151280951856841,1.6533479690551758,-0.22286155046923428,-0.09262474805674653,0.03553626116498726,0.01746917228249928,-0.2317797730665475,0.017738256585004386
2011-07-01,-0.035694197769587654,-0.1773094221165784,1.1314013034244914,-0.21355892172548518,-0.058412601023950184,0.03180752154455885,0.024119398615840615,-0.23066499524188333,0.016546597531053087
2011-08-01,0.0053219380551243756,-0.24711757830934045,1.5505962061128558,-0.22978086110508078,-0.0789014486289844,0.026541157338386856,0.021313233746858395,-0.15313027550575942,0.010665183490583596
2011-09-01,-0.003173437781109345,0.17761277288770114,1.5234571321744803,-0.15697433697011853,-0.09258630744210294,0.03603598915535394,0.02838630684127924,-0.4636151199820473,-0.029236174509464308
2011-10-01,0.01566246339425048,0.057716495814339464,0.972257158800023,-0.17035167086608838,-0.08505194697195906,0.026156751191950933,0.016661919374983847,-0.3140426884038331,-0.03707805989675694
2011-11-01,0.029693287739161356,0.10061622175658752,0.9197088385822335,-0.1509391604710747,-0.06786899222627368,0.03176908092991526,0.016661919374983847,-0.4098751407103065,-0.03742402542854928
2011-12-01,0.0009012673711113472,0.03888059463897969,0.3376026110343286,-0.014628740944899576,-0.1050410665866266,0.029424203436656193,0.009358202592701481,-0.5279647088954194,-0.038192837721421125
2012-01-01,0.025731807549418617,0.08499102014512494,0.5961632861368966,-0.042022319871295455,-0.08942148230068658,0.04149049012334605,0.020109569235283065,-0.3420118240780914,-0.10329240602461232
2012-02-01,-0.027699975552804124,0.2639177285365929,0.7352418674989802,-0.01477293125387924,-0.042473740465861054,0.026019075200505837,0.025690769313549078,-0.4077140397053254,-0.0770279350680666
2012-03-01,-0.004061951691912924,0.15323760639627432,0.3753775771584339,-0.007673316448437939,-0.13296305055833513,0.026921916389637146,0.013379298552668173,-0.3592889213791941,-0.037836419812596
2012-04-01,0.010219354390708868,0.30721306737902376,0.729578590948975,-0.07148777322567024,-0.09266350293438519,0.0391102724429091,0.02314639868963364,-0.3600686478607166,-0.026468828476716055
2012-05-01,-0.013952166536487232,0.47620852269004776,1.7629624083814412,-0.20001952796926592,-0.07239061441480144,0.035457869450514545,0.020478913358109474,-0.557544638865245,-0.009561075298439747
2012-06-01,-0.017932875415838656,0.1759317508321646,1.929823875427246,-0.16891254518010712,-0.0868360734409016,0.022038366321154412,0.022530825151589662,-0.24380732564213203,0.02437754576572171
2012-07-01,-0.02244708136149498,0.08445752307882015,1.143818543816745,-0.1147831120681011,-0.09451022354851735,0.025239348718983368,0.04099803129291091,-0.2380209343845181,0.02261290162332885
2012-08-01,-0.04735729053434379,0.2251776338756879,1.2042268270168002,-0.2295670577953799,-0.07739727919089301,0.03266726941138154,0.02351574281246005,-0.20892482515296973,0.015061866223321951
2012-09-01,0.004679192548312394,0.03902819597116991,1.0227557480014169,-0.16489079806488605,-0.1560265391170519,0.028891751711378033,0.021504869254849512,-0.34127313583243857,-0.020148940152797223
2012-10-01,-0.042268549286513024,-0.1025537177789595,0.9278343084350258,-0.25271262282583584,-0.07202127029197503,0.036360710639645744,0.025362463426592208,-0.4587656051271112,-0.033691557989766086
2012-11-01,-0.006319054664741142,0.059260046254884124,0.6775831461021884,-0.14761370076378333,-0.09549514120938785,0.03143612233529347,0.014610445628756352,-0.26879961128672014,-0.05962772305935504
2012-12-01,-0.01440358713105283,0.46644142255308235,1.8781977747032859,-0.15857090974096721,-0.04649548758108213,0.04185983424617257,0.019699186876587005,-0.28431206444543,-0.09709563240830232
2013-01-01,-0.005013820498651067,0.012208474880626707,0.206344051304911,-0.01629992044932671,-0.1017518200758708,0.03745562704301475,-0.005453538678547476,-0.3487635076327037,-0.07910633381120347
2013-02-01,-0.014101329549844444,0.13690522206292938,0.6498364789121426,-0.03143355447409624,-0.10145867462260649,0.03082321116290998,0.02378772028456666,-0.1865807856142283,-0.0733899974725496
2013-03-01,-0.006259688675024355,0.12466639938914476,0.6238931062982518,-0.08493259969483147,-0.10611235869317737,0.026609245272235627,0.02301821346974786,-0.12164906771618533,-0.10776130186778898
2013-04-01,0.009973240799486471,0.23463258754491617,0.7441560284999318,-0.0761382360969024,-0.07566187473534791,0.01792481121928058,0.005209627183941468,-0.36635223482856183,0.006052420362076427
2013-05-01,-0.025937077225390626,0.17944795596791124,1.4572323435653476,-0.1818538151803415,-0.05400575437544752,0.02353121801296043,0.018950820305705718,-0.29771955558305696,0.0012888067465314235
2013-06-01,0.007334931720107685,0.22015853078999126,1.30835109648874,-0.04052106352528961,-0.10362062234043079,0.02503358846093995,0.022212063473271093,-0.5452076045014443,-0.007432270488081483
2013-07-01,-0.010546940929014759,0.16731906283910075,1.786214828491211,-0.20230071054552656,-0.11937719045338702,0.008397583988190793,0.03005370434809118,-0.2232606104539242,0.014370422598451005
2013-08-01,-0.06382612705980173,0.09205396771349111,1.5492067295270222,-0.05045136575461795,-0.05693720890809062,0.040680227028922156,0.025766452094100778,-0.24667560353341034,0.014736854415031364
2013-09-01,0.008470870351506843,0.07146049962167389,1.385888068877148,-0.18940231060189727,-0.07210748611451823,0.03884806794602025,0.019573754393892306,-0.3334466576996439,0.004916481730677158
2013-10-01,0.0063089226336826565,-0.04396552260114517,1.0883087906322229,-0.178482642467802,-0.11146226321525088,0.03115299979783226,0.020343261208711105,-0.43146716863489487,-0.032935924922075865
2013-11-01,-0.013661611369947924,0.05841552695141239,0.8028217623344504,-0.09574233828395262,-0.09317731556789,0.026206170273997187,0.01033967261606683,-0.4110569164513679,-0.05015822030135364
2013-12-01,-0.027146302220105833,0.11902334941380693,0.582413024661353,-0.04257308169813978,-0.10241139734571547,0.04196273838695341,0.021625772566742474,-0.3638238552941572,-0.05224688165586178
2014-01-01,0.005747429864292775,0.14245839568850577,0.667609635701579,0.004755520648533462,-0.10021435027138281,0.023860554673809875,0.006609959617126848,-0.3208063345587171,-0.08050554541912247
2014-02-01,0.01652905177471964,0.1720431662107172,0.47552425974541346,-0.03936287620893342,-0.041691706541585605,0.046458834198064736,0.002297310852956147,-0.286607029858843,-0.06899077321878655
2014-03-01,-0.047168770472082455,0.2644201027392548,0.7240190815369325,-0.026166170990570947,-0.061055499492712384,0.037186639355097584,0.013078932763383011,-0.30765275582799634,-0.052645834402579306
2014-04-01,-0.029486910538982336,0.2694227753056929,0.9708319703104251,-0.12695277260924154,-0.060408602178086745,0.01471773929376785,0.02476621091428577,-0.2959654776770936,-0.02038722164658202
2014-05-01,-0.017454620486946015,0.313066780799101,1.4139135043413287,-0.1639121725181849,-0.07343280144588238,0.028992606703173163,0.025413108228911407,-0.3712211986118733,-0.0031797530775407035
2014-06-01,0.023946807649093294,0.11679813554168977,2.0193662643432617,-0.19802522424277558,-0.08145432814723996,0.02851821533911436,0.025585614179478244,-0.3170543301338885,0.01911664103322208
2014-07-01,-0.03241951169861845,0.2554497933097796,1.6301497133768508,-0.16680164719017931,-0.07334654847059896,0.025628740667119954,0.022394254093991872,-0.15649441664381125,0.017779719916329095
2014-08-01,0.019979170786056266,-0.10176690382648435,1.2863453538971577,-0.19086622729425218,-0.05609595341391593,0.04464752171711295,0.026534396907595736,-0.2219604248839233,-0.014608272302593206
2014-09-01,0.01372583007800865,-0.2931622559803826,1.3330513400131272,-0.3142942349248192,-0.12703902558452496,0.03227021976394284,0.027008788271654538,-0.3032969805761838,-0.021336004374699624
2014-10-01,-0.010079991100213959,-0.1600307886304312,1.2258820182234837,-0.24356679519241886,-0.05997733730166965,0.03425403819546147,0.01924602049614721,-0.2797930448114532,-0.047168770472082455
2014-11-01,-0.02439798499726087,0.11714314744282339,0.894454960696961,-0.0873626569541539,-0.09387475658805178,0.03904107832369097,0.029423871579590144,-0.3170112036462468,-0.06170239680733791
2014-12-01,-0.00839805808218741,0.1330568213826135,0.5890331752183878,-0.058683542672418376,-0.09417664200154374,0.03024327484478262,0.022308001118708454,-0.3204613226575834,-0.060365475690445036
2015-01-01,-0.0031520339899227534,0.017734976142106895,0.1692673023483437,-0.028775839076300436,-0.06775289470064955,0.03113333901297688,0.04065204125457139,-0.25866828752732235,-0.07876030392789629
2015-02-01,-0.027287132090648203,0.031404013010368215,0.1594328137764593,-0.06707620970717126,-0.08764743350891097,0.03695282995689014,0.012186159195584967,-0.26827721443471403,-0.08146704390180942
2015-03-01,0.02382514108341144,0.026441656391527457,0.19186858113051836,-0.012400062234125986,-0.039196787975865954,0.032937832328919,0.0231033437570346,-0.1763833923203632,-0.0633769984094899
2015-04-01,0.022561995762251985,0.2825443702566082,0.8677866649495258,-0.04348245960122843,-0.039512574306155845,0.03343406799080306,0.014622225172106817,-0.3254345402171796,-0.04176819095108342
2015-05-01,0.013359079850947309,0.399926660458641,1.6088469574740425,-0.14534610728615932,-0.05191846585325771,0.02332890542152738,0.02251688342935343,-0.3138857829951502,-0.034459993021517976
2015-06-01,0.05481731378471677,-0.029407411736880162,1.6552675480266528,-0.19226293350065354,-0.04763279422789524,0.050486529826455795,0.02062216544761425,-0.13402291172862263,0.014802674503700985
2015-07-01,-0.028054041749923597,0.016246269156454662,1.9225130081176758,-0.21053342832456717,-0.036580272667749936,0.027389015382397075,0.026261207059933234,-0.14498520862297087,-0.0035129326531112004
2015-08-01,-0.03689605899803983,-0.2821267006345695,1.7327705359463654,-0.29214163853804803,-0.08047457257804119,0.040516704255875724,0.03185513633935372,-0.09657967542282436,0.0015847609644252247
2015-09-01,-0.012084275903836095,-0.03536223967948904,1.2258432511653345,-0.20715000335717576,-0.04830947922137352,0.028110812708773913,0.02332890542152738,-0.16185722112702933,-0.0007159680134009583
2015-10-01,-0.01686618319108263,-0.46009485391935784,1.0467472895580823,-0.3229984742406578,-0.024445055118039405,0.03478743797775963,0.027569464713991243,-0.10158714437456368,-0.005272313636154713
2015-11-01,0.005148635263410806,0.11865126483616811,0.8583581873737284,-0.15536104518963784,-0.07104609500224385,0.04078737825326706,0.019043233796164905,-0.29241231253543937,-0.028324715747314877
2015-12-01,-0.02602398676948875,0.2346350727183458,0.8369298292469161,-0.09238422846325894,-0.08101592057282386,0.03510322430804946,0.02274244509384621,-0.2837507446189174,-0.040820831960213855
2016-01-01,-0.00595244016960661,0.1670244989748333,0.5415604946903745,-0.11510729218181248,-0.061505220331218746,0.030305290393888407,0.01864344723019118,-0.14882062060050083,-0.02800392542459762
2016-02-01,-0.012567885746103902,0.2090495410665567,0.6879060247191713,-0.06947768038494628,-0.09856867824056914,0.01855863382536438,0.006557537042359507,-0.3195500045170281,-0.048528769392704785
2016-03-01,0.012028001653693887,0.008550652055791419,0.31311558878914936,-0.05327832006301059,-0.0800793559883074,0.028439395487696917,0.013554642940577843,-0.21620487073546402,-0.04835914258305096
2016-04-01,0.0036738812782453056,0.0013839193479193712,1.1872873523398928,-0.2547949699316985,-0.07388797743594455,0.03128064454939761,-0.02974260022354891,-0.44380164258842036,-0.02791911201977082
2016-05-01,0.01045895366439642,0.1622325416021141,0.9057492550170353,-0.25157206054827674,-0.05103076483509794,0.03717517618486643,0.00867787216303173,-0.5581725189974799,0.013639456345404755
2016-06-01,-0.021430886550513728,0.08903857323650899,0.601057098176437,-0.10162196081433716,-0.08147877716795104,0.02161191639913229,0.021272662779824758,-0.3101357165812435,0.02521648610427507
2016-07-01,-0.012610292448517302,-0.36869937261421026,1.4687406362579236,-0.3270559908442078,-0.05607716242229788,0.03268006572904136,0.02318096438842976,-0.4126327163145387,0.012664102189895554
2016-08-01,-0.047723042046849296,0.11202300594459585,1.9413633346557617,-0.11154512917908321,-0.056670856256086144,0.031831931680772474,0.03348579307489674,-0.2949541171172304,0.0009174456213714155
2016-09-01,0.00956841291371413,0.010289326854742709,0.8271696354449227,-0.11548895250353353,-0.16909102435412726,0.03518206117143452,0.02131506948223827,-0.6378547128323421,-0.00697020102752921
2016-10-01,0.010374140259569509,0.19738769790285948,1.2390659359867087,-0.14165388789262878,-0.08987530424581314,0.027464041332187605,0.02788810835632205,-0.5637277970136413,-0.04416087904412003
2016-11-01,-0.04263423775723596,0.251922717206549,0.7767904729777508,-0.06918083346805215,-0.0952185487499071,0.026700720688745627,0.026700720688745627,-0.3265471104152464,-0.017275029713996193
2016-12-01,-0.0022630570596369193,0.0739841938797362,0.8084682796805938,-0.07935844204727882,-0.11345343078768821,0.030347697096301918,0.028142548570802783,-0.40686540478631017,-0.048698396202358496
2017-01-01,0.0031024224499877073,0.15174873457353266,0.454474158906479,0.030266422879269728,-0.06274474851542988,0.03435123497389858,0.014539896314948564,-0.3432487950535952,-0.10065180475358593
2017-02-01,0.015642795580498303,0.15493488800734317,0.47334599078366446,-0.03145508787057272,-0.11948278850982508,0.024506837825842953,0.025528040849500222,-0.4084832442048183,-0.04611956329029032
2017-03-01,-0.03864435715711956,0.015642795580498303,0.7790124798247436,-0.1306751736491082,-0.09693462574747369,0.028959283008988423,-0.0002471234676080236,-0.3851181190235412,-0.044077157242975895
2017-04-01,0.011925616574386066,0.22065951460992184,0.7781546692848715,-0.09350338358798538,-0.08921433088862507,0.03872198391515147,-0.022386805020496614,-0.42911154528269435,-0.03219035404760584
2017-05-01,-0.01728078990221049,0.16208330917294372,1.1962351871701375,-0.20215938530511357,-0.055228694261312716,0.022505279899474817,0.026099914542748293,-0.33123944749538625,-0.030719821693539484
2017-06-01,-0.0049446573764312385,0.1621650054148363,1.8208029564388934,-0.24635705216899817,-0.06642107940059594,0.027284510050190613,0.026835180719781415,-0.3655518690902688,0.036311944779320426
2017-07-01,0.022219343052850782,-0.3253164699581744,1.3339750510010235,-0.2921069476288416,-0.1068198710164755,0.04248001104221011,0.0286733461623645,-0.2656373652556464,0.029163523613719877
2017-08-01,-0.020916272666430147,0.12691307703818905,1.9444093704223635,-0.2470106221041387,-0.038031635342925196,0.018869797135255162,0.025078711519091024,-0.27286748266313954,0.010700172945997344
2017-09-01,-0.001513415216943037,-0.004740416771699785,0.9702225339743216,-0.14288876181204857,-0.031373391628680136,0.030511511604947472,0.019768455796073447,-0.4465945410477059,-0.016913156813693875
2017-10-01,-0.020140158368450733,0.2689828416893815,1.7379221190388734,-0.14958785364723992,-0.08672259551090145,0.03435123497389858,0.0243025972211115,-0.45063850502138836,-0.018669626014384266
2017-11-01,0.007554867633133178,0.17785068385821118,0.7986604259999085,-0.09223709183865048,-0.08978620458187314,0.024057508495433866,0.015030073766303942,-0.5324164431558587,-0.04583362644366629
2017-12-01,-0.02434751482591846,0.10126045708391962,0.5563902206674696,-0.02553211033336078,-0.08525206315683509,0.020871355061623298,0.027897231864384975,-0.3202513029608346,-0.05028607162681187
2018-01-01,-0.040179596662088424,0.08176278194110653,0.33373169931511837,-0.0019120534387189747,-0.05838784526392854,0.03371113832795164,0.029329070199707985,-0.426481568036398,-0.05287248365424252
2018-02-01,-0.007767403092837688,0.05414819744329502,0.13226989476405315,0.002696673385813142,-0.07451838914979109,0.0355621843476408,0.008703128837457497,-0.269520420856635,-0.08468025403339069
2018-03-01,0.02982016404166632,0.06770994277122161,0.7320843580420981,-0.05948336229598944,-0.0731206605226789,0.026495836496102154,0.01784502958775902,-0.2878797752560008,-0.05309914235053098
2018-04-01,-0.019666984647982166,0.2079738993244009,1.3314077274781848,-0.15554887307291781,-0.0716851554461852,0.032200080352695226,0.002923332082101604,-0.2320839595196566,-0.04830153327909176
2018-05-01,0.028724647009605364,0.2375906356394272,1.6368680971762746,-0.22981737255677198,-0.05929448004908239,0.04081311081165695,0.022000439019714213,-0.38028097044293224,0.003754413968492687
2018-06-01,0.006625424121479928,0.45612739531089025,1.7007102966308592,-0.12630990125170566,-0.08078927974710531,0.02985794049104773,0.019129428866726972,-0.18350344561516202,0.020791592639509082
2018-07-01,-0.01993141979365204,-0.16979059448970973,0.8238055771401642,-0.24345467078346134,-0.05608348185166251,0.02562697816032966,0.025211437217134147,-0.20707595002916251,0.018373899879098765
2018-08-01,-0.07055186196474289,0.3328250645299645,1.492902048583717,-0.12294779725676003,-0.04988814415311099,0.03136899846630414,0.022491532861672547,-0.3397468402566782,-0.012036141872937167
2018-09-01,0.04058645211536849,-0.01075174259396916,1.6465388682179158,-0.2099091837327683,-0.06072998512557598,0.038735406095679326,0.02445590822950594,-0.23268838270975917,-0.00032544256469974053
2018-10-01,-0.005576369028715833,-0.152262321976735,1.3865613435750448,-0.20786925546617213,-0.06541426484887097,0.02339816764682645,0.023964814387547606,-0.2099469601821497,-0.05423243583197329
2018-11-01,0.009043116881890245,0.25655441322889555,1.223178200000442,-0.13888945889571552,-0.1257810309603659,0.027591353528163054,0.021244910032086006,-0.28784199880661937,-0.08566244171730736
2018-12-01,-0.004443075547273523,0.09468232762954909,0.8550089243292097,-0.1108593334547085,-0.08226256127298032,0.034466667315579846,0.017429488644563507,-0.20711372647854392,-0.07799382249288084
2019-01-01,0.003795943688693515,0.08991936454349747,0.5362282771137792,-0.012783319061341336,-0.06502211531753388,0.03292058530797615,0.005812885629087106,-0.1540902714053124,-0.07688173392704789
2019-02-01,-0.020488037273644677,0.10460270186956244,0.2696692302713694,-0.03674458931321656,-0.08208544413326324,0.027031114842027026,0.019891140373033966,-0.3233520390431379,-0.07264615585222145
2019-03-01,0.0028278115573046048,0.2890318728991474,0.4955667275954454,-0.06554652022203622,-0.10265825192527722,0.027071453680834967,0.020415545277536307,-0.25578448403995446,-0.05251707528709393
2019-04-01,-0.030371052781572927,0.13893105369506042,0.6435699271815231,-0.07885833702863354,-0.06409432202495291,0.03844700622465447,0.014889124360857986,-0.36022173771353183,-0.03827746518791564
2019-05-01,0.018882669402837227,0.23231546553528115,1.5102902178074333,-0.1505001147514119,-0.06901566035951312,0.024126718447860407,0.027192470197258567,-0.4181079714028262,-0.0016094607115610948
2019-06-01,0.018277586820719116,-0.11943920886935144,1.7374785579733611,-0.33331573222868205,-0.0743807259209599,0.012509132871193596,0.028886701427189077,-0.202577555652373,-0.004917245493806566
2019-07-01,-0.012178236479223226,0.40432027421204186,1.9587774276733398,-0.1721620711912385,-0.09108100518741835,0.025135189418057147,0.028725346071957647,-0.08628068336928174,0.006014579823126476
2019-08-01,0.028967379104804847,0.08689395163290725,1.3530090852955454,-0.1605444856145718,-0.10084300417892311,0.029895172397385927,0.020173512244689107,-0.24622417924248918,0.012670488226425136
2019-09-01,-0.04618387759425824,-0.06203704124575149,1.0035133858641534,-0.246264518081297,-0.05070182754073982,0.030580932657119697,0.021948421152235387,-0.1878538794875002,-0.011089087831410716
2019-10-01,0.029814494719770157,0.05986692963163387,1.2788259607278711,-0.21471954613354216,-0.07910037006148074,0.04744256727880969,0.015816917653439067,-0.3873697762312287,-0.009757906150751006
2019-11-01,-0.018995500237753427,0.15284795308377586,1.1101692756721637,-0.0633682229264112,-0.07183937907606408,0.020617239471575677,0.019891140373033966,-0.23956827083919052,-0.03412256479070497
2019-12-01,0.009564397638219035,0.18822511471827846,0.49584909946710054,-0.017422285524246406,-0.06054450420986024,0.024046040770244637,0.022553503734353386,-0.33404183132722365,-0.07716410579870303
2020-01-01,-0.014438336483426184,0.10722009651740921,0.5269036984932268,0.003839977704416131,-0.09565652700861971,0.03533102247146103,0.023004769023770466,-0.25906381158399583,-0.038331005837511256
2020-02-01,0.0032489929500748582,0.13394105005298484,0.5149151506194456,-0.056862599205785624,-0.04647815280807377,0.02693059632046646,0.01950107369446119,-0.19857230065748743,-0.04234125952768453
2020-03-01,0.06374050387658325,0.04381587501593287,0.4354699143572762,-0.052219147564532276,-0.10452129832373958,0.03372692099539165,0.008525642542408063,-0.2625252937165664,-0.06074621330574281
2020-04-01,0.022835916236815912,0.10312541643375861,0.7725422903155243,-0.1425553885852776,-0.11921149078879534,0.019754352874893244,0.016630576316231993,-0.5238671947256477,-0.009668245251956975
2020-05-01,-0.04094822403530851,0.41799365090746843,1.403418515574888,-0.07615403011535593,-0.05914211182967355,0.025537560828090444,0.018445743775994616,-0.5017052664378481,-0.0029141337737703665
2020-06-01,-0.0030829865607250317,-0.25518019748403853,1.9578466415405276,-0.30790448021063244,-0.03225230550714331,0.028872403370445054,0.024017885745498457,-0.24053221821572146,0.014730982462991982
2020-07-01,-0.0076420118085009925,-0.1938022094260181,1.8853243695434994,-0.2819011510196141,-0.0162957171399275,0.04060767206379423,0.028619124190013112,-0.14960499244063485,0.0066682618859067455
2020-08-01,-0.011272346728026239,0.18848050023934132,1.470284219208935,-0.1716402811382185,-0.10984016111281147,0.028070352632410422,0.026001905992215857,-0.23517114222991087,0.01781254582491465
2020-09-01,-0.05040398010476965,-0.03461624452450862,1.1950119632760938,-0.14542588596350692,-0.07556304536101466,0.026846169926989183,0.02494657607374917,-0.3008548763552752,-0.002449788609645065
2020-10-01,-0.015873585172540894,-0.062434741175289465,0.9054716468455837,-0.17028945884258118,-0.08835364397283041,0.017643693037959984,0.008483429345669369,-0.42356863927457733,-0.015662519188847535
2020-11-01,0.0010961199164029045,0.03503553009429039,0.406173955820642,-0.07429664945885461,-0.10954466873564073,0.02203386549878117,0.02604411918895444,-0.480725307658731,0.008314576558714704
2020-12-01,-0.0028297073802930894,0.17142636875692024,0.5536668652255411,-0.02625803157025275,-0.08197945126529183,0.029843306895434463,0.017896972218391927,-0.4135218984507748,-0.07011754298172668
2021-01-01,-0.015507139458245334,0.1887779731791817,0.4428639341710064,-0.045053706922151715,-0.06657841761760208,0.023912482489914955,0.033458855024322054,-0.5940608726366301,-0.025452789931353803
2021-02-01,0.018032207392675526,0.03178914728066151,0.23012138883199434,-0.011078784138102038,-0.14371165577583456,0.0356730326843937,0.022678350679383175,-0.3181961149883633,-0.11576220006673377
2021-03-01,0.030518717475702395,-0.018338383023582816,0.2660564033151238,-0.08846610825732637,-0.08222285321581302,0.023730992517777882,0.018068505387102918,-0.4690142818342249,-0.10973673299178488
2021-04-01,0.04456604131910752,0.030772803436694196,0.5344437741113455,-0.08639712257496435,-0.0931848475328888,0.030010545553718737,0.024275462434188988,-0.3913728717540088,-0.03318426274439079
2021-05-01,-0.011441764082376071,0.5123019975106293,1.458844798194031,-0.11652445794970934,-0.060879632492499725,0.022823542657092855,0.024529548395180845,-0.21151630936622434,0.009574774691090582
2021-06-01,0.025981468172276978,0.5036630748369073,1.7170324325561521,-0.12117060123641699,-0.06824812536126257,0.013494958089250164,0.01995600109732798,-0.30719782267686,0.022024986779690003
2021-07-01,-0.04080684157414549,0.1391223168024937,1.335250127168722,-0.11543551811688724,-0.07155124285415637,0.02554589223914805,0.021262728896714433,-0.2685041606172478,0.022569456696100998
2021-08-01,0.014656493910927049,-0.2942394386662769,1.0909283266778689,-0.24316816050692014,-0.037721512047816264,0.02227907274068175,0.022642052684955782,-0.30973868228677826,0.02416656845090681
2021-09-01,0.0018070038836262015,-0.28835916356903757,0.9917985038966298,-0.20589012022997677,-0.023093420293572642,0.03280549112462877,0.024747336361745198,-0.3735142584957263,-0.008574222522611197
2021-10-01,-0.018810256951139026,-0.027340285641578865,0.5006140433050054,-0.11931940352061932,-0.06447313394081267,0.038141296305457095,0.023113926612512103,-0.3083593584985369,-0.014781179569697267
2021-11-01,-0.037431128092397015,0.09966639685990608,0.6134645079798029,-0.08690529449694806,-0.06447313394081267,0.019411531180916874,0.01995600109732798,-0.40150001219925435,-0.01982660079510634
2021-12-01,-0.008537924528183805,-0.024581638065096167,0.5084907080957519,-0.08019016552787839,-0.09685094497005653,0.04267854560888257,0.009284390735671333,-0.34429437298166643,-0.07743151795139569
2022-01-01,0.016970733723606857,0.09858868668659404,0.555085703739906,-0.05961249548557973,-0.09647221617854163,0.03613963608899434,0.016924543597425235,-0.27079375238811354,-0.05656394715759039
2022-02-01,-0.009450018452300701,0.05498520757111025,0.4098639470247777,-0.06067486838775782,-0.10035218677780078,0.02380687239849205,0.024176393407945307,-0.4185097759170513,-0.09360842835527894
2022-03-01,-0.0005815142254226302,0.3120794498982107,0.7482990015577753,-0.04229119816745852,-0.08547896614730743,0.015215508928703936,0.027686842997751204,-0.3186467231123098,-0.04677164040707921
2022-04-01,0.021728316720317498,0.42616906156690243,1.64960693374044,-0.08917417624183988,-0.06945099236227259,0.027733033123932882,0.028333504764294415,-0.31721482920067845,-0.013930460691921387
2022-05-01,-0.025247041606427212,0.3171603637781929,1.2428566825847722,-0.10173789056325055,-0.035547439744936626,0.022467358739224008,0.02242116861304233,-0.2307007228624357,0.006300814575644187
2022-06-01,-0.029450343088957998,0.15761966794675114,1.5954259157293569,-0.26321857169432183,0.00011133766730225814,0.017848346121058345,0.027917793628659482,-0.4653465638652511,0.013691234764709237
2022-07-01,0.00690128621600572,-0.20123142235853875,1.9308586120605469,-0.2913021684127691,-0.03679457315184137,0.02389925265085535,0.016416452209427,-0.2833574667095241,0.01886452889705481
2022-08-01,-0.011851905013746833,0.24847564614606962,1.3853070317290013,-0.1337014578809569,-0.03702552378274965,0.02371449214612875,0.016832163345061935,-0.2725489771830165,-0.00085865498251253
2022-09-01,-0.01623996700100422,0.2126321082291041,0.6291284760091014,-0.06940480223609091,-0.019196135076630205,0.01918785978032639,0.020989274701410987,-0.37499867705393075,-0.002937210660687084
2022-10-01,-0.03527029898784673,0.1580815692085677,0.9725982542958996,-0.09624126554763335,-0.027279407158420088,0.03493869280827128,0.014476466909797425,-0.44054246610570147,-0.016147586748640863
2022-11-01,-0.009034307316665768,0.11669521614980344,0.38764649633140086,-0.12035251141445813,-0.04968161835652357,0.03267537662537012,0.03276775687773342,-0.34446700364785576,-0.02390752794715917
2022-12-01,0.024222583534126985,0.052213800000210864,0.3166522723901947,-0.0010434154872391854,-0.10173789056325055,0.02879540602611097,-0.002336739020325551,-0.4935225408360615,-0.06631006378191989
