,vo1000_cluster1,vo1000_cluster2,vo1000_cluster3,vo1000_cluster4,vo1000_cluster5,vo1000_cluster6,vo1000_cluster7,vo1000_cluster8,vo1000_cluster9
1980-01-01,3.6855279847233953e-06,-6.499712255542223e-05,4.447564146046765e-06,-8.548465605218131e-06,1.3119866981976886e-05,9.35938418588111e-06,-0.00018809081161440735,5.0368525867533434e-05,-6.961799428859851e-07
1980-02-01,4.083112068892111e-06,-6.045803759449606e-05,-9.062011713936057e-06,-1.1745704282074883e-05,2.106326566359768e-05,2.2032376868758926e-05,-0.00013927079927919045,0.00011293003811183155,-1.325688076153121e-06
1980-03-01,3.3542079145828033e-06,-5.848668317715952e-05,9.627292158551306e-05,8.71331004910695e-06,6.426740280993145e-05,1.5149202411588033e-05,-0.00016271169424163766,7.422357091765638e-05,-2.9491564198420465e-06
1980-04-01,2.5590397462453714e-06,-5.640764973702727e-05,0.0001560679112441372,1.3003904957427676e-05,6.831779066740025e-05,-2.474173403333978e-05,-7.296537024230359e-05,-0.0001672424962008103,-1.7232721603218368e-06
1980-05-01,2.6087377567664575e-06,-6.934569847601756e-05,0.00016758128368152291,1.873574217085999e-05,5.329242548652419e-05,-3.584923938480327e-05,-1.0130518940139476e-05,-0.00016942092566198474,-9.943680060125288e-07
1980-06-01,2.3271156971469515e-06,-7.030652667942529e-05,0.0001666867194921433,2.172590580387887e-05,3.920303950379533e-05,-4.3229393947185056e-05,-3.209703959046101e-05,-0.00016404525752395356,-1.325688076153121e-06
1980-07-01,2.7329827830691863e-06,-6.999177261279174e-05,0.0001588344338298112,1.7393895886790576e-05,4.477749968391087e-05,-3.854949795644913e-05,-4.2931205884058526e-05,-0.00015200177297434287,-2.8911754075674416e-06
1980-08-01,3.6192639706952715e-06,-7.30730492650993e-05,0.00021456246962745952,1.7791479970959292e-05,7.819941175934353e-05,-4.694846173451325e-05,-4.1481680577193416e-05,-0.00019614188931882384,-3.976248637277898e-06
1980-09-01,2.1531726603231366e-06,-7.179746699505798e-05,0.0001500793009763459,8.24946195091011e-06,4.688966513105717e-05,-4.402456211552249e-05,-0.00011953240610056441,-0.00016144439497334985,-2.7337983742506644e-06
1980-10-01,3.2879439005546794e-06,-7.159867495297361e-05,9.104634747904517e-05,2.8121426402876696e-07,3.8026853254796216e-05,-3.106994737302517e-05,-0.0001601936617085691,-0.00017234482528097548,-2.2202522655327385e-06
1980-11-01,3.3790569198433463e-06,-6.75814191025189e-05,0.00010070432752364355,-2.0545922304624425e-06,5.261321934273597e-05,-2.168530638629278e-05,-0.00017598106305076854,-0.00012938917818724715,-4.80821897294603e-07
1980-12-01,4.141093081166716e-06,-6.351446524154307e-05,9.127827152814357e-05,-2.6095533479479356e-06,4.708017417138801e-05,-5.384358935375428e-06,-0.00016651359204650099,-5.725251591588579e-05,-2.1208562444905528e-06
1981-01-01,2.375286709850187e-06,-6.258627152522017e-05,-6.715665064708782e-06,-9.223801163830918e-06,5.644603470720415e-05,1.3532742645812114e-05,-0.00014620469595940833,4.466362791597924e-05,-1.9910365989205783e-06
1981-02-01,2.958574174762309e-06,-5.5586821946274667e-05,-4.637921267873328e-05,-1.1598614413830285e-05,1.6490843360723603e-05,2.4181905219493477e-05,-0.0001949091992795708,0.00014553069595542594,-2.732644947165986e-06
1981-03-01,3.241885229148202e-06,-5.6603408670835806e-05,7.116154417913004e-05,9.749706801953477e-06,4.520525199054049e-05,-5.578159708507846e-07,-0.00011051583578485649,-6.2386287251536e-05,-2.1076940919029973e-06
1981-04-01,1.5336862247626967e-06,-6.73025673129382e-05,0.00013104016879139473,8.216494037041607e-06,4.895495712211844e-05,-7.507269481375238e-06,-6.539438403486855e-05,-8.975080203398484e-05,-2.0077019550609278e-06
1981-05-01,2.908578106341274e-06,-6.446112409100915e-05,0.00015291344872559942,2.04738634782664e-05,5.181306570018785e-05,-3.14720516111934e-05,1.3066112673882418e-05,-0.000164853229480456,-2.8576351182185863e-06
1981-06-01,3.0002375651131758e-06,-7.452699919977839e-05,0.00012594890249051892,1.5474256636162477e-05,4.7251019256390304e-06,-3.0480462920842792e-05,-7.417702672083112e-05,-0.00014089678002870802,-1.966038564710061e-06
1981-07-01,8.587393010786598e-07,-7.328543016732258e-05,0.0001887522971054144,2.389859416510759e-05,5.898750151860698e-05,-3.792987711557763e-05,-2.9780517962948238e-05,-0.00020120037122255154,-1.9993692769907463e-06
1981-08-01,1.6003476493240808e-06,-6.461944497434242e-05,0.00010401729380982302,1.1357913669496906e-05,2.2907005474756976e-05,-4.1121292816453974e-05,-7.512695202083086e-05,-0.0001558622698427391,-2.8576351182185863e-06
1981-09-01,2.8002532914290164e-06,-7.118559529363893e-05,0.0001931769491606764,1.4032703330022509e-05,7.571118640544462e-05,-4.510431293399677e-05,-0.00012130665388573078,-0.0002096747048199177,-3.474253295411407e-06
1981-10-01,3.3668754002007955e-06,-7.337708962609448e-05,0.0001547299725448972,1.767001210727548e-06,7.031161101597238e-05,-3.543840637259585e-05,-9.555034597082538e-05,-0.00016717804666203432,-1.5244066269908755e-06
1981-11-01,4.050155001955e-06,-7.49852964936379e-05,3.878908987650712e-05,-3.215940275236038e-06,2.3723607925633956e-05,-1.0682019826111243e-05,-0.0001887346848295724,-7.083562281469166e-05,-7.328022103244197e-07
1981-12-01,4.683438535288164e-06,-6.416948035855308e-05,2.6906690948440122e-05,-8.60718298663811e-06,1.9840579944933236e-05,8.933104351076503e-06,-0.00019796729213132432,1.8690670371249335e-05,-9.74449874359439e-07
1982-01-01,5.010941071802497e-06,-5.8583590138323345e-05,2.1102883378822988e-05,-8.082556032254753e-06,2.6171888163202107e-05,1.4014868214225067e-05,-0.000140426538572214,3.785637376787262e-05,-1.673272016751662e-06
1982-02-01,4.856293468211262e-06,-6.0456544448483766e-05,6.113942964188519e-05,-1.3950573435188548e-05,5.570958044912654e-05,8.49051215260511e-06,-0.0001626614273552194,2.709977378474947e-05,-1.630314349087433e-06
1982-03-01,4.383759123904743e-06,-6.373851025803093e-05,8.448262625062767e-05,-6.106503319700194e-06,5.938675680118461e-05,1.4951345369305277e-05,-0.0001401430179656301,4.211777440016422e-05,-1.1234138706495259e-06
1982-04-01,1.2564409179488019e-06,-6.323160977959302e-05,0.00015077489899006715,1.1540506556765428e-05,6.494547899693596e-05,-7.953683029262066e-06,-0.00010740068367195413,-4.7826990155200194e-05,-2.944818979612877e-06
1982-05-01,1.7547498628538687e-06,-6.604104124483364e-05,0.00018581976427054585,2.1102883378822988e-05,6.62084344262643e-05,-3.589335007807715e-05,-2.564365057339191e-05,-0.0001470763855266368,-1.269469940707907e-06
1982-06-01,3.919816313131052e-06,-6.884188117654144e-05,0.00017671273872572912,2.1102883378822988e-05,2.1077108778224446e-05,-4.0584327387011045e-05,-1.984436543872089e-05,-0.00014239399975123575,-1.0976392700509912e-06
1982-07-01,5.217137876590801e-06,-6.630737878435188e-05,0.00017115401652997777,1.688444041419562e-05,3.841482344750761e-05,-4.33593927181203e-05,-1.3082828548371115e-05,-0.0001227795286957484,-3.348621055656632e-06
1982-08-01,4.787561199948498e-06,-6.891920497833703e-05,0.00023675037505325674,2.0784996638107684e-05,8.131235037700751e-05,-4.615164111629524e-05,-7.267370513219074e-05,-0.0001510198994182131,-3.486085592182173e-06
1982-09-01,4.555589794561659e-06,-6.497569108676076e-05,0.00012530100206517886,1.0767268538809293e-05,4.4918614331872e-05,-4.1091227865448966e-05,-2.938096766017991e-05,-0.00014755751140447618,-2.8674951778172596e-06
1982-10-01,4.907842669408345e-06,-6.897075417953413e-05,0.00011005103004437727,6.677698577174613e-06,3.1283850615245455e-05,-3.9269822756485615e-05,-0.00012180868540653681,-0.00015444792129781863,-2.4551015682406507e-06
1982-11-01,4.3322099227076604e-06,-6.654794172327155e-05,0.00014378998222786338,1.3079901191458848e-06,7.830531364051143e-05,-3.816151493074849e-05,-0.00015058173120803794,-0.00014418963025960056,-9.85949334123985e-07
1982-12-01,3.6964364412770664e-06,-6.537090162927166e-05,3.8784259389419984e-05,-8.357485105305834e-06,3.1129203011654226e-05,-1.0041425677743645e-05,-0.00020177867953026705,-6.354090498677546e-05,-2.059891025729736e-06
1983-01-01,3.5760063720991113e-06,-6.60443482852028e-05,5.1299286066016894e-05,-9.95862868863494e-06,4.340625547183158e-05,9.669634617169489e-06,-0.0001467218999863414,3.957274611936934e-05,-1.7005019656437072e-06
1983-02-01,2.8805851743735362e-06,-6.499252372364287e-05,7.817731535811047e-05,-9.12412325136425e-06,6.983226098540354e-05,1.9005664196635373e-05,-0.00021483840630356178,4.958681136661766e-05,-4.1344761576832335e-06
1983-03-01,3.4977714873549883e-06,-6.115032160620904e-05,6.16871402070427e-05,-7.689817031055252e-06,5.3689796433198566e-05,2.489410750652901e-06,-0.0001332481142804083,-7.081323483045365e-06,-2.2655316887957395e-06
1983-04-01,3.680319551757951e-06,-6.899119561056494e-05,0.0001241446565277712,1.351183673460331e-05,5.130797883098846e-05,-2.7436337622320766e-06,-0.00011874858230783002,-5.66822404108222e-05,-1.5961887859848744e-06
1983-05-01,3.4369221325539963e-06,-7.849238772449065e-05,0.00015030118632722447,1.9692392629389383e-05,3.339219022458326e-05,-8.18530463443472e-06,-7.801428565105431e-05,-6.13067913756973e-05,-1.387562426667195e-06
1983-06-01,3.3847655427245765e-06,-8.142184951990965e-05,0.00019856341744937955,2.2282836590917155e-05,6.366383927972997e-06,-3.783632595245904e-05,-2.8161278539101943e-05,-0.0001711051057315945,-1.1267794775201095e-06
1983-07-01,3.6629340218148133e-06,-8.159570481934104e-05,0.00018928823722471467,1.9622850509616825e-05,3.707792257252883e-05,-4.050500479873096e-05,-6.416671105134374e-05,-0.00017811147429867965,-5.247150074044154e-06
1983-08-01,2.1330073868185414e-06,-7.651913007594432e-05,0.0002161575737518367,1.851886935822747e-05,6.024414122176214e-05,-4.467753198508442e-05,-2.9743361763927628e-05,-0.00019976515184285987,-5.229764544101016e-06
1983-09-01,3.1152898286059187e-06,-8.409052836618154e-05,0.00015072713181083137,6.557624757347525e-06,5.8818527766424704e-05,-3.721913963947759e-05,-8.800227260338793e-05,-0.00021171770367876824,-2.395923163369289e-06
1983-10-01,3.3673800127814388e-06,-7.028641759132882e-05,0.00010979290155970956,3.923716970961906e-06,4.175463012723334e-05,-2.6405340014844854e-05,-0.0001401762479627494,-0.0001549974122392758,-2.804483117033062e-06
1983-11-01,2.367712041050924e-06,-6.859132842187273e-05,6.95280142113986e-05,-7.95929274517391e-06,3.8651313032382946e-05,-1.3574818916807944e-05,-0.00020921418736695614,-0.000126789389906532,-1.55272496112702e-06
1983-12-01,4.5322105189717855e-06,-5.689086677013988e-05,0.000108289053219628,-1.7700440854162647e-06,6.810240075606117e-05,-1.891742795018242e-06,-0.00015864837352733504,-2.0424717714404895e-05,-1.7265802605584171e-06
1984-01-01,4.458441394134869e-06,-5.3747276280736935e-05,2.9129663324503837e-05,-8.373217735485413e-06,4.060846382384466e-05,-4.6104453415405527e-07,-0.00017608669217406868,-5.6593013317126825e-06,-2.6830123450978863e-06
1984-02-01,3.2613664849179014e-06,-5.97900448293185e-05,5.042283825078107e-05,-8.602793745472219e-06,5.820382516069139e-05,6.565621200085297e-06,-0.00018315435362437714,4.237127961481486e-05,-3.6505112443280344e-06
1984-03-01,3.5975313566843057e-06,-5.6362802965943885e-05,0.00010812840818961017,1.6953301310792558e-06,6.625538379665759e-05,6.024477747973515e-06,-0.00011191199823953966,3.0891844774277833e-06,-2.3140509004762085e-06
1984-04-01,8.180218072010692e-07,-6.395520958193645e-05,0.00015409280504625637,1.9594059766837132e-05,6.206562161439819e-05,-1.8400769885981003e-05,-0.00014378206791163808,-0.00013587809385352055,-1.7729074483644396e-06
1984-05-01,3.13837933671068e-06,-6.737425230209725e-05,0.00020071313336000776,2.5964794043971292e-05,7.906244549663643e-05,-3.6004330366041547e-05,-3.596333464997247e-05,-0.00016869926413842152,-1.305556285176982e-06
1984-06-01,2.4578504499640395e-06,-6.734965487245582e-05,0.0002153977988559502,2.534985830293518e-05,4.6667630658853854e-05,-4.3424554974544005e-05,-2.776419143615759e-05,-0.00017605389560121346,-3.6915069603971127e-06
1984-07-01,1.4739532643062546e-06,-6.491450933795279e-05,0.00017329519845301082,1.9848233206465393e-05,4.358475281045946e-05,-3.343799854011748e-05,-5.928169795006198e-05,-0.0001785628334246408,-2.5682243401044697e-06
1984-08-01,3.3925527763389412e-06,-7.244132280823486e-05,0.00013584971139551827,1.0771781668772321e-05,3.623832049088133e-05,-4.078443085969561e-05,-7.701644472154356e-05,-0.00018829521641943904,-3.3717403750583316e-06
1984-09-01,2.4742487363916762e-06,-7.003897384658708e-05,0.00012193576536167442,1.1321124264097922e-05,2.8137566995632233e-05,-2.9084253493581792e-05,-3.7357188996320996e-05,-0.00019200122915208337,-3.174960937926772e-06
1984-10-01,4.581428542342091e-06,-6.527527163936064e-05,0.00013457884419737696,2.5972358845988976e-06,6.336928538539476e-05,-3.2847660228722814e-05,-8.897899467049945e-05,-0.00014209304440959222,-1.6171237273019447e-06
1984-11-01,3.982891087733607e-06,-6.943223724876479e-05,9.19432994855396e-05,-4.093264977874037e-06,5.449781242804706e-05,-2.163123231222406e-05,-0.00011601156984644711,-0.00013145055651806053,-1.928691169426921e-06
1984-12-01,4.540432826273026e-06,-6.768581974422224e-05,7.114963795410898e-06,-3.166761794712967e-06,3.10558276385542e-06,6.5492229136576604e-06,-0.00016962576732158256,4.372413824509432e-05,-1.51053486552236e-06
1985-01-01,4.048781019414357e-06,-6.293027617031383e-05,6.729525917070569e-05,-4.876575801662683e-06,4.311125748416683e-05,7.833201433385072e-06,-0.0001361130179655922,1.886677419283849e-05,-1.7920139573988886e-06
1985-02-01,3.53036726407591e-06,-5.750421219777134e-05,4.450233439432501e-05,-1.2563197435491453e-06,4.9202619109393655e-05,5.526260222128948e-06,-0.00019395935283210796,2.5925841494697098e-05,-2.8461219265870784e-06
1985-03-01,3.2884408449179568e-06,-4.750746694899484e-05,6.896282341704438e-05,-1.214300860565667e-05,5.6952904751703535e-05,1.1557140242566297e-05,-0.00014000976135988624,7.274724383101508e-05,-3.355895452669883e-06
1985-04-01,2.0442478321056772e-06,-6.621356328745737e-05,0.00011265646276282037,1.6024138767732637e-05,5.398066588776307e-05,-4.461844797391923e-06,-0.00012060380645171679,-7.971824161402409e-05,-1.7401725818650386e-06
1985-05-01,2.018327144338752e-06,-6.10467061925841e-05,0.00019124798807212991,2.4863093296253267e-05,6.23962491827573e-05,-2.1439895284726274e-05,-7.235676628821806e-05,-0.0001533761960183627,-1.9475380840004253e-06
1985-06-01,2.5021799826546455e-06,-5.9690190199448496e-05,0.0001910319823407389,1.563532845122879e-05,3.1844398534811105e-05,-3.1436640533502786e-05,-1.349952459879229e-05,-0.00013896429361995367,-3.675583935128598e-06
1985-07-01,2.2688937927523337e-06,-6.901299756628503e-05,0.00019846257950059006,2.167484870092178e-05,3.663108554243616e-05,-3.962757786785035e-05,-3.8374744625782416e-05,-0.00014649857353087254,-2.9584449069104067e-06
1985-08-01,4.333908584850505e-06,-6.951413086311219e-05,0.00018457773108677516,1.4080087185213436e-05,6.815928209626977e-05,-4.366256493023465e-05,-9.526201404492206e-05,-0.00020571006461977956,-2.949804677654765e-06
1985-09-01,3.6340500151435968e-06,-6.894387573223989e-05,0.00015087219676052002,1.2533486148453711e-05,3.646692118657898e-05,-3.4141032290518374e-05,-8.651810203821346e-05,-0.000164772658406553,-2.7856403217975867e-06
1985-10-01,4.3166281263392215e-06,-6.5332259903382e-05,8.817005305233408e-05,-4.634649382504743e-06,3.99143726595797e-05,-2.6157460458306196e-05,-8.70969973983414e-05,-0.00012238369367837881,-1.7920139573988886e-06
1985-11-01,2.5885822752110487e-06,-6.877107114712709e-05,4.793250540881445e-05,-8.367228420941595e-06,3.498080175460875e-05,-3.6410230181060314e-06,-0.00010620918451181906,-6.683565979386351e-05,-2.8806828436096316e-06
1985-12-01,2.493539753399004e-06,-6.175520499154667e-05,1.2714930962822173e-05,-1.6411281857943265e-05,-8.588691977896688e-07,-7.811071344888937e-07,-0.00016154121266494332,-3.7735367660864986e-05,-2.5609943611509166e-06
1986-01-01,4.524446030427503e-06,-5.999413570575179e-05,3.067826373530496e-05,-2.3157832154635207e-06,4.003765669323769e-05,1.111100948586989e-05,-0.00018105394742331165,7.837617943587243e-05,-2.4469896587990265e-06
1986-02-01,3.22987578951718e-06,-4.535149662950936e-05,1.7478895535753095e-05,-5.683415261074841e-06,2.8386524525044793e-05,1.489850215015481e-05,-0.00015989472166140576,5.6473450495065364e-05,-2.910585758584484e-06
1986-03-01,3.011198383957999e-06,-5.492081989677891e-05,0.00014800306536591408,7.034862646246849e-06,7.605819893694516e-05,1.288020428151702e-06,-0.0001731815608231813,-6.254828780268297e-05,-2.726896737914773e-06
1986-04-01,3.0724280575145785e-06,-6.351921548336572e-05,0.00015047849359684396,1.3953815758139173e-05,7.478986998470195e-05,-8.534968629566486e-06,-9.16848653193876e-05,-7.17502330286131e-05,-2.175829675905654e-06
1986-05-01,4.489457645538033e-06,-6.453387864516029e-05,0.00016708922932311896,1.7076529109524204e-05,5.360440293412897e-05,-3.3000596763527106e-05,-5.5821770807682716e-05,-0.0001327349878909561,-9.774774934413668e-07
1986-06-01,4.506951837982768e-06,-6.852255452255966e-05,0.00016116744518057647,1.9132096721780466e-05,3.9425359957671996e-05,-3.560723143779249e-05,-2.8670784133455414e-05,-0.00017570072453522304,-3.444158628148868e-06
1986-07-01,1.3230088130411721e-06,-6.358044515692227e-05,0.0001729147954072154,1.4636089263483798e-05,5.4242940958361765e-05,-3.80739125725e-05,-8.187937045411414e-05,-0.00018754429282030798,-3.0680334905870856e-06
1986-08-01,3.6322422157460582e-06,-6.807645261521894e-05,0.0001121399708542092,1.0393747595635781e-05,3.620642854784092e-05,-3.609706882624504e-05,-3.8108900957389445e-05,-0.00016345478982390918,-2.796873507693713e-06
1986-09-01,3.212381597072445e-06,-7.485545218755341e-05,0.00010996194389483981,4.183309277755191e-06,4.9659462537841436e-05,-3.958716021896949e-05,-5.482460183833286e-05,-0.00016132924544187395,-3.4529057243712423e-06
1986-10-01,2.0490177994976277e-06,-6.816392357744262e-05,8.494524869887009e-05,-5.814621704410347e-06,2.0872768870031498e-05,-2.2757747087135305e-05,-0.0001096776422487966,-0.00015782165985670478,-3.0155509132528805e-06
1986-11-01,3.4398060988539866e-06,-6.98083776672476e-05,8.92925555213865e-05,-4.301374057940843e-06,4.1052319855032264e-05,-2.0352295625984356e-05,-0.00011837225589382943,-0.00010041446734930989,-2.2633006381293157e-06
1986-12-01,4.078344123086781e-06,-5.687142235436676e-05,5.684082853640477e-05,-6.409424247531297e-06,3.4063389973361e-05,-6.5756190757562726e-06,-0.00020125973969697952,-7.316726261663657e-05,-3.627847648818579e-06
1987-01-01,4.595418152718024e-06,-5.91218854306888e-05,1.402266488760974e-05,-1.270542292220894e-05,2.0412828409957196e-05,1.4812657630757088e-05,-0.00020819351606259383,9.914702623243516e-06,-2.514516535608133e-06
1987-02-01,2.251773014714213e-06,-6.21940794318174e-05,4.843123770024988e-05,-1.767359950689117e-05,7.291223504067167e-05,2.8988638521678986e-05,-0.0001574759819525339,0.00011906536663476908,-3.769727227497809e-06
1987-03-01,2.804767934917366e-06,-6.0622871642668786e-05,9.34344909682106e-05,6.517733827709914e-06,5.310097258196533e-05,5.622408718809578e-06,-0.00011656313555464728,-3.930184527483641e-05,-2.725181267114083e-06
1987-04-01,2.8837672092320974e-06,-6.42129497754162e-05,0.000180640912114532,1.29868966243721e-05,7.88810691000072e-05,-2.614407725285998e-05,-0.00011097174247259323,-0.00012873780149626256,-3.032400667226943e-06
1987-05-01,3.2787635808057743e-06,-7.329786632161071e-05,0.00018376577229853707,1.5242764790915087e-05,5.827981389815352e-05,-4.015328189800633e-05,-3.8204633131576194e-05,-0.0001627074894515986,-6.975332263692248e-07
1987-06-01,2.251773014714213e-06,-6.891779544571595e-05,0.00017849915401088807,1.9271727780966574e-05,5.9157583612761684e-05,-3.991628407506213e-05,-7.547473521383898e-05,-0.00019101556274771198,-2.2950741069560903e-06
1987-07-01,3.10320963788414e-06,-6.890901774856988e-05,0.00019389523480511532,2.0079275918406092e-05,4.7492024105619145e-05,-4.1434825681334255e-05,3.7264261352559387e-06,-0.0001488123948693513,-3.497618615969279e-06
1987-08-01,2.9539887864007497e-06,-6.883001847425513e-05,0.0001574151254659999,1.6524308574243014e-05,3.705534219892804e-05,-4.247937164171797e-05,-4.8088320118064155e-05,-0.0001768044710682058,-2.461850352731632e-06
1987-09-01,2.8837672092320974e-06,-7.346464256738628e-05,0.00019329835139918178,1.2319791641269893e-05,7.57210981274178e-05,-4.060972214960257e-05,-9.632176593578293e-05,-0.0001974320593614977,-2.2862964098099977e-06
1987-10-01,4.586640455571945e-06,-7.160377077241696e-05,5.102943605549006e-05,-2.347740289832578e-06,1.4356217379160844e-05,-3.184958039781306e-05,-0.000127605478564418,-0.00016961553710556485,-2.242407924079589e-06
1987-11-01,2.8662118149399394e-06,-7.040122626340377e-05,4.421794307013068e-05,-8.07079882907782e-06,3.9495542005538745e-05,-1.8410926067162037e-05,-0.00018138642897846035,-0.00014530131601091863,-2.1897417412031016e-06
1987-12-01,4.367198026919902e-06,-6.887390695998554e-05,7.769607998528617e-05,-5.74470908536618e-06,5.674371689758923e-05,6.649399284901133e-06,-0.00020837784770266153,-1.767359950689117e-05,-1.8035230667755173e-06
1988-01-01,3.5699123833794386e-06,-6.221919889978756e-05,0.00010647551021315341,-3.850210541802849e-06,6.430381692500511e-05,8.514015680051692e-06,-0.00018982944129222724,-2.490431334448584e-05,-2.1360431066805256e-06
1988-02-01,3.395321255728085e-06,-5.5449824723123924e-05,2.7822207206221208e-05,-7.492816341437789e-06,3.090135982116316e-05,1.6267448939841098e-05,-0.00015208601387814495,7.546971313434359e-05,-2.38205787746197e-06
1988-03-01,3.934966559377708e-06,-5.862420886223933e-05,0.00012284739641064117,8.133089583357847e-06,6.200238842414644e-05,2.2763508466899063e-06,-0.00015445093006178593,-6.629828251855085e-05,-2.6994962913735122e-06
1988-04-01,1.927168591387206e-06,-5.6092637511294796e-05,9.017504765879576e-05,8.188641305792362e-06,3.998803441938104e-05,-8.976840926474244e-06,-8.403515389585823e-05,-2.9515106306550976e-05,-2.112235225637155e-06
1988-05-01,1.5462424946933607e-06,-6.417144514534354e-05,0.00015956708493985872,1.6267448939841098e-05,3.267107897872001e-05,-3.490362338269939e-05,-9.143940490034496e-05,-0.00015728406790594646,-1.6598854858132124e-06
1988-06-01,1.8478089879093204e-06,-7.051227746322658e-05,0.00018612080826355918,2.0402084281038924e-05,2.6973059449007834e-05,-3.975249515519819e-05,-5.6949721228855955e-05,-0.0001523161567282308,-1.9297081376380205e-06
1988-07-01,1.641474018866822e-06,-7.12582577359187e-05,0.00020058806397757768,2.3457429014937514e-05,5.629643293408648e-05,-4.114128821606119e-05,-3.5705155377826034e-05,-0.0001977098499175813,-4.366047964409102e-06
1988-08-01,2.784252308948371e-06,-6.738550908619789e-05,0.00022190405347173768,2.0441764082777866e-05,6.881937836289679e-05,-4.095082516771427e-05,-5.233892826679082e-05,-0.000200947721739479,-5.278683404404782e-06
1988-09-01,2.466813895036829e-06,-7.463104088372883e-05,0.0001819385571602746,1.222804512281673e-05,5.1360265597762014e-05,-3.30307367406213e-05,-8.926495176505089e-05,-0.00019992398285461425,-4.524767171364873e-06
1988-10-01,3.4826168195537584e-06,-7.008373560444598e-05,0.00013589411522240552,1.6652818999101857e-06,6.319278247631473e-05,-2.0301456342768492e-05,-0.0001609108017848858,-0.0001344761178664022,-1.794796811725613e-06
1988-11-01,1.4986267326066267e-06,-6.581418893733575e-05,4.8201753379342175e-05,-5.429466651012765e-06,3.0060148024297576e-05,-4.540639092060449e-06,-0.00020321740639894653,-3.867320454789896e-05,-2.0328756221592696e-06
1988-12-01,4.0222621232033814e-06,-6.110816445109715e-05,2.8338044628827464e-05,-8.000717803696254e-06,3.4956635558883105e-05,1.1307473722473262e-05,-0.00018803591425362704,4.9336595709075936e-05,-2.6360086085912025e-06
1989-01-01,4.252564273604661e-06,-5.581616966264088e-05,5.3161968774701886e-05,-3.4331992908534926e-06,3.494571097582384e-05,-3.788568873155679e-07,-0.00020096730440855024,-3.2734951128907163e-06,-1.9160096002072123e-06
1989-02-01,4.5619911184075184e-06,-4.272042706969403e-05,3.19712206612673e-05,-7.625433962376107e-06,2.6381574432570484e-05,1.1249603570598354e-05,-0.00019234327879856086,4.485735152063803e-05,-3.053901868191902e-06
1989-03-01,2.0666133377392974e-06,-5.4189183349645205e-05,9.453533237818108e-05,-3.373310224117455e-06,6.719597341317999e-05,-1.6664718221403793e-06,-0.0001577074352028859,-2.9844277721445973e-05,-1.047618132534665e-06
1989-04-01,1.687315915077707e-06,-6.582762531868181e-05,9.629207833577151e-05,9.522802146375942e-06,4.982814405972914e-05,2.176409960088691e-06,-0.00018070483682952428,-2.51230229604217e-05,-2.1256213337833443e-06
1989-05-01,1.1982218700667502e-06,-6.643649749716484e-05,0.0001418576766107733,1.5062540819459405e-05,5.460928788748946e-05,-2.0631342955218897e-05,-7.735627066536902e-05,-6.169527971389523e-05,-3.303439646258735e-06
1989-06-01,2.875115738675807e-06,-6.214444771441552e-05,0.00018460848874918135,1.8386384023309486e-05,2.2478803583605376e-05,-3.28586940804932e-05,-5.27119197034896e-05,-0.0001520978259519437,-3.293458135136053e-06
1989-07-01,1.6274268483416692e-06,-6.733483349820541e-05,0.0001789988794982392,2.2818174961776252e-05,4.443812805348577e-05,-3.2958509191719935e-05,-2.7189195762815003e-05,-0.00016791852108138025,-3.1936430239093417e-06
1989-08-01,2.186391471211373e-06,-6.917143154477724e-05,0.00017671311345114708,1.8605977268008287e-05,4.4238497831032304e-05,-3.953632502156138e-05,-7.073852879103688e-05,-0.00017583385940165986,-3.982182402600487e-06
1989-09-01,2.0666133377392974e-06,-7.452152150652991e-05,0.0001527674682678548,9.742395391074756e-06,4.750245196814635e-05,-3.798919079754708e-05,-0.00011724238911156994,-0.00018217211896455718,-4.281627736280676e-06
1989-10-01,3.533895472772195e-06,-6.392115669425128e-05,0.00011216268102082142,-8.479879100811878e-07,3.593388057696845e-05,-2.185906882330767e-05,-0.0001482649256808373,-0.00014827490719195998,-1.5866197331590047e-06
1989-11-01,3.5738215172628957e-06,-6.702540665340256e-05,8.970428099480739e-05,-1.955935644697886e-06,6.270429340797718e-05,6.032960208203313e-08,-0.00018716287452589362,-6.023797908998499e-05,-1.965917155820568e-06
1989-12-01,3.104690494497276e-06,-6.377143402741119e-05,8.78577014371129e-05,-5.7089838268229e-06,4.5476205210243746e-05,-1.4269155551962284e-06,-0.0001291203873475507,-4.985720752240515e-05,-2.7544565345117135e-06
1990-01-01,3.988912829379552e-06,-6.316063680461215e-05,8.883440261642047e-05,-8.055662545635092e-06,5.745182387114009e-05,1.541667257965297e-05,-0.00021663936786353588,4.163133663115544e-05,-2.104225301510208e-06
1990-02-01,2.9886712757451196e-06,-5.81510936901597e-05,2.864486712646837e-05,-5.163297386375519e-06,3.0970428738668425e-05,7.623123807584666e-06,-0.00012649259784223245,1.602515285811392e-05,-9.956242462320442e-07
1990-03-01,3.4304446286003286e-06,-5.80260634959554e-05,2.7853009229841107e-05,-6.1552035937296754e-06,4.4390336249930426e-05,2.4960644070581534e-05,-0.00018002219165423527,7.291389122107239e-05,-2.2042494568736567e-06
1990-04-01,4.0639309459021385e-06,-6.559455791845594e-05,9.401898800275896e-05,7.206356493570319e-06,4.1589659899754006e-05,-6.872164338614289e-07,-8.741649448024719e-05,-3.602074931599783e-05,-1.2290139420800797e-06
1990-05-01,3.572145515365205e-06,-6.458598101854123e-05,0.00016301064916469409,1.9109230981820093e-05,4.630746589439643e-05,-1.1648196792438777e-05,-9.275111609963085e-05,-0.00013985415792953243,-1.4207269065266806e-06
1990-06-01,1.1548950940819868e-06,-6.654478739440866e-05,0.00018290712073573906,1.6041823550674492e-05,3.5771588196113717e-05,-2.767706768943059e-05,-9.470158712921798e-05,-0.0001318188841153358,-3.1961556642277994e-06
1990-07-01,1.179901132922849e-06,-7.105420973204391e-05,0.00019982787368472157,1.9067554250418658e-05,5.241727471784676e-05,-3.387856532196408e-05,-5.679243224647292e-05,-0.00018739063776600893,-2.929424583258619e-06
1990-08-01,3.2720730492748727e-06,-6.329400234509675e-05,0.00012686025234708956,1.3182799776536065e-05,7.5647763836226585e-06,-3.9846673258649546e-05,-7.964795174701976e-05,-0.00014539716320592324,-3.804635942688747e-06
1990-09-01,3.547139476524343e-06,-6.601132523247028e-05,0.00020414558305791023,1.3207805815376927e-05,6.97131182494422e-05,-4.644826751263682e-05,-7.517187079450567e-05,-0.00016936128376174824,-2.9044185444177567e-06
1990-10-01,4.822447457408252e-06,-7.232118236664753e-05,0.0001295859105807434,2.8636410815408155e-06,4.7899517033931236e-05,-3.191142359981636e-05,-9.870255334375574e-05,-0.00018308126373910058,-1.187337210678645e-06
1990-11-01,4.055595599621849e-06,-6.801180833973915e-05,9.858675776435621e-05,-7.930632351430787e-06,5.6443246971225366e-05,-2.280089011546272e-05,-0.00015982564761709997,-0.0001289515249949171,-2.0292071849876283e-06
1990-12-01,3.355426512077742e-06,-5.7484265987736747e-05,3.4112854286336605e-05,-5.1799680789360985e-06,3.0328607075086332e-05,9.765307801618414e-06,-0.00016033410374019746,1.4649820721866568e-05,-2.7710530039331698e-06
1991-01-01,3.1098881606931032e-06,-5.9684579919961654e-05,-8.604197771135014e-06,-7.40230642645674e-06,3.730282598103298e-05,1.0077374216799033e-05,-0.00018606606762015321,3.2791378759704385e-05,-3.2131054352230366e-06
1991-02-01,2.517651845924097e-06,-6.168773216109212e-05,-2.8252508449353746e-05,-6.879744972248793e-06,3.022211827651532e-05,2.3350435153680842e-05,-0.00019629085340748867,0.00011249070988398618,-3.2914896533542328e-06
1991-03-01,3.7282525481724946e-06,-5.9362333689866746e-05,0.00011850016660737753,3.4756811786386583e-06,5.386802407942485e-05,-1.340593557644574e-06,-0.00012928105626288983,-2.5883563190277735e-05,-2.472810041761789e-06
1991-04-01,2.7702232154579333e-06,-6.023326944688e-05,0.00016525199804384838,1.700131348505431e-05,6.496374562377355e-05,-1.892478649174193e-05,-6.727913972111713e-05,-0.0001455849736341777,-2.089598308675959e-06
1991-05-01,3.0053758698515083e-06,-5.685403870966863e-05,0.00018663347087852347,1.8595125920388544e-05,6.50856766297554e-05,-4.0341096756697556e-05,-3.196269477423016e-05,-0.00015950252703124932,-9.399631094184828e-07
1991-06-01,2.0386371795668096e-06,-6.828071584168235e-05,0.0001488435683817189,1.654842689140742e-05,3.759023478084735e-05,-3.770216141294743e-05,-5.838688564201192e-05,-0.00015377176975010218,-1.7325146483005278e-06
1991-07-01,2.926991651720312e-06,-7.046676459178558e-05,0.00016641905195824612,1.602586543719948e-05,3.3679733231857894e-05,-4.167362846492781e-05,-3.5995127329201473e-05,-0.00016514619073669512,-3.779213677281644e-06
1991-08-01,2.944410366860587e-06,-7.208670509983022e-05,0.00018047595507643985,1.4597530795697762e-05,4.60383116238758e-05,-3.616060512303399e-05,-7.646751195760684e-05,-0.00017563225725113457,-4.118878622516814e-06
1991-09-01,4.4075824386428345e-06,-6.382152476577456e-05,0.00010738702634788857,4.895306462570246e-06,3.020469956137506e-05,-4.159524424679661e-05,-8.722356855672037e-05,-0.00014186607795173116,-3.0911744292411804e-06
1991-10-01,4.2595233599505795e-06,-7.127673484580792e-05,0.00013811363985531574,1.0544797741418496e-06,6.273415008581965e-05,-3.762377719481624e-05,-0.00012429059437520394,-0.00016412719590098963,-1.6976772180200052e-06
1991-11-01,3.885020984434887e-06,-6.924745453196705e-05,8.828740519658817e-05,-4.153716052797337e-06,4.693537545359944e-05,-2.1380825326519274e-05,-0.000139026827383868,-0.0001088053566155085,-2.2637854600786127e-06
1991-12-01,3.850183554154351e-06,-6.395216512932655e-05,-1.1652472920681351e-05,-9.396749310017059e-06,7.020389709682558e-06,6.750399625008447e-06,-0.000124821865186982,-1.3734009379943004e-05,-1.0444754002600641e-06
1992-01-01,2.960258650270024e-06,-5.8997175329323384e-05,2.31758737742629e-05,-9.40895670525781e-06,2.09572956737908e-05,1.3462099388412079e-05,-0.00015098679008210278,2.3972506065166003e-05,-1.7510075862537321e-06
1992-02-01,4.544957293464377e-06,-6.663799257110374e-05,-3.063535258545033e-05,-1.1207803813748706e-05,2.5916974130058533e-05,2.711620553571913e-05,-0.0001628077853664715,7.99851786481276e-05,-1.776705402089325e-06
1992-03-01,2.095098850472024e-06,-6.168688005344785e-05,7.531674210466314e-05,2.1207966663076166e-06,4.900217868902497e-05,1.21943404738566e-05,-0.00010297470416261971,-1.3374986282549634e-05,-2.410584859367058e-06
1992-04-01,2.977390527493748e-06,-7.255705615189995e-05,0.00016612425732900568,1.0575378076214798e-05,7.822916123269602e-05,-2.3842563266244254e-05,-8.67422504931424e-05,-0.00013340091811195136,-1.065732497304827e-06
1992-05-01,4.210885687601793e-06,-6.8042806503449e-05,0.0001537636079120897,1.5243814619679251e-05,6.0035107621102436e-05,-2.855382950276801e-05,-1.5593564383021733e-05,-0.00017869760149147437,-1.9994198059977095e-06
1992-06-01,3.3371599491919244e-06,-7.48955573929381e-05,0.0001531211625162001,1.8447475660515405e-05,2.8992146091716777e-05,-3.907280211813379e-05,-4.023776976934694e-05,-0.00013660457915278752,-3.4641953086260083e-06
1992-07-01,3.825418450068024e-06,-7.371345786450124e-05,0.00020104758904956454,2.0751713147106125e-05,5.592345708740897e-05,-4.664509185101925e-05,-3.8593109555869545e-05,-0.0001842997253436317,-3.1900852730464517e-06
1992-08-01,2.8060717552565216e-06,-7.232577580937969e-05,0.00013048995270366234,9.076338819139052e-06,4.233787844899682e-05,-3.847318641530349e-05,-8.366707853148416e-05,-0.00017407199464106925,-2.0679473148926055e-06
1992-09-01,3.4485171511461235e-06,-7.486129363849065e-05,7.906005727804657e-05,4.4187269838277484e-07,2.3758357599869474e-05,-3.2108694026690486e-05,-0.00011538674921120686,-0.00016430682462354726,-2.8988433602431576e-06
1992-10-01,3.774022818396852e-06,-7.113511034233095e-05,0.0001519904586194344,6.095392182211296e-06,7.094811341261384e-05,-4.25077435014902e-05,-0.0001520917961630329,-0.00018507065981869926,-2.513376122709402e-06
1992-11-01,4.031000976752698e-06,-6.443654634785535e-05,4.4162423373323285e-05,-6.3080869277639995e-06,1.651157353423473e-05,-1.8343230677429236e-05,-0.00014329457720865126,-0.00011059838952717636,-1.2541831467657773e-06
1992-12-01,3.833984388679893e-06,-6.30916939857931e-05,3.0859520709102556e-05,-4.6034651440035785e-06,4.573855607790578e-05,1.789925558935628e-05,-0.00013814644810292257,1.4635632978237097e-05,-1.099996251752275e-06
1993-01-01,3.73122094435909e-06,-4.8874584121070164e-05,6.975951758128853e-05,-6.573107824612458e-06,6.0424217867872034e-05,1.0763877357446763e-05,-0.0001923004786903027,-2.3746989106231706e-05,-2.1021420831406236e-06
1993-02-01,2.4551727820935264e-06,-5.347027637464313e-05,2.2728801874841718e-06,-1.890184382845645e-05,4.061189113795932e-05,2.425352935853987e-05,-0.00017367785099889316,0.00011447876934309151,-2.601048131545215e-06
1993-03-01,3.4433905318179852e-06,-5.180085998190471e-05,8.184839490801493e-05,2.3208519229076847e-06,4.868073703619496e-05,-6.323654800410169e-06,-0.0001591136321243133,-3.4559818270692556e-05,-3.4261619808297137e-06
1993-04-01,3.1075883838533675e-06,-6.124169751325296e-05,0.00020500143408726896,1.5906447394847833e-05,8.466913295091777e-05,-3.276567536585298e-05,-0.00011002895243897022,-0.00015106397492024707,-2.3324064131735047e-06
1993-05-01,2.042615857451277e-06,-7.20737153718832e-05,0.0001988130802176352,1.8017203753482592e-05,8.36617265070239e-05,-4.5075222675527565e-05,-1.7433908724496822e-05,-0.00018265815987017568,-3.1095485270344903e-06
1993-06-01,2.695031459211118e-06,-6.662412622777161e-05,0.00019149259339200646,2.270883947790261e-05,5.8092791526289084e-05,-4.6178572590268484e-05,-2.2269459655187366e-05,-0.0001885874663685224,-2.399566842766439e-06
1993-07-01,2.6758427650417103e-06,-7.115265805175165e-05,0.0001789719704464684,1.517727701641036e-05,6.63823074074729e-05,-4.1803550319643675e-05,-6.841826913261116e-05,-0.00019523634889822194,-4.097766276758949e-06
1993-08-01,3.7695983326979058e-06,-6.21819435275539e-05,0.00015996556887167078,9.075272270538936e-06,6.655500565499756e-05,-3.9309020077620785e-05,-7.186263973601973e-05,-0.00015849959391089224,-3.167114609542714e-06
1993-09-01,1.9178893453501326e-06,-6.858137303305113e-05,0.00015200226079136687,9.324725294741239e-06,6.900156416159695e-05,-4.139099339500144e-05,-9.40735532371083e-05,-0.0001968481992084521,-3.2246806920509377e-06
1993-10-01,3.4433905318179852e-06,-6.495470983503322e-05,0.00010019278653396801,4.872948247438812e-06,3.7282652699567205e-05,-3.912672748301142e-05,-0.0001116120197079463,-0.00017692074031352295,-1.4593208284654932e-06
1993-11-01,3.8079757210367216e-06,-7.019322334328131e-05,0.00010008724871603627,-3.2246806920509377e-06,4.5802432910783914e-05,-2.415954603087397e-05,-0.00014583505575908363,-0.00014940415287459336,-1.9582268768700712e-06
1993-12-01,4.9497030241164435e-06,-6.52233515534049e-05,8.369050954827801e-05,-3.349407204152082e-06,5.681674336402352e-05,-4.068983235504844e-06,-0.00017493471046698935,-8.438326268155779e-05,-2.428349884020544e-06
1994-01-01,4.950465926142142e-06,-5.7605406230036834e-05,2.79607227404072e-05,-8.112467310700464e-06,4.18069098022437e-05,1.6542622536051773e-05,-0.0001876429468195786,7.486892403726373e-05,-1.6636774849174035e-06
1994-02-01,5.44652668197161e-06,-6.19655191891695e-05,3.5131846649240184e-05,-1.0244658278739399e-05,5.572271942630188e-05,1.4253780803014062e-05,-0.00016873171835611492,6.430370022012387e-05,-2.5687707937992367e-06
1994-03-01,2.8617890594917624e-06,-5.596927601782736e-05,0.00011739090391415445,8.179212249172526e-06,4.227686209724004e-05,-8.295226536532372e-06,-0.0001481147371182201,-6.618638702385882e-05,-3.961222038232823e-06
1994-04-01,2.3744311239400092e-06,-5.8023141603366914e-05,0.0001779103161253493,1.7395498923267343e-05,6.944706700425044e-05,-3.0243739276916812e-05,-0.00012322467112396972,-0.00012002203326177246,-2.3076861854679333e-06
1994-05-01,2.6529213728267224e-06,-5.720507649726217e-05,0.00020011991347406507,2.135528214962536e-05,7.063065056201899e-05,-3.0156711074139715e-05,-7.613371060128127e-05,-0.00013894196454551384,-1.7420028674167918e-06
1994-06-01,3.470986478931459e-06,-6.488966680248005e-05,0.00016838072792125692,1.6403377411608413e-05,4.673270607942752e-05,-4.153999999738431e-05,-5.662198753865561e-05,-0.0001479493835329436,-2.5600679735215216e-06
1994-07-01,3.0010341839351224e-06,-6.694353238801959e-05,0.0001925484598324574,1.835280915381544e-05,6.52958217317828e-05,-4.269747509431972e-05,-7.324757152024386e-07,-0.00015789670711036606,-3.517378204069618e-06
1994-08-01,2.391836764495426e-06,-6.59949249777492e-05,0.00022178123314528503,2.0624245246297728e-05,7.888962700556571e-05,-4.635265961095789e-05,-0.00010175481349885931,-0.00017525883356439738,-4.074358701843051e-06
1994-09-01,2.296105741440614e-06,-5.636090293032431e-05,0.00011509335936083902,6.1079410230775635e-06,4.150231109252385e-05,-4.264525817265346e-05,-8.952735100867686e-05,-0.00015536418640955247,-3.517378204069618e-06
1994-10-01,3.601528783097104e-06,-6.719591417607319e-05,0.0001222470776291166,-9.413434018674786e-07,4.379115282556156e-05,-3.221927947995697e-05,-8.644655263036754e-05,-0.0001672261304480711,-1.5940549226957235e-06
1994-11-01,4.271645944480772e-06,-6.757883826829241e-05,7.828913240640373e-05,-2.9081807846299216e-06,3.896108757143255e-05,-2.9251617765257875e-05,-0.0001566870150917644,-0.00015653906714704332,-2.4295256693558767e-06
1994-12-01,3.845207750872984e-06,-6.227011789888935e-05,9.490281631655199e-05,-7.076831697652979e-06,5.674094939879394e-05,-1.3534324343713748e-05,-0.00014540816001185232,-0.0001010324794158094,-2.055304397414352e-06
1995-01-01,3.174470600581128e-06,-6.197408819036075e-05,6.867898720956753e-05,-4.176472246478131e-06,4.564106610217348e-05,5.806902836352349e-06,-0.00019103777054227622,-7.322145987336825e-06,-4.267531223187202e-06
1995-02-01,4.61485805034274e-06,-6.869589628924827e-05,1.4672735932298823e-05,-9.168159787893377e-06,3.814111765686302e-05,1.4242275315128687e-05,-0.0001592830219371869,2.2123015844858884e-05,-3.282438656970929e-06
1995-03-01,1.4277938655253783e-06,-6.507009339846904e-05,6.519391182824777e-05,1.6844146180691118e-06,5.6054901802174096e-05,1.1758848677608663e-05,-0.00016045851054561304,4.5392723438421475e-05,-3.2907167457626598e-06
1995-04-01,2.9509622032043243e-06,-6.821576713932773e-05,0.0001353176019830214,1.1220772906145994e-05,5.875355874827918e-05,-7.404926875254159e-06,-7.430844049004351e-05,-3.769445376420668e-05,-2.0655596045861144e-06
1995-05-01,1.2208416457320427e-06,-6.906013219608454e-05,0.00017869478725170444,1.9863097604715664e-05,6.506146240758005e-05,-3.1792176455700756e-05,-0.00012689913858392584,-0.00014636920342208276,-2.487742132964523e-06
1995-06-01,3.30692002124886e-06,-7.116276674918482e-05,0.0002002923209093369,2.058329132959647e-05,4.925031281536924e-05,-4.4805332036305665e-05,-4.7843390622871827e-05,-0.00020064035354068694,-2.8105875958421225e-06
1995-07-01,3.091689712663794e-06,-8.123720080872437e-05,0.00016338032298699763,1.9076679169500992e-05,3.9672564083333695e-05,-4.06745657292307e-05,-3.325739817183758e-05,-0.00019620329794831786,-3.2327701242205244e-06
1995-08-01,2.3963302541581903e-06,-7.980509144775449e-05,0.00022515142155091227,1.881178032816552e-05,6.876176809748487e-05,-4.511162132159981e-05,-3.650240897819706e-05,-0.00020713037515340593,-3.704621185349331e-06
1995-09-01,2.023816258530186e-06,-7.312467379282564e-05,0.00014958902705996982,3.1661925117893906e-06,5.9688982781745065e-05,-4.1701048739405645e-05,-0.00011981309457820203,-0.00018461397363989107,-4.118525624936002e-06
1995-10-01,3.199304866956327e-06,-7.905178536770675e-05,0.00014757745148357858,7.479076772282495e-06,5.8124424000107445e-05,-3.0285564295605278e-05,-0.00012319055480522923,-0.00015535920784990524,-1.759270319291983e-06
1995-11-01,2.8764594040787275e-06,-7.560810043034565e-05,9.67251520359603e-05,-3.5142251431394636e-06,3.6402719010599e-05,-1.0517488260945917e-05,-0.00016910083524418267,-0.00012304982729576978,-1.3536439684970426e-06
1995-12-01,3.6297654841264664e-06,-7.007005902867602e-05,3.083984334255416e-05,-9.12676934393471e-06,2.40600886221245e-05,8.621453025541706e-06,-0.0001945807925451381,2.5922658600264515e-05,-2.595357287257056e-06
1996-01-01,4.383896090839621e-06,-6.51467598359858e-05,1.1439556749217973e-05,-7.585528240337935e-06,3.1706582007723134e-05,7.11076494222819e-06,-0.00019030374041770483,6.01992116562255e-05,-2.5457706272105467e-06
1996-02-01,2.925966209899202e-06,-6.472378017916976e-05,7.008973597198801e-05,-2.4197766868823623e-06,4.8571770877367304e-05,1.0350609122095801e-05,-0.00020376709289848802,4.882375875802367e-05,-3.274735567680763e-06
1996-03-01,3.303948030883755e-06,-6.0736971924499333e-05,9.792539721735056e-05,-8.358528656137452e-07,7.475151176413085e-05,-3.1667407616851764e-06,-0.0001582652813056807,6.831778360072931e-06,-2.76176023920172e-06
1996-04-01,3.0159618815621907e-06,-7.417332570378363e-05,0.00011463759344516766,9.288660196472533e-06,4.378400114489628e-05,-1.2022314853323305e-05,-0.0001134564363846784,-8.373986560155936e-05,-1.8888022240707214e-06
1996-05-01,1.8100198812781267e-06,-6.807161916503297e-05,0.00016125535136659604,1.8468218706097422e-05,5.0884659639106124e-05,-2.904949593196086e-05,-0.00010511383762151931,-0.00013771926946502027,-1.924800492735917e-06
1996-06-01,9.550610004797395e-07,-7.389433912162837e-05,0.00017021892026422976,1.3680448973626402e-05,4.708684229492798e-05,-4.0289955322668215e-05,-6.418380614919183e-05,-0.00017819032301186652,-2.3387805823856656e-06
1996-07-01,7.390713884885527e-07,-6.994352913562314e-05,0.00012620203725386176,1.3869439884118685e-05,1.8036239482115075e-05,-3.6366144038161874e-05,-5.405029351993924e-05,-0.00015586239687227888,-2.8877541795299043e-06
1996-08-01,2.9889631800632873e-06,-6.76936373440484e-05,0.00016675408690520468,1.2834489659994307e-05,3.7439306292655544e-05,-4.213486659175949e-05,-3.518720073937673e-05,-0.0001982953560613783,-4.795662418785281e-06
1996-09-01,2.7189761650743208e-06,-6.815261526952964e-05,0.000120037333744947,3.816923359362785e-06,2.5712870274968057e-05,-2.7645563454018222e-05,-0.00011041458268246936,-0.00015525042630497058,-3.4097290751752395e-06
1996-10-01,3.996914702688762e-06,-7.112247243440829e-05,0.0001756276601311754,1.0476603062423986e-05,8.8484851259903e-05,-2.5791652617760652e-05,-0.00013329148241920122,-0.00018810784602912793,-1.1328385821016151e-06
1996-11-01,2.8089718367373096e-06,-6.52367555076488e-05,4.93997310566668e-05,-1.6818121792458538e-06,2.1924052497956207e-05,-1.3930223092578669e-05,-0.0001958384742249787,-0.00011135053766776445,-2.9147528810288077e-06
1996-12-01,4.293900419176632e-06,-6.161892950679664e-05,5.94252488799238e-05,-7.0005563745285145e-06,3.646735303869526e-05,7.749734211035417e-06,-0.0001676338307257979,-6.6945710908743525e-06,-2.086792701729297e-06
1997-01-01,4.337387969920468e-06,-6.12960604503777e-05,8.059161066852191e-05,-4.198386380937109e-06,6.291316057947514e-05,1.1346120120395262e-05,-0.00016511535261229903,2.6753584372975322e-05,-1.9959216688465595e-06
1997-02-01,1.948937348808939e-06,-6.38704969805102e-05,4.685964001134853e-05,-7.21331585348772e-06,4.392302039522781e-05,9.701613135367653e-06,-0.000208528379270617,5.4534005941477355e-05,-3.454442744853188e-06
1997-03-01,3.2997823722244707e-06,-5.8956553489534854e-05,4.233724580252262e-05,-1.1648511452930037e-07,3.511316154686564e-05,1.2804641196401877e-05,-0.00012829014262614514,8.927421600018551e-05,-3.3957103525307752e-06
1997-04-01,2.1642894539911322e-06,-6.713993348645793e-05,0.00018871794493408693,1.0151894809839497e-05,7.003935751459478e-05,-3.986852598475016e-05,-0.0001378928887708599,-0.00013809845214398834,-3.199935711456053e-06
1997-05-01,1.3518246935310566e-06,-6.978289114096659e-05,0.00014654808724659334,1.5516119975286682e-05,3.766802061289067e-05,-3.7225568330241494e-05,-2.354092091911894e-05,-0.00010669619971560408,-3.053104730650028e-06
1997-06-01,3.926261223663566e-06,-7.89353556112095e-05,0.00020983223997399493,2.0077669112327534e-05,5.297759754493337e-05,-3.9623807683406766e-05,-1.7706836615092426e-05,-0.00014754457857584332,-1.986132936792831e-06
1997-07-01,3.055064070881078e-06,-7.751598946341782e-05,0.00022098160578319995,1.9284781815974943e-05,7.649013193800663e-05,-4.3784018806244444e-05,-4.744500459434162e-05,-0.00017589274660346208,-4.012400471916128e-06
1997-08-01,2.15450072193739e-06,-6.707141236208179e-05,0.00014295562258287233,1.2139007416747853e-05,6.721041395106515e-05,-3.970211753983665e-05,-9.200331290294671e-05,-0.0001349954240829541,-4.071132864238541e-06
1997-09-01,5.746965385658413e-06,-7.578338388990659e-05,0.00011388308838327717,5.433725959938865e-06,3.092358422786674e-05,-4.0729934405478904e-05,-4.721007502505197e-05,-0.00018120802810864055,-3.571907529498013e-06
1997-10-01,4.582106271263861e-06,-8.9066693286826e-05,0.00012634414428768276,4.5126134458736884e-07,5.8361400174488035e-05,-3.9721695003944106e-05,-6.831458133290623e-05,-0.00016375471885682975,-1.1834569083864975e-06
1997-11-01,2.996331678558665e-06,-8.554274974748113e-05,8.983217372724845e-05,-6.312752504544032e-06,4.7495907594841355e-05,-3.053986433753999e-05,-0.0001195488049021591,-0.000153447184004246,-1.898034348309205e-06
1997-12-01,3.6423879941052315e-06,-8.022746824230263e-05,4.044802051615162e-05,-1.0042259417017337e-05,3.25289362846794e-05,-9.191611429356338e-07,-0.00014172028300387057,-9.273746780697692e-05,-2.8377526254678347e-06
1998-01-01,3.826215420624725e-06,-6.866114665320618e-05,-5.544973044044502e-06,-1.5316788524861312e-05,5.366073251619848e-05,1.9755493953970482e-05,-0.00019559023650830788,6.973806885985964e-05,-2.9234788731658448e-06
1998-02-01,3.321077008960397e-06,-7.150037289807809e-05,8.095562531199159e-05,-2.1489187268989267e-07,5.503679922383579e-05,8.816634556549889e-06,-0.00012850262986950943,-2.528020823079217e-05,-3.019280985722875e-06
1998-03-01,3.538809082953642e-06,-7.488828396941296e-05,0.00012626131526850587,1.4050347578198498e-06,6.770009664728287e-05,6.099338273114195e-06,-0.00014640891563471385,1.0157864132348269e-05,-4.282127014883695e-06
1998-04-01,3.2862398771214778e-06,-7.553277090843296e-05,0.00016208259608187442,1.4991516174998292e-05,6.899777980828261e-05,-1.9915289927598634e-05,-8.465139016727003e-05,-0.00016652735927168963,-2.9931531368436836e-06
1998-05-01,2.2759630537928284e-06,-7.342512443217836e-05,0.0001705567284016915,2.5433946443714292e-05,4.8870626888347105e-05,-2.6055334414208118e-05,-2.9870000350569756e-05,-0.0001679556816770853,-1.5822492973674643e-06
1998-06-01,2.223707356034446e-06,-7.499279536492972e-05,0.00018582410143009776,1.8614577886245877e-05,3.848045231738949e-05,-3.714225162194412e-05,-6.55954790513813e-05,-0.00017911227314849914,-2.3660847637431477e-06
1998-07-01,1.7708246421285003e-06,-8.026191155556623e-05,0.00020217142554551055,2.1584443375513735e-05,5.750152630143931e-05,-4.2681355584332256e-05,-6.414102879710642e-05,-0.00022440054453909397,-4.726300445829906e-06
1998-08-01,3.7739597228663495e-06,-8.360627621210246e-05,0.00016545308858728982,1.2012941402770713e-05,6.66549826921153e-05,-3.883185251613169e-05,-8.448591379103516e-05,-0.00018848346161316835,-4.944032519823157e-06
1998-09-01,4.932294356510405e-06,-8.508685431525651e-05,0.00016954645157836283,1.0384305489301242e-05,7.493751078681831e-05,-3.8013179917917096e-05,-0.00010420373041186338,-0.00022117810984399392,-2.6186539695752982e-06
1998-10-01,3.233984179363102e-06,-8.171636180984111e-05,0.00010218014788485305,2.0582309797995837e-06,4.56481921932471e-05,-1.489874294279428e-05,-0.0002177205245089812,-0.00017393895907041965,-2.1744805386290876e-06
1998-11-01,3.965563947980403e-06,-8.079317781610975e-05,5.7440561320721206e-05,-2.1048062749512488e-06,4.729424667263602e-05,-1.965457747595571e-06,-0.0001842681686606592,-6.731120779444806e-05,-8.245416798709722e-07
1998-12-01,3.808796854705269e-06,-7.156133787879619e-05,6.303192098086771e-05,-5.980437192030991e-06,3.8219173828597595e-05,5.7335483888055444e-06,-0.00022410442891846312,1.0932990315764218e-05,-2.627363252535033e-06
1999-01-01,2.666198517809143e-06,-6.946379294759063e-05,1.7349230188048655e-05,-7.743653257152782e-06,2.3429676016479342e-05,2.4894880710119534e-06,-0.00016502398319969097,3.758257634632727e-05,-2.056789787497658e-06
1999-02-01,2.5858755874467884e-06,-4.306967803051894e-05,-1.069150480145141e-05,-8.217558546290714e-06,2.1132440208115836e-05,2.1132440208115836e-05,-0.000170775105013636,0.00010727878302174752,-2.7957607468313773e-06
1999-03-01,2.7545537412077413e-06,-6.988950447851112e-05,0.00010457190026853596,8.521740141225227e-06,6.28762671174346e-05,1.083836789670646e-06,-0.00012711156006865677,-6.286124807180459e-05,-1.4383032237074773e-06
1999-04-01,1.437257683265032e-06,-7.11746713643089e-05,0.0001512314905160312,2.465861685102346e-05,6.311723590852169e-05,-7.234291434824684e-07,-0.00011655712701904261,-5.033890322831257e-05,-2.8841159702299688e-06
1999-05-01,1.6701941813158726e-06,-7.13754786902148e-05,0.00019307973723482107,2.177502365101472e-05,5.221741425834936e-05,-3.630648729400819e-05,-9.227550517050102e-05,-0.00012614768490430846,-2.5869211278892337e-06
1999-06-01,3.7987518359184326e-06,-7.2981937297462e-05,0.00019887102051394724,2.2650543591964446e-05,5.579178465947441e-05,-4.246725605280125e-05,-3.546309652520341e-05,-0.00019065503027832019,-1.6391105496133774e-06
1999-07-01,3.8067841289546626e-06,-8.171303982785061e-05,0.00019561794183427163,1.7590198979135732e-05,3.747012424381997e-05,-4.265199879263467e-05,-7.476510635150641e-05,-0.00016826902958633032,-3.743571325107227e-06
1999-08-01,5.537054492790635e-07,-7.164054436041059e-05,0.0002047908204816532,1.5638351771330376e-05,7.901314382723284e-05,-4.39050365062875e-05,-3.590487264219639e-05,-0.0001721164979506874,-3.888152599759476e-06
1999-09-01,3.5015569935776975e-06,-7.933548108912473e-05,0.00017146483667430983,5.7827282158687366e-06,6.98723943519962e-05,-4.3872907334142555e-05,-7.50301720217022e-05,-0.00017665474351616074,-2.562824248780523e-06
1999-10-01,3.1481360999833114e-06,-7.837160592477642e-05,0.00015153671765140816,5.284726047622101e-06,7.096478620492432e-05,-3.2804407530209265e-05,-0.00010039615343013565,-0.00020410912111401558,-1.904176219809172e-06
1999-11-01,2.8911027228237536e-06,-8.046000211419777e-05,9.437088811251618e-05,3.774654956809722e-06,6.735828663165433e-05,-9.052917022059261e-06,-0.00014719229265924692,-9.959292412651205e-05,-2.1739468219959633e-07
1999-12-01,3.943333110570682e-06,-7.546391584565896e-05,6.107703347731773e-05,-1.044720864931914e-06,5.3695356177016795e-05,-8.358812459897702e-07,-0.0001803817274849743,-4.547133364835353e-05,-1.149140674402979e-06
2000-01-01,3.875364810196509e-06,-5.859099316522517e-05,6.806593284710924e-05,-4.205862720997605e-06,4.843894354901467e-05,4.487701093716698e-06,-0.00020045158453285694,1.4857132631749418e-05,-2.9086766466982465e-06
2000-02-01,2.481494059551861e-06,-5.892133247607159e-05,3.631307372404246e-05,-7.799309858497677e-06,6.72038278163637e-05,4.391016417371402e-06,-0.00011419273912013099,-2.014343390504289e-06,-3.077874830302517e-06
2000-03-01,4.318502910112434e-06,-5.8204254459843984e-05,0.00012253969091131998,9.90938632561923e-07,7.347221766608357e-05,3.3597132030216103e-06,-0.00016844895666256484,-1.0893219501547071e-05,-2.981190153957214e-06
2000-04-01,1.3776773379430956e-06,-6.228112497907053e-05,0.0001299118974826486,1.376137296650276e-05,7.020105278306781e-05,1.9738995087390627e-06,-0.0001060309410253158,-7.411694077500687e-05,-3.2309589011825593e-06
2000-05-01,3.5691966684364115e-06,-7.100691701923327e-05,0.00018284675778169676,1.9038744883683363e-05,3.0947074186878666e-05,-2.618551247682765e-05,-5.87440772361052e-05,-0.0001355117102542682,-2.6427937867486997e-06
2000-06-01,4.552157544613558e-06,-7.758147501071322e-05,0.0002303914473744948,2.3357327093773135e-05,4.105867992132394e-05,-4.3967435867999524e-05,-6.043585271354258e-07,-0.00019444102048672457,-1.5712052905883641e-06
2000-07-01,2.8360045394846037e-06,-7.078937649745636e-05,0.00017019717929318753,1.6976138454983767e-05,3.259877074111077e-05,-3.9544111925202355e-05,-8.859547105771456e-05,-0.00016758685163181927,-1.7323464178305137e-06
2000-08-01,5.39009140627277e-06,-7.132114221735548e-05,0.00014177994150403337,8.371202260252653e-06,4.578817200588121e-05,-4.250105161009591e-05,-3.0697464039608e-05,-0.00017653824125012102,-3.6821540574605917e-06
2000-09-01,2.578178735897151e-06,-7.970853789030968e-05,0.00015799073890459425,6.534193409692073e-06,5.764815897090387e-05,-4.220294052469792e-05,-6.237780965541582e-05,-0.00019178219188722897,-1.4181212197083085e-06
2000-10-01,4.729412784579929e-06,-7.566389559653156e-05,0.00011365275774391509,3.81896541566175e-06,6.242599339363379e-05,-2.1858873210375758e-05,-0.00010897176659748515,-0.0001732831904798295,-1.4906347269672758e-06
2000-11-01,4.1815329519566e-06,-7.812935484333656e-05,5.6334858783880305e-05,-3.867466353789077e-06,4.9663616116055054e-05,-3.0456466048540872e-06,-0.00016740153933549084,-6.51494370439809e-05,-3.6579828883742693e-06
2000-12-01,3.3677702593837178e-06,-6.883956885782626e-05,6.258713452087594e-05,-5.47082056984852e-06,5.607703298029285e-05,2.3848093832065713e-06,-0.00019764772891884348,1.56628382679602e-05,-2.7555925758182044e-06
2001-01-01,4.543456185456245e-06,-6.516128719195665e-05,0.00010493343985401285,-2.9609868762228166e-07,5.060919963487694e-05,6.320351236530536e-07,-0.00016660252446308018,-4.718579766337924e-05,-3.5161547675571124e-06
2001-02-01,3.3596120384213877e-06,-5.709220548576701e-05,3.246323654912652e-05,-5.647074232219881e-06,5.2228698428020634e-05,1.1589696548607774e-05,-0.0001895785716687329,7.660641710376259e-05,-3.279385938150138e-06
2001-03-01,2.7345423287869724e-06,-5.5595826483914915e-05,7.290335261183753e-05,1.0582190165856045e-06,4.0134546621912446e-05,6.305016276244134e-06,-0.00014829555857333304,-4.571014916190225e-07,-3.696099077906415e-06
2001-04-01,2.0431773469186114e-06,-6.72827359034431e-05,0.0001701679877322221,1.4440393254667726e-05,7.666324162282026e-05,-1.1367409150692345e-05,-0.00010389666768293744,-0.00012074513758353764,-2.834260538865039e-06
2001-05-01,2.942898898665111e-06,-7.759638611241088e-05,0.00014559138323977827,1.7452092764724418e-05,1.9649307501621132e-05,-3.796128406968356e-05,-1.386768798922998e-05,-0.00013718636509755787,-1.2431740052501786e-06
2001-06-01,2.5830102779665057e-06,-7.882758402532713e-05,0.0002028326154372081,2.2140115586982492e-05,7.262870076972543e-05,-4.246936258159233e-05,-7.319248588544118e-05,-0.00019944709647841554,-2.7869067729836415e-06
2001-07-01,4.098330786171133e-06,-7.05785580087882e-05,0.00017053734710609697,2.0624795078777865e-05,4.3506134752667744e-05,-4.4098332127912314e-05,1.4844029095181555e-06,-0.00016291840147750772,-3.1183831341533973e-06
2001-08-01,4.401394887812066e-06,-7.458468660235417e-05,0.00014239973941937228,1.4535100786430507e-05,3.362813918980883e-05,-3.958078286282727e-05,-6.704596707403615e-05,-0.00016343929290220307,-3.4972132612045643e-06
2001-09-01,4.013094007584625e-06,-8.391337848098892e-05,0.0001617484881585101,1.0500559933335698e-05,6.640641593291018e-05,-4.269666065782302e-05,-5.929889097583998e-05,-0.0002073267631210796,-2.445959658637598e-06
2001-10-01,3.5774393614758002e-06,-7.31356613663835e-05,7.88036318406593e-05,1.9105868024507064e-06,2.3011424879200155e-05,-3.0829806927945536e-05,-0.0001226203467124409,-0.00016094848481684168,-3.6013915461436335e-06
2001-11-01,4.571868444985081e-06,-8.308942295465264e-05,8.588775521651594e-05,9.919237443516452e-07,4.3941789398776576e-05,-1.2579665557256052e-05,-0.00015072954213963673,-0.00011888886996098697,-2.540667190400393e-06
2001-12-01,2.0052943342135015e-06,-7.35807867656686e-05,1.0424793907925465e-05,-1.066657341564771e-05,7.933985822564105e-06,2.2045408055219697e-05,-0.0002108309417963028,6.370725127767069e-05,-1.6977701577115654e-06
2002-01-01,2.394470856337906e-06,-7.171115147439986e-05,5.075534800510912e-06,-6.080059339439215e-06,2.383452479475611e-05,1.4319707958179984e-05,-0.00016546381337079655,4.708450833586522e-05,-3.1790974061542327e-06
2002-02-01,4.889467271262319e-06,-5.739240933722351e-05,-1.960378566982608e-05,-1.0503391966576388e-05,3.3408544936093146e-05,2.157634159887537e-05,-0.00013836561502022777,0.00011195441512389977,-3.6019781544465004e-06
2002-03-01,4.390467988277434e-06,-6.381173909630021e-05,0.0001181031012040694,7.384463686186726e-06,5.9940083083950295e-05,4.627281207321109e-06,-0.00011628278234440532,1.667115969275208e-06,-2.8069623476570344e-06
2002-04-01,2.462131776064674e-06,-7.144050779549278e-05,0.00016870501154472268,8.50086886167832e-06,7.545134893131083e-05,-1.774311037734009e-05,-9.672877654337065e-05,-0.0001300517795088017,-2.172641225218626e-06
2002-05-01,3.21485950802492e-06,-6.322816366365687e-05,0.000153092254317772,1.6950026212557914e-05,4.587506939574932e-05,-3.293298685599849e-05,-3.809213198516421e-05,-0.0001439222680527882,-1.8850823163798813e-06
2002-06-01,2.047708642738256e-06,-7.77329733300818e-05,0.00019159131764230045,2.0722122487324986e-05,2.5593708707651955e-05,-3.375337550768551e-05,-7.950061485794348e-05,-0.0001595519405096706,-1.98657369597002e-06
2002-07-01,2.0815391026016264e-06,-7.331809831791049e-05,0.00018348046489005465,1.578287534727125e-05,5.8138611096225216e-05,-4.317515857963733e-05,-7.648124631513668e-05,-0.00013793427665696964,-4.109435052397235e-06
2002-08-01,5.380008939281355e-06,-6.996042517646984e-05,0.00016370656109990803,1.1486406944621763e-05,6.848227419945418e-05,-4.36741578626222e-05,-4.592388344353709e-05,-0.00015464652382948024,-4.041774132670467e-06
2002-09-01,3.502418416863665e-06,-7.346187777232984e-05,0.00012676369892909513,5.6591102331542505e-06,3.1852343782377585e-05,-3.756775985728179e-05,-9.010646402511367e-05,-0.0001568539613355659,-4.760671404767329e-06
2002-10-01,4.7372302018770974e-06,-7.584692519269827e-05,0.00010712511697840201,-6.27458448365367e-06,5.1440180043275626e-05,-3.879411402732939e-05,-7.65235343899659e-05,-0.00011240073707508225,-2.3840815993647667e-06
2002-11-01,4.035248159711934e-06,-8.12682563858052e-05,0.00015236489943070927,-1.8935399313457308e-06,8.160003501148047e-05,-3.3017563005656946e-05,-0.00014196010138071207,-0.0001560927759886398,-1.4875744129851483e-06
2002-12-01,4.686484512082028e-06,-8.200406888783375e-05,6.253657087846485e-05,-8.346700150285802e-06,4.4597969535906664e-05,-6.832787071399461e-06,-0.00016833940245918402,-0.00011295893966282807,-2.079607460594323e-06
2003-01-01,3.3783370502555853e-06,-7.316984498570562e-05,9.472380804699705e-05,-1.6707419620099303e-05,6.400901282734932e-05,5.821357325494562e-07,-0.00021168601647244612,-2.5052604298098015e-05,-3.551379258842207e-06
2003-02-01,3.3088662100641287e-06,-6.564962653498047e-05,2.7449983176595287e-05,-1.005558667176733e-05,3.898214264837708e-05,1.2548487955527854e-05,-0.00019782658385425055,2.4445369338314795e-05,-3.5253276937704115e-06
2003-03-01,3.1178213995376248e-06,-6.504175668330522e-05,9.225759322020035e-05,3.838581366523986e-06,5.522963539815399e-05,4.950114809587291e-06,-0.00012086157677714057,5.505881531118944e-06,-3.360334448315703e-06
2003-04-01,1.6155144803973754e-06,-6.83416215923994e-05,0.00014614091364369884,1.1567212337823532e-05,6.024021974696279e-05,-2.893428749379566e-05,-0.00010805289061684076,-0.00013743905601782693,-2.387742685635311e-06
2003-05-01,2.4665322727427134e-06,-6.741244910483868e-05,0.00016908365861692737,1.3529763573232175e-05,5.703587724313186e-05,-3.417065207322669e-05,-0.0001063855904522458,-0.00015688220741641082,-4.280823080852504e-06
2003-06-01,4.316193392840246e-06,-6.600566459096168e-05,0.0001688144591111855,1.4676032436391212e-05,4.730995961632794e-05,-3.880783065600642e-05,-9.549066066865249e-07,-0.00013802955815945427,-3.5166438387464752e-06
2003-07-01,2.8052026186760668e-06,-7.267486524934151e-05,0.0002089165016117038,2.0450796027306038e-05,5.759164396466351e-05,-4.6119636586157225e-05,-6.851529869287804e-05,-0.00019092291911022456,-3.377702158363562e-06
2003-08-01,2.8746734588675234e-06,-7.438558468905614e-05,0.00015309668151786845,9.873860608156772e-06,5.72356059086823e-05,-4.266346228663227e-05,-7.265749753929364e-05,-0.0001810320082379659,-4.471867891379008e-06
2003-09-01,4.5853928985821425e-06,-7.367350857709368e-05,0.00013373168481449992,1.025012338769991e-06,2.6329765878508052e-05,-3.710579507131574e-05,-9.829223756994112e-05,-0.00018309008187863783,-3.0737672325259404e-06
2003-10-01,2.9528281540829162e-06,-7.521923477135362e-05,7.787712930056883e-05,-5.380815655377854e-07,3.0341706899564668e-05,-2.8239579091881095e-05,-0.0001584279336106707,-0.00015193241005276954,-2.9348255521430272e-06
2003-11-01,2.8052026186760668e-06,-7.555790511728696e-05,0.00013487795367765897,2.032339521546115e-06,7.016586603931715e-05,-2.8977706768915315e-05,-0.0001425191112068272,-0.00014257989819199468,-6.770232459206985e-07
2003-12-01,3.0917698344658294e-06,-7.765939803307851e-05,5.533384165844118e-05,-7.745681235401397e-06,4.170018927086782e-05,-2.587471351185751e-06,-0.00019734897182793428,-4.29152940823263e-05,-1.6669827186489497e-06
2004-01-01,3.5840128825780863e-06,-6.744591449244903e-05,6.524784734591294e-07,-8.452105733713919e-06,1.7010617608331334e-05,9.624213689282375e-06,-0.0001701736112035387,8.233727579821126e-06,-2.447331324702902e-06
2004-02-01,2.5655039488962716e-06,-6.571002100547829e-05,1.872879789645543e-05,-8.593811324487035e-06,3.881556538854538e-05,1.773685876104358e-05,-0.00012703311541254657,8.909448031473351e-05,-3.155859278568512e-06
2004-03-01,2.3263757644666254e-06,-6.201681904595379e-05,7.848427420559606e-05,4.842030844160551e-07,4.932834890402633e-05,7.08236965478951e-06,-0.0001199035528767739,6.34191985865286e-05,-2.7218859068258203e-06
2004-04-01,3.7877146693144465e-06,-7.13162484404399e-05,0.00017737706336638814,1.5425286311557032e-05,7.829828561770633e-05,-1.8654908269378654e-05,-7.582425754690981e-05,-0.00010064930573047602,-6.317284429222756e-07
2004-05-01,9.004632573120903e-07,-7.87292221577588e-05,0.00017729735397157827,1.9189341066468073e-05,6.229441045976693e-05,-2.4996233456475833e-05,-5.457727553036494e-05,-0.00017892393143377895,-7.557208348487628e-07
2004-06-01,3.955990058357521e-06,-7.379609627896951e-05,0.00019749040065674805,1.8303681124136067e-05,4.895637172824688e-05,-3.981332429169035e-05,-4.4799589767019566e-05,-0.0001377141743170706,-2.048784350653496e-06
2004-07-01,3.716861873927888e-06,-6.971320394481895e-05,0.0001809197031357162,1.7232032593914337e-05,6.32952061946021e-05,-4.298398688523894e-05,-2.6324723369973853e-05,-0.00015876631114630243,-2.6864595091325344e-06
2004-08-01,3.7522882716211606e-06,-7.246760636547152e-05,0.00011180280123612622,6.2587059084207405e-06,3.296135316973081e-05,-3.8750532360891935e-05,-4.799682215883811e-05,-0.0001311514341443904,-3.0584366849119825e-06
2004-09-01,4.150835245670566e-06,-7.374295668242959e-05,0.00017212509990835933,7.011516859402951e-06,6.653672158353725e-05,-4.091154262018204e-05,-0.00013310874261694412,-0.00019244795875318876,-2.783882102789064e-06
2004-10-01,3.4865902889215567e-06,-8.179360555822755e-05,0.0001131135779507776,-2.331814688728834e-07,4.0640024869749323e-05,-3.428680625153861e-05,-9.895769524062189e-05,-0.00015410773984963604,-1.3845393939044865e-06
2004-11-01,2.955194323522349e-06,-8.190874135073071e-05,0.00010617886060231796,1.6001346117543858e-06,5.3189826252593886e-05,-2.55984822172616e-05,-0.0001538154720686665,-0.0001449854424436164,-1.4111091921744441e-06
2004-12-01,4.3545370324069265e-06,-7.32647003135703e-05,4.542258855834217e-05,-1.1082515762439986e-05,3.530835201691063e-05,-6.76049524385978e-06,-0.00017915420301878527,-7.524857858439401e-05,-1.2339772037080416e-06
2005-01-01,3.108905168638202e-06,-6.960960448383077e-05,2.1485125023900705e-05,-6.6338023852554766e-06,3.2047312652420955e-05,2.0127602476034467e-05,-0.00020592473447322845,9.089260407181787e-05,-1.543092830757074e-06
2005-02-01,1.734827467749208e-06,-7.037941909938906e-05,4.146719472237084e-05,-5.9633186878337285e-06,3.5639780858359664e-05,2.458093863915664e-05,-0.00011382014063110869,9.303649638826516e-05,-2.7930068839753896e-06
2005-03-01,2.9930190974788914e-06,-6.364974939563752e-05,0.00011007174884868418,2.3639232826140497e-06,6.180520021083028e-05,1.0219343391913196e-05,-0.0001489584529219147,1.1242247151882956e-07,-2.4784589765429688e-06
2005-04-01,2.0328202221588662e-06,-6.730843821366726e-05,0.0001857619084687384,9.209479057524897e-06,7.99744806533083e-05,-1.76512567219016e-05,-0.00014018422181985243,-8.670279997982945e-05,-1.543092830757074e-06
2005-05-01,3.522783994207185e-06,-7.686903908431058e-05,0.00015592124514521527,1.625369666870886e-05,4.310615487162398e-05,-3.6184750530880315e-05,-1.977859388532613e-05,-0.00015111890039138474,-1.7169219374960537e-06
2005-06-01,3.249623969331657e-06,-6.917089292872764e-05,0.00016640065700862172,1.0533891299345624e-05,5.975236123600816e-05,-3.615164022483479e-05,-9.29918202191968e-06,-0.00014872668077959607,-3.2317184390785026e-06
2005-07-01,1.5444432079874792e-06,-7.49569189101819e-05,0.00021252331333002832,2.0119324899523086e-05,5.966130789438299e-05,-4.549702410618225e-05,-4.622545083918365e-05,-0.0001858019459740649,-3.728373029761271e-06
2005-08-01,2.1155959872726655e-06,-7.226670654398359e-05,0.00018764091833682153,1.7346336768210953e-05,6.788921894669422e-05,-4.1979054088845964e-05,-5.987517450644847e-05,-0.00015756713249374937,-4.630628869501627e-06
2005-09-01,1.4533898663622987e-06,-8.141342858905792e-05,0.0001374539719483276,2.620528154466815e-06,4.856935536913445e-05,-3.8436251341975535e-05,-9.655311602837106e-05,-0.0001829296269246162,-4.837568282286118e-06
2005-10-01,3.3406773109568238e-06,-8.219979835763898e-05,9.695179007814767e-05,-9.139970158922322e-07,2.8587285670664325e-05,-2.558117501980316e-05,-0.00015347800969712792,-0.00016937923417548794,-2.544679588633992e-06
2005-11-01,3.249623969331657e-06,-7.482447768599983e-05,0.0001029530330488978,-3.0827220618736667e-06,4.8503134757043414e-05,-1.2668155662051128e-05,-0.00014857768440239123,-0.0001157570935347715,-1.5679255602912178e-06
2005-12-01,3.812499172105462e-06,-6.933644445895524e-05,8.435331862782806e-05,-3.488323310931268e-06,2.9721313652723316e-05,-2.503291706077099e-06,-0.00015140033799277165,-0.00010585711202716161,-1.4768722186660373e-06
2006-01-01,3.608767264083685e-06,-6.4625198544884e-05,3.2990841694976474e-05,-3.5002269707757146e-06,3.892384558998973e-05,7.78220666564294e-06,-0.00015532676926775435,4.0073309831944606e-05,-2.2888685004078784e-06
2006-02-01,3.175507665193001e-06,-5.923155864032649e-05,8.891669808239654e-05,1.9376230969338977e-06,6.0516089273480604e-05,1.736697003702054e-05,-0.00012944613975850874,5.929588877048235e-05,-3.093493469776305e-06
2006-03-01,4.316129874517456e-06,-6.472246090381863e-05,8.101192091079913e-05,-7.938927351247636e-06,6.548531161177785e-05,1.2892901526026938e-05,-0.000167007094372542,4.091330293183471e-05,-1.829082803625934e-06
2006-04-01,2.397408793715849e-06,-6.659697182146814e-05,8.148939067284193e-05,4.289603776626188e-06,5.992367308724232e-05,7.994415448773072e-06,-0.00015133901255143397,-2.9911378437846658e-05,-1.5372957268220002e-06
2006-05-01,-1.4665594657786252e-06,-6.90638989253559e-05,0.0001758250368068158,1.8958535910496525e-05,6.222260157115208e-05,-1.357130213682654e-05,-5.6720421373286604e-05,-8.726964411139511e-05,-3.013915176102496e-06
2006-06-01,3.476136774627355e-06,-7.574847559395505e-05,0.00020564037083659926,2.2583769288969607e-05,5.1196586881015664e-05,-3.5800172169707815e-05,-1.5940966881779678e-05,-0.0001887938627739022,-3.1111775350371452e-06
2006-07-01,2.494671152650498e-06,-6.486393342590541e-05,0.00018589611197286662,1.628824205610904e-05,5.616580921931291e-05,-3.5579121353947256e-05,-3.373113653418903e-05,-0.0001489162956106983,-3.5179110360365686e-06
2006-08-01,2.8837205883890674e-06,-7.591647421393308e-05,0.0001909625966700985,1.7676441179085314e-05,5.242562941664435e-05,-4.31036911224365e-05,-4.9248903800579895e-05,-0.00014904892610015464,-4.8088478000782e-06
2006-09-01,3.4672947419969283e-06,-7.638510194334544e-05,0.00019471161850539748,9.356088473858078e-06,6.611309592853783e-05,-4.117612800900448e-05,-0.00010232762568100403,-0.00016799740202714928,-4.6231651148393355e-06
2006-10-01,3.962448569300574e-06,-7.742846179373527e-05,0.00017629366453622816,4.466444429234633e-06,8.287758979581821e-05,-4.422662926650012e-05,-0.00011041808553784028,-0.00016582226200006543,-2.9520209476895413e-06
2006-11-01,3.688345557757487e-06,-7.932949880927603e-05,0.00010867864101139002,-4.216431613839912e-06,5.6475280361377686e-05,-3.157368057236603e-05,-0.00017683943465757144,-0.00011172670636714276,-2.333078663559993e-06
2006-12-01,4.4576023966042124e-06,-7.671225715067106e-05,0.00012729996173105906,4.875297455446691e-07,7.767847460912999e-05,-2.0848294991663964e-05,-0.0001537528874595392,-0.00014449527929548723,-2.8193904582332114e-06
2007-01-01,3.750147041887072e-06,-6.962052248341022e-05,2.3679431926940505e-05,-9.862004361446772e-06,4.650325475408216e-05,9.196963372100407e-06,-0.0001456314799964231,1.4800241212696878e-05,-3.1732747925672052e-06
2007-02-01,2.518012647619787e-06,-6.791900355799347e-05,2.421726836888258e-05,-4.024034255275565e-06,5.044412904685769e-05,1.5210952677452644e-05,-0.0001563295357688708,6.248188650196111e-05,-2.919024838194588e-06
2007-03-01,1.911724294885098e-06,-7.049083963491646e-05,8.470919982076702e-05,-2.615880661827237e-06,5.328977276695119e-05,9.695684436446681e-06,-0.00016779034140443637,2.036440367569756e-05,-3.5253131909292906e-06
2007-04-01,3.241647133141851e-06,-6.554274436904942e-05,0.00018755330636448974,1.638441400532625e-05,7.457831702345822e-05,-2.5117001623803668e-05,-6.901423413067551e-05,-0.00013974461566825718,-1.8531307987093988e-06
2007-05-01,2.6549164692050422e-06,-7.382542557495729e-05,0.00019203201709920732,1.6990702358060937e-05,7.759997994273275e-05,-3.586395161824611e-05,-8.185385682649255e-05,-0.0001646122169747787,-2.0878230642841223e-06
2007-06-01,3.7208105086902315e-06,-7.368852175337204e-05,0.00018651674885820138,2.0452413275288083e-05,4.864935303367009e-06,-2.7033655125997217e-05,-4.726608418741799e-05,-0.00016992212948340677,-2.9972555933861626e-06
2007-07-01,2.9189452679766062e-06,-6.9659637861006e-05,0.00018501080682076357,2.0374182520096508e-05,2.7209594754960278e-05,-4.6161074770337024e-05,-6.596323467820413e-05,-0.00016355610177969245,-2.879909460598801e-06
2007-08-01,2.6842530024018827e-06,-8.471905823538396e-05,0.00019635426632354176,1.4311298992749537e-05,5.7846714256860364e-05,-4.45475654445108e-05,-9.313864326287709e-05,-0.00019107376991832852,-3.662217012514546e-06
2007-09-01,4.679137259787019e-06,-8.080752047580526e-05,0.00015909686916355478,8.170184710210992e-06,5.109931162158712e-05,-4.112496990487944e-05,-6.425193690838844e-05,-0.00016878778353312894,-3.652438168115599e-06
2007-10-01,4.346656550222828e-06,-7.422635819531411e-05,0.00013980320916443287,-1.3544097343631112e-06,5.494239747037319e-05,-2.9077433605377074e-05,-0.00010842297705843083,-0.00015152812316898798,-2.254063419066218e-06
2007-11-01,3.6719162866954974e-06,-7.888108812921274e-05,0.0001034161291559521,-2.7234479502156518e-06,6.913150069324488e-05,-1.2883667280721298e-05,-0.00017627837834272215,-7.374719481976572e-05,-1.5597654667409943e-06
2007-12-01,3.593685531503923e-06,-7.121447412043852e-05,6.950309678040486e-05,-4.7672264295955225e-06,4.774516799274839e-05,-4.962803317574459e-06,-0.0001675458702944627,-6.151386047668336e-05,-2.547428751034609e-06
2008-01-01,3.887122322473682e-06,-5.381486930144443e-05,-1.2614522357818273e-05,-1.7457699217763488e-06,2.544265417051419e-05,1.3482063590212357e-05,-0.00017305682905637614,0.0001131205657550228,-3.1022961010083688e-06
2008-02-01,2.9938002044428385e-06,-4.9819734273584276e-05,-3.762754166268185e-05,-7.436562673676533e-06,1.0008033131203527e-05,9.503471564537961e-06,-0.00011046638028656703,6.992678704801299e-05,-2.6225490376214407e-06
2008-03-01,2.7704696749351293e-06,-5.197859605882547e-05,0.00013719063393529825,7.592754812083101e-06,6.767693875075013e-05,1.0830834519879852e-06,-0.00011407275476306189,-4.5084512867976634e-06,-3.391798639259111e-06
2008-04-01,1.99294857220458e-06,-6.580854588611777e-05,0.00017059922684943318,1.3730208622998704e-05,6.14733129310915e-05,-2.243279415506465e-05,-0.00013439583294826358,-0.0001275635730455462,-1.1998508496463946e-06
2008-05-01,1.4883870055390147e-06,-6.824863870851682e-05,0.00017576891503248202,2.0190250976536552e-05,5.18866431644457e-05,-3.945554340420793e-05,-7.550274516697098e-05,-0.00016580272259792198,-1.7126839174048391e-06
2008-06-01,2.5057816399630246e-06,-7.728111790193979e-05,0.0002101039160690193,2.2258126249756095e-05,6.503832990212199e-05,-4.592385725883866e-05,-6.517991180305903e-05,-0.00020748281660493508,-2.308231996092068e-06
2008-07-01,2.522324642148783e-06,-7.58749627161505e-05,0.00018766333360404084,1.920594234648405e-05,3.78664488120172e-05,-3.796667320748985e-05,9.701987590767033e-06,-0.0001720063484175806,-5.15362837204216e-06
2008-08-01,3.6141627864087048e-06,-7.190464219156899e-05,0.0002278793719176145,1.7237325086379045e-05,5.7130774857330456e-05,-5.080404290363677e-05,-4.2648342826058905e-05,-0.0002211225219070912,-3.4000701403519832e-06
2008-09-01,3.56453377985143e-06,-7.72066743921039e-05,0.00017561175651171736,1.0636667214262265e-05,7.732150902504607e-05,-4.101058560966903e-05,-9.544533430190025e-05,-0.00018316460339187326,-2.4405760135781204e-06
2008-10-01,3.8126788126377766e-06,-8.048218882488365e-05,0.00019193969966905885,6.194871127386692e-06,8.889333905398263e-05,-3.5675467404762606e-05,-0.0001580936835793595,-0.00019600197308802016,-1.2081223507392737e-06
2008-11-01,2.472695635591515e-06,-7.613965075112261e-05,5.546820313766194e-05,-4.425736275868879e-06,2.363946693226675e-05,-9.80221198623969e-06,-0.00015349472897171926,-0.00010751345439640952,-7.86275795002486e-07
2008-12-01,2.150107092969263e-06,-6.6064962419997e-05,5.038122996554187e-05,-6.080036494444513e-06,3.366452625683509e-05,8.266669181087596e-07,-0.0001415010523870459,-1.9546040273650177e-05,-2.1014444687701103e-06
2009-01-01,2.145136967184272e-06,-5.9129482560328044e-05,4.7292474394895946e-06,-1.0103386664702577e-05,4.761108066412283e-05,3.0411752733706398e-06,-0.000196575358455701,5.23312824556403e-05,-2.399057299903729e-06
2009-02-01,4.345231022552583e-06,-5.817744186000502e-05,-1.7391698244486322e-05,-2.095044303161928e-06,1.5033687960632807e-05,8.369403058371707e-06,-0.00017863859164793462,5.4235363856286326e-05,-2.6390675604893613e-06
2009-03-01,2.537153726140805e-06,-5.576933891212916e-05,0.00011510196594080306,2.7931646707654795e-06,4.709905877487348e-05,1.1209524475301704e-05,-0.00018542288168048855,5.266729682046019e-05,-2.807074742899304e-06
2009-04-01,1.2730996870564674e-06,-6.420169940070443e-05,0.00013894298515897602,1.392164041991937e-05,4.893113709734382e-05,-1.7543704742857223e-05,-0.0001402689513223113,-8.160244329316287e-05,-2.3430549057670814e-06
2009-05-01,3.2011821137610614e-06,-6.943392308147124e-05,0.00015671174478433243,2.0065903090911594e-05,6.06996402080594e-05,-2.944821366790466e-05,-5.040110941703049e-05,-0.0001559016196284556,-7.829882119604639e-07
2009-06-01,2.825166038843564e-06,-7.312208075247047e-05,0.00014875140447490891,1.2449577488327485e-05,3.9810747195089736e-05,-3.2576347397537414e-05,-3.863260630631491e-05,-0.00014885331830925748,-1.8950357526739008e-06
2009-07-01,3.2331834818391457e-06,-7.848230990554965e-05,0.00016224798146184107,1.578572011046779e-05,4.8419115208094467e-05,-4.124871814669832e-05,-5.4017264009854046e-05,-0.00014842930018222285,-3.799117153319925e-06
2009-08-01,4.0012163157131695e-06,-7.391411461240308e-05,0.00016868825678755558,1.1553539182141117e-05,5.858754991490582e-05,-4.336880878187142e-05,-4.451285769066295e-05,-0.00017053424518215972,-3.3590983422462654e-06
2009-09-01,3.9132125534984376e-06,-8.761070014982325e-05,0.00013383076660850203,7.369360305931565e-06,4.8803131625031485e-05,-4.0480685312824296e-05,-0.00012190016604549079,-0.00015290949171315469,-3.8711202314956145e-06
2009-10-01,5.145265224504691e-06,-7.292207220198246e-05,0.00014194311341629643,5.985301136554411e-06,5.834753965432019e-05,-3.840859672976832e-05,-0.0001253003114037873,-0.00015290949171315469,-1.0469994986046595e-06
2009-11-01,4.2252258922597665e-06,-7.569019054073676e-05,0.00013483080936094215,1.041089768490356e-06,6.292373528948627e-05,-2.075984223470471e-05,-0.0001327326291399224,-0.00016502200953070968,-1.5670217298735298e-06
2009-12-01,3.737205029068974e-06,-7.513016659937028e-05,9.11089402242592e-05,-6.991253619108863e-06,5.708348561523585e-05,-7.047256013245511e-06,-0.0001715102869085413,-7.641022132249368e-05,-2.783073716840741e-06
2010-01-01,3.2710506735860172e-06,-7.710157037326464e-05,3.821745395933602e-05,-7.947935669148298e-06,4.914898457586558e-05,2.648926033018185e-05,-0.0002194989241143536,0.00010549030691199837,-2.5273419750014084e-06
2010-02-01,4.355169412415396e-06,-6.267129291778573e-05,2.6715001589303773e-06,-9.475557528407874e-06,4.0738851329189194e-05,6.64660220130476e-06,-0.0001399640311838711,4.251286381091e-05,-2.0509867715763787e-06
2010-03-01,2.622222034438134e-06,-7.191915428083027e-05,9.080542581330953e-05,5.6938917944547e-06,4.985530436025441e-05,5.57069648322409e-06,-0.00013758225516674594,-1.5992706303974758e-06,-2.338442497781137e-06
2010-04-01,1.1356652789220924e-06,-6.759089234626147e-05,0.000128601747298861,1.0104283936510578e-05,6.642918023114596e-05,-5.229425801326144e-06,-0.00012683962402743667,-8.502713539576728e-05,-2.4123596845195038e-06
2010-05-01,2.4251095364691535e-06,-7.243657458799884e-05,0.00016136348706545484,2.2867318180001884e-05,4.8500155936717694e-05,-3.183140000638942e-05,-0.0001051408232093517,-0.00018162047242131508,-1.952430522591892e-06
2010-06-01,1.5298902748600464e-06,-7.858812712878067e-05,0.00020370982204579021,2.3245117134442423e-05,5.474205170573532e-05,-4.506257643255705e-05,-3.8689272331560116e-05,-0.0001924945118926037,-2.8312237427035846e-06
2010-07-01,2.5565178684484726e-06,-8.462469737908063e-05,0.00021552835890318017,2.42142535827899e-05,8.019420300597956e-05,-4.3600658739287133e-05,-3.0821198454298413e-05,-0.00023858598433434963,-2.666963327729433e-06
2010-08-01,2.482600681710106e-06,-7.460481206565759e-05,0.00018146074883754188,1.6814321888204525e-05,4.836053458398967e-05,-3.110865418050317e-05,-4.5440375386997595e-05,-0.0002003790118113628,-4.087815917255813e-06
2010-09-01,4.1005657692054665e-06,-7.628848131914261e-05,0.0001648375948421581,1.5073161489478558e-05,7.242468537770237e-05,-2.6903587557164987e-05,-9.817618161444784e-05,-0.00022249667668763185,-2.8887148879445335e-06
2010-10-01,3.4517371300575797e-06,-8.376233020046635e-05,0.00016468976046868133,1.1040568301863223e-05,7.993959936276963e-05,-1.479759497357027e-05,-0.00010937874191568473,-0.00016723947309032838,-7.286904310344853e-07
2010-11-01,3.829536084498123e-06,-7.658415006609608e-05,0.00011008959853127452,3.6899147317700946e-06,6.509867086985536e-05,-6.2314143326684505e-06,-0.0001839693963554454,-7.2403722505004e-05,-1.3857320909310775e-06
2010-12-01,3.969157437226147e-06,-7.425986519421188e-05,2.769657438024184e-05,-3.91534248153296e-06,1.858833436992533e-05,-6.958383480396563e-07,-0.00015197146751848132,-1.5323228301487546e-05,-1.3939451116797865e-06
2011-01-01,3.21855774672311e-06,-6.468645367835226e-05,-8.943330250349527e-07,-2.1214300659915696e-06,2.5720978656403486e-05,5.241152179748159e-06,-0.00015100638345599043,8.027178918058541e-05,-1.9860262545756663e-06
2011-02-01,2.9562128621047907e-06,-5.580904129239711e-05,5.424886917409155e-05,-4.668714268253244e-06,6.193303547194404e-05,-8.689448103944641e-07,-0.00011785783787373466,-1.4274855324850652e-06,-2.9169274580600015e-06
2011-03-01,2.7531071449809358e-06,-6.249460448105732e-05,4.77579489643417e-05,-9.958858835968802e-07,4.297650187371762e-05,-6.996900461245849e-07,-0.00016102626550076724,-2.2829750474411234e-05,-1.7998460138787993e-06
2011-04-01,2.8123463124754002e-06,-6.414483843268865e-05,0.00016004155958097927,2.0169422388351464e-05,5.275942724851662e-05,-4.194800928297582e-06,-0.0001302134356654358,-4.023760297956827e-05,-2.7815236466440982e-06
2011-05-01,1.2805906958329873e-06,-6.919709314614453e-05,0.00016478915571874938,2.231049515636543e-05,2.5035496861110476e-05,-3.294272263953649e-05,-0.00010920891941954388,-0.0001520049865651827,-2.231445662766998e-06
2011-06-01,2.5584641660705815e-06,-7.335229760897005e-05,0.00017750865125363077,2.0702574895801584e-05,3.2118808745804904e-05,-3.3814384675526376e-05,-1.9613909953283544e-05,-0.00015275817026618368,-1.7490695845978355e-06
2011-07-01,4.597984075522618e-06,-7.84384032752799e-05,0.000203006881490888,2.2445898967781332e-05,5.4257331912305047e-05,-4.6635433068969686e-05,-4.2446377653290184e-05,-0.00018959646970952276,-2.9169274580600015e-06
2011-08-01,4.284862761623335e-06,-7.991091972442784e-05,0.00016843659588876525,1.6606609600470515e-05,5.603450693713878e-05,-4.417277624884295e-05,-3.0006152479454095e-05,-0.0001581743227228198,-3.4923936565775906e-06
2011-09-01,3.074691197093706e-06,-7.150742067842838e-05,0.00019192915716942445,7.5176287591780265e-06,6.844934389633438e-05,-4.217557003045838e-05,-0.00010601846711305666,-0.0001824031422280529,-2.231445662766998e-06
2011-10-01,2.6177033335650325e-06,-7.557799775911896e-05,0.00010447522047117808,4.48796847874719e-06,4.492293166282123e-05,-2.8296679360328316e-05,-0.00013337003701906905,-0.00015367214599324103,-1.7998460138787993e-06
2011-11-01,3.311647867071537e-06,-7.736363552216617e-05,0.0001348733761340483,3.1339303645881706e-06,8.289523802676853e-05,-1.9935494005396314e-05,-0.0001511587127438333,-0.00016072160692508146,-1.088976003945307e-06
2011-12-01,2.846197265329376e-06,-7.095734269455128e-05,4.0141484572197154e-05,-4.947984629298551e-06,4.3052666517639075e-05,2.7700326214079237e-06,-0.00016606159473779616,4.2171608559153835e-06,-2.028339945643143e-06
2012-01-01,3.71140347990356e-06,-6.372853056598093e-05,2.6360604784536983e-05,-1.1337264885276518e-06,3.142839697578214e-05,3.871720280329593e-06,-9.605017882965168e-05,8.939512471574749e-06,-2.006562401958277e-06
2012-02-01,3.738122946641241e-06,-5.406499009585616e-05,5.144127756229857e-05,-5.36991731386313e-07,4.0219101532476277e-05,6.641638332134946e-06,-0.00014964052261650946,2.6761396785602066e-05,-2.309383024985231e-06
2012-03-01,2.6159053436590105e-06,-6.086064113613745e-05,4.113646989046968e-05,3.6757775242533364e-06,3.827748694953876e-05,1.1362077455790355e-05,-0.0001413129554832683,1.8264606363022327e-05,-2.3628219584605664e-06
2012-04-01,2.820754588647823e-06,-5.9693891088592426e-05,0.00014670508297101234,1.2876180570925112e-05,4.891183471113228e-05,-2.2233198722376095e-05,-0.00013696658889394026,-9.210460424138876e-05,-1.4988925339425106e-06
2012-05-01,2.5713728990962176e-06,-6.601749821650818e-05,0.00020362645361116658,2.3278959620792134e-05,5.727502780002366e-05,-2.161865098740963e-05,-5.6603339435935034e-05,-0.00016913682684609752,-2.2114116469470894e-06
2012-06-01,3.925159213804942e-06,-6.920602124720373e-05,0.00015562047837248228,1.4506068041923109e-05,1.0471428564534618e-05,-3.679530809440741e-05,-2.6766601578867796e-05,-0.00013097252185578914,-2.630016625837297e-06
2012-07-01,2.6069988547464546e-06,-7.605511122096036e-05,0.00020746515033247877,1.9413543432742225e-05,4.172429815869847e-05,-3.983242081358948e-05,-0.00011916251755773808,-0.00017206706169832893,-3.921457518158116e-06
2012-08-01,1.449155296113987e-06,-7.971567816402143e-05,0.00018048739541634247,1.652784102507364e-05,5.8130050735629166e-05,-3.970772996881367e-05,-5.175820946750381e-05,-0.00017418680605951758,-4.019428896196245e-06
2012-09-01,3.3195179677510334e-06,-7.440741077213723e-05,0.00015432903748016145,6.597105887572153e-06,7.205979939486891e-05,-4.302985033319757e-05,-0.0001051971429428481,-0.00016535156905826063,-2.4162608919359153e-06
2012-10-01,3.551086679477527e-06,-7.420256152714841e-05,0.0001670029712027306,3.533273701652415e-06,6.394598799552914e-05,-3.686656000570787e-05,-9.675379145374369e-05,-0.00015492207054165595,-5.458982202988688e-07
2012-11-01,4.183447392269103e-06,-7.625105397703661e-05,0.00011441015417407926,-6.112453790647229e-06,6.411521128486773e-05,-3.113078114602091e-05,-0.00015420064493973883,-0.00015212543302311294,-1.1960719109155565e-06
2012-12-01,4.5129874820337246e-06,-7.109419689666588e-05,9.538589385685669e-05,-3.200031916240968e-06,5.301772609982123e-05,-1.837668902323875e-05,-0.00011442426545625754,-0.00011616993728311879,-1.8017131569694511e-06
2013-01-01,2.026400288346866e-06,-6.710150746279522e-05,2.413220009966685e-06,-2.67184758049387e-06,2.9796832802969816e-05,1.7329955524931016e-05,-0.00011704960401695456,6.129846388238394e-05,-1.9062668814546444e-06
2013-02-01,2.2842801027600786e-06,-5.796289153952696e-05,4.9266758791167444e-05,-3.969305396760353e-06,3.983802807668432e-05,6.547355784778521e-06,-0.00014155624513041026,2.6146886149770103e-06,-3.0344910695124516e-06
2013-03-01,4.008851361648443e-06,-6.47725303888759e-05,8.233178624546169e-05,-3.904835443157046e-06,5.049974665383063e-05,1.0778196489995306e-05,-0.00017635390258779327,4.858176553413235e-05,-3.1876072093202953e-06
2013-04-01,2.324573823762141e-06,-7.121952574920624e-05,0.00014207931574732312,1.2913763703104733e-05,5.747056038718781e-05,-1.8378340027098674e-05,-8.910993787412294e-05,-8.375087298084833e-05,-3.179548465119883e-06
2013-05-01,1.1802321473035088e-06,-6.747220969601422e-05,0.00018765151420065823,2.1738088602556885e-05,5.711597564236964e-05,-2.9652523163476346e-05,-7.98665582762493e-05,-0.00019161716410337536,-1.4469184620311064e-06
2013-06-01,3.211035685807567e-06,-7.202540016924753e-05,0.0001801568820942742,2.485682260811669e-05,4.51245642721552e-05,-3.6172047221610416e-05,-0.00012777579254770417,-0.00019183475019678652,-2.994197348510389e-06
2013-07-01,4.089438803652574e-06,-6.65857478339688e-05,0.00021881467802365503,2.31806038144308e-05,6.386920328231567e-05,-4.961403254789918e-05,-5.952628791440708e-05,-0.0002084196457612363,-3.0344910695124516e-06
2013-08-01,3.154624476404673e-06,-7.038141635236329e-05,0.00015942173326661174,1.3365053378327852e-05,5.580240033770233e-05,-4.600371514611419e-05,-0.00010828974907110571,-0.00018617751176809664,-3.896776698956634e-06
2013-09-01,3.7429128030348174e-06,-6.952718946711952e-05,0.0001390008754627654,5.604482713330207e-06,3.6211593186498506e-05,-3.788855973629837e-05,-7.873027534399108e-05,-0.00020119095221346592,-3.3487820933285583e-06
2013-10-01,3.0740370344005483e-06,-7.385473510274127e-05,0.00013499567959516015,1.9135778695410845e-06,6.309556383907603e-05,-3.559181763918068e-05,-0.00012195737923500603,-0.00016956843997104559,-2.107735486464963e-06
2013-11-01,3.4850329886216048e-06,-7.242027863506777e-05,8.424976736515997e-05,-5.637465446245829e-06,4.186883161518838e-05,-1.217310699278071e-05,-0.00015348318654702142,-7.694929287569982e-05,-5.362803673844427e-07
2013-12-01,2.993449592396417e-06,-6.20406161049359e-05,0.00011205243485658457,-1.7289745090455565e-06,5.9033956762067917e-05,-4.251361443774803e-06,-0.00017592678914517138,-0.00010534024869375456,-2.35755655667777e-06
2014-01-01,3.1753691349925475e-06,-5.887321640549181e-05,6.524129879442602e-05,-5.462002101670261e-06,4.911994023121702e-05,1.3642544920787749e-05,-0.00015414446179301956,7.859627038525004e-05,-1.6636400518125225e-06
2014-02-01,4.250704509838117e-06,-6.533390071403978e-05,2.8211604838050316e-05,-3.4240681251484123e-06,5.53811671718501e-05,1.9244695341354185e-05,-0.00014519489641527254,6.125215143612794e-05,-1.6029356354905957e-06
2014-03-01,3.4442029787039432e-06,-6.12753768799452e-05,0.00011455930102625474,1.0373178498878226e-05,6.209334120516036e-05,7.199204731188881e-06,-0.00015233200136283628,2.7157499828408085e-06,-1.8804415386765408e-06
2014-04-01,2.542308793349591e-06,-7.069323346931851e-05,0.00012929313007353397,7.598119467018693e-06,6.490308847491815e-05,-8.61863175041048e-06,-0.00014329571539034366,-6.139678571258906e-05,-1.3774620891520009e-06
2014-05-01,2.9152073507557146e-06,-7.17252085467913e-05,0.00018250488700944062,1.994713215879363e-05,6.578763854132337e-05,-3.861528547291718e-05,-4.1294951850556546e-05,-0.00018212919771742807,-1.490198862321305e-06
2014-06-01,2.1694102359434675e-06,-7.76482251679165e-05,0.00018799430065683775,2.338126771071981e-05,4.1991507343127834e-05,-3.801691336917246e-05,-3.905756050611979e-05,-0.0001896045129844997,-2.77366366455633e-06
2014-07-01,3.8864780119065564e-06,-7.488183819553151e-05,0.0001773623557410259,1.969564243403136e-05,5.6595255498288646e-05,-4.368844026553539e-05,-4.870089064183168e-05,-0.00017583328253889673,-1.8370812413037399e-06
2014-08-01,1.6057263700970008e-06,-6.278431522851883e-05,0.00020467934308589323,1.5420317113072758e-05,6.0480338142892e-05,-4.229223869013106e-05,-6.239407255216359e-05,-0.0001761368046205064,-3.3373475304028104e-06
2014-09-01,3.7303809413644513e-06,-7.602655004617357e-05,0.00015722583364109513,4.268048628787243e-06,6.113074260348408e-05,-4.1650506289013544e-05,-5.061741578570969e-05,-0.00016534009057467787,-1.4988709217958544e-06
2014-10-01,3.3314662055346526e-06,-6.555070220090381e-05,0.0001533580951154409,2.6203573286206436e-06,6.383642515954713e-05,-4.206676514379248e-05,-0.00013779762968347197,-0.00015904417539614656,-5.969767364415158e-07
2014-11-01,3.097320599721495e-06,-7.732735896735774e-05,0.00012704706666962265,-3.293987233029996e-06,6.072315580817971e-05,-2.965704803569561e-05,-0.00018520777883089727,-0.00017349182648076526,-1.3861341486265638e-06
2014-12-01,3.93851036875392e-06,-7.702383688574808e-05,5.016058736816434e-05,-8.471206739342951e-06,2.8714584287574856e-05,-3.796966682554536e-06,-0.00017845224450021422,-7.576638826193674e-05,-6.229929148651909e-07
2015-01-01,3.619350771016556e-06,-6.575783848211789e-05,-8.465652627277803e-06,-1.211346970417773e-05,2.2407754491802325e-05,2.2304757303748677e-05,-0.00020404014654314088,0.0001056466486371565,-2.714976294282615e-06
2015-02-01,1.7310689900330747e-06,-5.5981688716026055e-05,5.3796147551150664e-05,-8.362655439224148e-06,4.3470679448772746e-05,2.5008433490156858e-05,-0.0001789345819550649,8.902118586549728e-05,-2.8780551753675523e-06
2015-03-01,2.5636295934666986e-06,-5.106357298646452e-05,0.00010855631919967198,-7.864835696964867e-06,6.226766626856298e-05,1.3095092071951912e-05,-0.0001597256063830601,5.562434763910287e-05,-2.4918157201663817e-06
2015-04-01,2.5035479004354024e-06,-6.641015400645763e-05,0.00013347305560964962,1.0700407449704661e-05,4.6672175377440214e-05,-2.1666458896153315e-05,-0.0001431258929084143,-0.00011759975646911925,-1.9682466808936807e-06
2015-05-01,3.5592690779852733e-06,-7.298480784388199e-05,0.00018352110590471666,1.467438228877447e-05,5.176195308709118e-05,-3.625772720375303e-05,-6.787786393622208e-05,-0.00014668787899526953,-1.3245142555584009e-06
2015-06-01,3.6622662660389143e-06,-6.944857105404016e-05,0.00019907368130081708,2.1000126255069173e-05,7.176057376750726e-05,-4.113292743829223e-05,-7.019530066742908e-05,-0.00019084792337326986,-3.3157932245955367e-06
2015-07-01,4.666488849561958e-06,-7.531941077309792e-05,0.00019655025019350278,1.9180509266121443e-05,6.175268032829475e-05,-4.424000927791052e-05,-4.660894460314436e-05,-0.00015188065389297413,-4.088272134997878e-06
2015-08-01,3.9197592361730235e-06,-6.973181332118767e-05,0.0001514460649250107,1.2889097695844624e-05,5.829369142949317e-05,-4.300404302126679e-05,-3.952788792445627e-05,-0.00015448133289132867,-4.242767917078346e-06
2015-09-01,4.039922622235616e-06,-6.895933441078536e-05,0.00014683694075961007,6.245779066384516e-06,6.52202523261008e-05,-4.3304451486423243e-05,-8.295836888707662e-05,-0.00016310734739082144,-5.2899059956237345e-06
2015-10-01,3.97984092920432e-06,-7.548248965418288e-05,0.0001814525790446393,5.294351294072045e-07,7.841247549597184e-05,-4.173374436860517e-05,-7.958521097831974e-05,-0.00017130420694009069,-3.1097988484882547e-06
2015-11-01,2.864038058623166e-06,-8.022036030465055e-05,8.1991627780836e-05,-8.113745568094508e-06,4.5032803467586366e-05,-2.3434577291074217e-05,-0.00012114457635796554,-0.00013841377155496002,-2.1570748589920383e-06
2015-12-01,3.7480972560836173e-06,-7.610047278250475e-05,7.15459962923955e-05,-8.954889270532614e-06,7.150308079737316e-05,-8.009452162856999e-07,-0.00018230773986382175,-4.909804331444079e-05,-2.0798269679518042e-06
2016-01-01,3.3693176438279288e-06,-6.63495935029438e-05,1.8419877489301362e-05,-9.548473656715287e-06,2.8017335941487315e-05,4.476095259947014e-06,-0.00011642118229641901,-3.7993466257848926e-05,-2.261514461537062e-06
2016-02-01,4.120633835791979e-06,-6.709283102617705e-05,6.552313123761655e-06,-4.733587093160718e-06,1.9946745879421854e-05,2.3040876003316818e-05,-0.00020077056251466274,7.482514256772084e-05,-3.0774600033474906e-06
2016-03-01,1.8182132475150393e-06,-6.089649210965632e-05,5.229373547753008e-05,-3.408685421310128e-06,6.249709408452576e-05,7.020875910147836e-06,-0.0001462637845879804,2.0059847241653e-05,-2.0110757308823855e-06
2016-04-01,3.385474981289518e-06,-6.613954811594308e-05,0.00018771645941186775,1.2748652040282384e-05,7.935727572569754e-05,-1.821688520485968e-05,-8.016411703260541e-05,-0.00012496841381360143,-2.172649105498307e-06
2016-05-01,1.987865290861769e-06,-6.324738471031803e-05,0.0001619778208355509,1.4218969749287306e-05,6.582550560161381e-05,-2.7677006288622102e-05,-1.3838246752768106e-05,-0.00016591918561000766,-1.1143435017639964e-06
2016-06-01,1.1880770865129435e-06,-6.404717291466686e-05,0.0001455215726309189,1.7830134671953233e-05,3.4254068201662025e-05,-3.2403027496137916e-05,-7.669836814709379e-05,-0.00016177482855110923,-1.3486248949570837e-06
2016-07-01,6.514213293226179e-08,-6.779567520575633e-05,0.0001805910735913055,1.587509683910054e-05,4.1637971421609813e-05,-3.6789744616960284e-05,-1.4759214988078879e-05,-0.00018134136421709774,-3.6025734708492417e-06
2016-08-01,2.343326715016804e-06,-7.188348158353922e-05,0.0001837579117337776,1.2829438727590345e-05,6.029161752101837e-05,-3.985963873466286e-05,-7.038084919961113e-05,-0.0001636006076842692,-4.095372263427814e-06
2016-09-01,2.1009666530929084e-06,-6.729479774444695e-05,0.000131521239720449,6.6330998110696154e-06,4.6493251328818356e-05,-3.0399517650900434e-05,-0.00010359225635191454,-0.0001996476275610821,-2.948201303654748e-06
2016-10-01,2.41603473359397e-06,-7.429900353404731e-05,0.00015644393275495545,7.594461390034369e-06,6.135800179348348e-05,-3.611921511230419e-05,-0.00011234145458736691,-0.00019911443542484952,-2.415009167422189e-06
2016-11-01,2.908833526172542e-06,-6.961337567018548e-05,9.523993845044298e-05,-3.134010684463067e-06,4.1532948728109455e-05,-2.151298204702456e-05,-0.00014568212043936308,-0.00012537234725014124,-2.1564917680367174e-06
2016-12-01,3.223901606673597e-06,-6.537207458651743e-05,9.62820867167157e-05,-4.0388215823122374e-06,5.651887922373652e-05,-2.980515978577927e-06,-0.0001337337693865154,-6.684239229552237e-05,-1.4455689197266473e-06
2017-01-01,2.859668066941185e-06,-4.3386471540533e-05,1.5696739406746538e-05,-1.0158974296058023e-05,3.965503591717535e-05,5.919139807757597e-06,-0.00022734515368938443,2.9369037453243614e-05,-3.068625840338095e-06
2017-02-01,1.3617071255919027e-06,-4.76897047902273e-05,4.755337542610792e-05,-9.705046738073402e-06,5.195647273855884e-05,8.751647769581692e-06,-0.00015012299752503906,6.004546182184496e-05,-2.9415261241023987e-06
2017-03-01,3.295438522606426e-06,-5.1103240026271714e-05,1.875621114756295e-05,-3.6405745633987294e-06,1.556056113935115e-05,1.137534905473285e-05,-0.00012712702743753767,4.0372241458791064e-05,-2.932447572942702e-06
2017-04-01,2.3149549973596265e-06,-6.74627892160378e-05,0.00018595588785562183,1.6314080885605634e-05,6.0971474040133606e-05,-8.533913638473044e-06,-0.00010823456247421734,-0.00010491181274976984,-2.868897714824854e-06
2017-05-01,2.5237616740325506e-06,-6.536564389814881e-05,0.00019857507396759457,2.0462978765585163e-05,6.305046225570321e-05,-3.777592692384296e-05,-4.205192452005819e-05,-0.00017095827243653362,-1.9791997011749785e-06
2017-06-01,3.3953025853630467e-06,-6.973242700596097e-05,0.00022404948852169205,2.4285048803815754e-05,5.3654161805421355e-05,-4.771694044370638e-05,-4.0390549657834437e-05,-0.00020555663090612215,-1.8974927407377508e-06
2017-07-01,1.4434140860291304e-06,-6.791671677402244e-05,0.00020048156971113002,1.924645291018635e-05,7.423523728444452e-05,-4.49842965446389e-05,-8.721771653952894e-05,-0.00021532515195395145,-4.693686497923074e-06
2017-08-01,3.250045766807957e-06,-7.597847020382947e-05,0.00017078562886777547,1.5515168383552683e-05,5.417163922152384e-05,-4.2179024236293884e-05,-4.415814838910686e-05,-0.00019180262589918784,-4.357780105014453e-06
2017-09-01,3.7856802852298326e-06,-7.612372702238456e-05,0.00018166173315708724,8.306798762756755e-06,5.4825294905021706e-05,-4.280544426631267e-05,-0.00010843429059973058,-0.00021656891346282932,-5.447206244177556e-06
2017-10-01,3.6222663643553638e-06,-7.200206479588412e-05,0.00012298705701199386,1.0439578350026615e-06,5.334549106599181e-05,-2.111678554580701e-05,-0.00010445788519178521,-0.0001569591465482876,-1.6977646152245096e-06
2017-11-01,3.4770095458002743e-06,-6.797118808098059e-05,0.00013230165050183846,-7.808309480955583e-07,8.177043474698938e-05,-2.234238995236552e-05,-0.00015834816487572058,-0.00014353196938310224,-8.3530225505371e-07
2017-12-01,3.0049248854962607e-06,-6.534748679582942e-05,9.920125297359921e-05,-7.417251845830852e-06,5.220159361987054e-05,-8.996919747617375e-06,-0.00018490292701782145,-5.438059699492076e-05,-1.2892298130383442e-06
2018-01-01,2.969862853033616e-06,-5.794506724579078e-05,6.949234641618865e-05,-3.4058486201094174e-06,5.031400146283872e-05,1.9627223525906857e-06,-0.00017156417183813357,2.8660480703315457e-05,-2.0658396491810905e-06
2018-02-01,1.3621330941449765e-07,-5.738175137266169e-05,1.2030994327650766e-06,-5.573761222757784e-06,1.3561908285658126e-05,1.2648653764070032e-05,-0.0001610062667614563,7.078114485319614e-05,-2.8339976579935084e-06
2018-03-01,4.173310400173069e-06,-6.065069045460783e-05,6.727322327961945e-05,-6.319446993979203e-07,6.209242426462906e-05,1.245234671737353e-05,-0.00015654241522135748,3.87660260636921e-05,-2.5096642764949344e-06
2018-04-01,2.406546979904516e-06,-5.328490865899547e-05,0.00014453284878817468,9.499205927939141e-06,5.25160544214343e-05,-1.4108850209562375e-05,-0.00011190389982036945,-5.508581243521125e-05,-2.3389624967588385e-06
2018-05-01,1.8176258398150028e-06,-5.839742696209143e-05,0.00022391771145444423,2.4529497633702036e-05,5.857596760206557e-05,-3.857895033473115e-05,-5.9617944687204475e-05,-0.00017184582977469812,-1.2379360174610376e-06
2018-06-01,1.7664153058941768e-06,-5.786825144490955e-05,0.00019983169033368164,2.0202207517392105e-05,4.917029953860691e-05,-4.282942465015985e-05,-8.092152679826876e-05,-0.00018165264702053662,-1.7927168016033425e-06
2018-07-01,3.029608475941251e-06,-6.193095380262854e-05,0.00017874148544728749,1.879391783456934e-05,6.16059241923812e-05,-4.337567034531533e-05,-3.7281616808736856e-05,-0.00017453438280554159,-3.960629404251709e-06
2018-08-01,3.959933175502956e-06,-6.74446212881043e-05,0.00016218341281288656,8.748118097100334e-06,4.7966851991467456e-05,-4.066151204751147e-05,-0.00010140574036659978,-0.0001610404071174035,-3.1583310394920825e-06
2018-09-01,3.464898014268286e-06,-7.041483225551229e-05,0.00018241157371161348,9.251688347321807e-06,7.000445175539693e-05,-4.33073896334209e-05,-9.82477574414821e-05,-0.00015311130944866203,-3.7557872685684045e-06
2018-10-01,4.053819154357799e-06,-6.801647225022022e-05,0.00010613348343654078,-1.1013745936721772e-06,4.934100131834299e-05,-3.424312512943442e-05,-0.00011034197853578421,-0.0001409744129094259,-1.8866027804581993e-06
2018-11-01,3.430757658321064e-06,-6.908335837357078e-05,7.931623384000073e-05,-7.007656172540954e-06,4.735232558441753e-05,-1.9238438690631938e-05,-0.0001354351401569897,-0.00010317250378686835,-2.1938659839831556e-06
2018-12-01,3.371012035413443e-06,-6.642894569867456e-05,3.1255147755304057e-05,-7.937980872102659e-06,5.0655405022310905e-05,1.0378320093580014e-05,-0.0001429886939103118,3.659811346104373e-05,-3.7643223575552e-06
2019-01-01,3.20770623922392e-06,-5.466446054289111e-05,3.946294563726393e-05,-5.745057750436384e-06,6.492946282946192e-05,2.8674223431421914e-05,-0.00018694228879585442,6.3458722107897e-05,-2.8726715089907965e-06
2019-02-01,2.4575297637948373e-06,-5.106163931221194e-05,-7.196056985805794e-06,-8.893824798618995e-06,3.786388525542824e-05,2.688761893072895e-05,-0.00014875238375065516,9.210361857757086e-05,-2.5568077298627524e-06
2019-03-01,2.9708084048778903e-06,-5.99650495863835e-05,8.547047921588208e-05,-1.5821715710922395e-07,4.906717867137581e-05,1.8339555408076452e-05,-0.00016507859283433558,-1.382189301230366e-06,-3.2971134621940867e-06
2019-04-01,1.7468362607567483e-06,-5.576011302674151e-05,0.00018583619503381585,1.5585618083803872e-05,7.24707105561438e-05,-2.026492084722834e-05,-0.00012500337585746586,-0.00010217234707236745,-1.7967605113359213e-06
2019-05-01,1.8751559210275183e-06,-6.063626011703058e-05,0.00019869777329018564,1.9316758974753816e-05,5.5818766950237605e-05,-2.965199753318968e-05,-5.252250929067911e-05,-0.000142770713433418,-1.5796041631853885e-06
2019-06-01,2.872100973900379e-06,-6.518667268509385e-05,0.00021936710933687656,1.6473984962601487e-05,4.1180454936272636e-05,-4.5672213580839815e-05,-1.1183837197297264e-05,-0.0001892323011945327,-3.247759746705331e-06
2019-07-01,2.0330878105915336e-06,-7.01911394356537e-05,0.00019658543426726688,1.6681270567654258e-05,5.655907268256894e-05,-4.2681378422221205e-05,-3.9572094346429615e-05,-0.0001480811732200081,-3.7018139292018936e-06
2019-08-01,2.1021830122757996e-06,-6.055729417224857e-05,0.00020040541184609658,1.552639362521737e-05,5.6983514635772236e-05,-4.1467277021197825e-05,-8.759325951698898e-05,-0.00014813052693549687,-3.6623309568108864e-06
2019-09-01,3.5926652200362166e-06,-6.89178135760438e-05,0.0001847800255223565,9.722396683739689e-06,4.975813068821839e-05,-4.295775922895824e-05,-8.725765425166545e-05,-0.00015609621661538204,-4.481602633924235e-06
2019-10-01,3.1386110375396676e-06,-7.11189892868423e-05,0.00014623477372563822,5.241079317360662e-06,5.7526405506148555e-05,-3.9424033199963334e-05,-0.00010249808159459323,-0.000174860499244207,-2.527195500569507e-06
2019-11-01,1.1447209317939325e-06,-6.509783599721411e-05,0.00011075932303232055,-4.274317028871451e-06,4.905730792827806e-05,-2.9395358212648155e-05,-0.00017600550544354614,-0.00011932769857625896,-1.934950914704426e-06
2019-12-01,3.918399742262009e-06,-6.532486308846238e-05,7.274709136288084e-05,-7.432954820151824e-06,4.437857569994401e-05,-1.1006163821537752e-05,-0.00023415405303239822,-8.232228270278986e-05,-2.4975832712762484e-06
2020-01-01,2.4639552578582683e-06,-5.0631879722838254e-05,3.177474262173944e-05,-1.1511528768148908e-05,4.648122778071549e-05,9.483138179806746e-06,-0.00018880681430842881,3.08629562623374e-05,-1.4818788147264364e-06
2020-02-01,2.338191622078675e-06,-6.285453307516736e-05,-1.732809692295504e-05,-1.0741226498998896e-05,2.13363608520333e-05,2.6492669918996575e-05,-0.00018464089387322982,9.246355711262883e-05,-2.3229231290024545e-06
2020-03-01,8.526086744322452e-07,-5.7619621735841845e-05,0.00011058138089212633,9.390711740307116e-07,5.7509126593138466e-05,1.342897225239145e-05,-0.00015260260765837875,2.2045677590628554e-06,-1.6390833594509226e-06
2020-04-01,4.831779943296926e-07,-5.853140809524388e-05,0.00014086683643329932,1.0072655222523585e-05,6.21388004352747e-05,-1.972546623000351e-05,-0.00013079833730509198,-0.00010582639537560674,-2.236460629403988e-06
2020-05-01,8.604689016684651e-07,-5.846066605011786e-05,0.00019021334302231677,2.0589639264591975e-05,5.3610453883971115e-05,-3.462845706988517e-05,-0.00011940100781256645,-0.00017310994051768848,-7.430174545213313e-07
2020-06-01,1.70151321594449e-06,-7.326933416316482e-05,0.00021885601107111887,2.3474342660286365e-05,5.784711636429612e-05,-4.309392180329896e-05,-4.36658221042083e-06,-0.0001921631313382967,-2.692353809105007e-06
2020-07-01,3.446483662386326e-06,-7.326147393592862e-05,0.00020744296112412087,2.3686568795664428e-05,4.348648120371395e-05,-4.636377633356835e-05,-2.0943801451618313e-05,-0.0001957631154124875,-2.149998129805515e-06
2020-08-01,4.979227973450109e-06,-7.631124210358373e-05,0.00015440214773407792,1.085081771890981e-05,3.682100850739557e-05,-3.9486077501871905e-05,-6.245366148611991e-05,-0.0001507240133489211,-2.684493581868787e-06
2020-09-01,2.5189768485118347e-06,-7.35758830253776e-05,0.00021101936451660303,8.783577955782768e-06,8.09640446660324e-05,-4.757425132794692e-05,-0.00010503251242474805,-0.00020084868243432476,-4.570948118562663e-06
2020-10-01,2.959149573740407e-06,-6.737416373599645e-05,0.00013945199553077892,6.639632207628522e-07,5.6440135689011935e-05,-3.4534134343050476e-05,-0.00016229426784064357,-0.00016207418147802928,-2.299342447293781e-06
2020-11-01,1.2927813996608175e-06,-7.003878076907656e-05,0.00013510528986914678,-3.761344713231538e-06,7.085579244024768e-05,-2.558919574822699e-05,-0.00017306277915427114,-0.00013628477591597668,-2.0006538123172553e-06
2020-12-01,2.6132995753465346e-06,-5.9930528543291853e-05,5.6227909553633876e-05,-7.5499742410917495e-06,3.664808350819864e-05,-1.9063310854825554e-06,-0.00020337181537715283,-2.9951621864331586e-05,-1.6783844956320493e-06
2021-01-01,2.2822153557944524e-06,-6.260740509230828e-05,2.8426475059511926e-05,-3.7676959806029763e-06,4.3948819002611627e-05,9.931031831096925e-06,-0.00017879163094258068,6.954858668605333e-05,-2.5231427914012238e-06
2021-02-01,1.6426533002324427e-06,-5.0645866107202505e-05,9.749534491005001e-06,-1.0033675579014596e-05,3.0319233034756265e-05,1.669828979738148e-05,-0.00012713403086022718,8.364488009985934e-05,-2.8256383582210884e-06
2021-03-01,9.85805783709293e-07,-5.5079586843733756e-05,7.864938188209117e-05,4.32671032952957e-07,4.337839879089415e-05,7.493781835576814e-06,-0.0001248696354743184,-1.7898560316331267e-05,-3.1454193860020932e-06
2021-04-01,1.314229541970861e-06,-6.452609125899431e-05,0.00012200996070309962,1.2549779166708954e-05,5.124328352821081e-05,1.2796586200485943e-06,-0.00011211296528500041,-2.8555046998871307e-05,-1.6847979347861498e-06
2021-05-01,1.7463660659992566e-06,-6.17949884271349e-05,0.00019492003503716925,2.3914969748655558e-05,5.739690763037506e-05,-3.886582446218864e-05,-7.510479336720927e-05,-0.0001692327710310727,-2.514500060920647e-06
2021-06-01,5.277410682392076e-07,-6.976358593021838e-05,0.00016861156345432098,1.6421722422003313e-05,4.250548301235681e-05,-3.9159677298527954e-05,-5.170027922583177e-05,-0.00018160051834876517,-2.9898502373518725e-06
2021-07-01,1.9931730997762589e-07,-6.996236873127145e-05,0.00016108374520574646,1.5436451147218588e-05,3.290340944844603e-05,-3.516673581650565e-05,-0.000100583562823923,-0.00019516960520325654,-3.914622398772634e-06
2021-08-01,-1.9872935016060144e-06,-7.449980223356951e-05,0.00020712357047573092,1.6672361605939777e-05,6.99288668271983e-05,-4.145864360635897e-05,-5.2754692344461035e-05,-0.00019935268675585135,-5.055462822207572e-06
2021-09-01,3.88112049469949e-06,-7.25465451449612e-05,0.00021260306160041087,1.0527380234256098e-05,7.424158933700161e-05,-4.737891398554788e-05,-9.269274989516464e-05,-0.00021665543317794803,-4.4504716885678295e-06
2021-10-01,3.2069875172152e-06,-7.387752563896863e-05,7.365388366432301e-05,-2.7737819753376815e-06,1.822805309244197e-05,-2.3645976085908817e-05,-0.00015544761591456714,-0.00014461827462241574,-1.3563741765245681e-06
2021-11-01,3.9070486861411934e-06,-7.163041571402103e-05,9.68423295436863e-05,3.993475990946867e-06,4.203877556640615e-05,-1.0923876818513077e-05,-0.00016654488185161614,-9.797345821879156e-05,-2.068910226090526e-07
2021-12-01,1.971077058494011e-06,-6.517429604503691e-05,6.514079414096377e-05,-8.66812416308489e-06,3.779519490044738e-05,9.706320838602164e-06,-0.00014158467622373645,6.5344387522337926e-06,-2.229289955061909e-06
2022-01-01,2.9564129592107218e-06,-5.887377464674195e-05,5.457128332555627e-06,-8.609395642509435e-06,3.469205399406586e-05,1.7695004190862236e-05,-0.00013348105486337872,8.382329634475145e-05,-1.232285291141979e-06
2022-02-01,3.4252970917129e-06,-5.694353496794135e-05,5.387722974894627e-05,-2.373236680230589e-06,3.951374582329649e-05,9.606752905199817e-06,-0.0001309412658123253,5.828474059446665e-05,-1.2088410845168728e-06
2022-03-01,1.8389057767472314e-06,-5.314557349467377e-05,4.697681826562268e-05,1.18246799124419e-06,2.553318393919016e-05,8.293877334193748e-06,-0.00016649831252707313,2.3493537962805725e-05,-1.4354684152262598e-06
2022-04-01,2.7376003640430503e-06,-6.583670401439914e-05,0.0001297504971233389,7.520218515565176e-06,7.926730552393871e-05,-8.156140981090674e-06,-0.00012748715270289267,-4.256442157120817e-05,-2.4904577133561337e-06
2022-05-01,2.7610445706681565e-06,-6.785290578415847e-05,0.00011502753536277079,1.6202389702397e-05,2.3712350557973403e-05,-2.1222378806817776e-05,-9.749419769383725e-05,-9.432922979944762e-05,-1.5605041838934929e-06
2022-06-01,2.26090149599917e-06,-7.075998740567193e-05,0.0002122037718238453,2.3446649549555506e-05,4.6203159446994106e-05,-3.070165301890329e-05,2.823562455001773e-06,-0.00018173704683339362,-1.7793167790611778e-06
2022-07-01,6.238601886725915e-06,-7.352640378743471e-05,0.00019661337441814817,1.67572359258579e-05,2.8080787725785278e-05,-3.614070895592846e-05,-2.3965350981955473e-05,-0.00014914959962449286,-4.13155217711373e-06
2022-08-01,3.620665480255465e-06,-7.15570904309256e-05,0.00019469876421043098,1.6827568545733225e-05,5.705782711441931e-05,-3.790683918835329e-05,-0.00010001835727380726,-0.0001780406769221682,-5.366280392702765e-06
2022-09-01,2.628194066459208e-06,-8.241175809835083e-05,0.00015952463953722662,5.699385134348418e-06,5.134525543343455e-05,-2.8912078579853355e-05,-0.0001040038724000757,-0.000166764013535491,-3.3578933584851444e-06
2022-10-01,3.378408678462674e-06,-7.553479082165233e-05,9.298216639962715e-05,-2.4044956223973974e-06,4.685959723249714e-05,-1.9135844417183135e-05,-0.00012417370483321067,-0.00013720086898122923,-1.7324283658109654e-06
2022-11-01,1.8623499833723376e-06,-6.593048084089957e-05,8.236194079845302e-05,-1.3104326465590132e-06,4.0162368873257825e-05,-1.1711845652565453e-05,-0.00011410832545549744,-8.041900053521661e-05,-3.248487060901302e-06
2022-12-01,2.120236256248533e-06,-5.5888545669811464e-05,6.50679310446647e-05,-7.546591608837859e-06,4.5929643703034506e-05,2.4406404134583447e-06,-0.00016463840546814782,9.323964539096968e-07,-3.0453039368170346e-06
