,vo850_cluster1,vo850_cluster2,vo850_cluster3,vo850_cluster4,vo850_cluster5,vo850_cluster6,vo850_cluster7,vo850_cluster8,vo850_cluster9
1980-01-01,3.971762885779769e-07,5.386395260751672e-05,1.2092774764541035e-05,-1.9551962094202567e-06,3.983716047849939e-06,-3.102853236425759e-05,8.326032583074114e-05,9.488137729092256e-05,-1.9589706942653497e-05
1980-02-01,3.0311708461957165e-06,6.07388440629341e-05,1.65738787131926e-05,-2.3030822830678865e-06,7.098124707171543e-06,-2.7847859690907864e-05,0.00012125445487411404,0.00013893038061611485,-7.281166336930341e-06
1980-03-01,2.9152088216465066e-06,4.8927283562421835e-05,9.856364291092011e-06,-3.2224954777080336e-06,6.460333572150888e-06,-3.6942595616267244e-05,0.0001138991493169928,5.925618674905493e-05,-1.7527239506028288e-05
1980-04-01,7.1561057194461476e-06,5.806343449654878e-05,9.839798287584973e-06,-3.6283625636302684e-06,3.1305668672379023e-06,-2.4368998954431607e-05,1.0253948375260727e-05,0.00012142011490918434,-7.467995160528117e-05
1980-05-01,8.48138600000853e-06,2.636438678584722e-05,7.313482752762925e-06,-3.5620985496021446e-06,3.826339014533148e-06,-3.3218914987502194e-06,-3.9916193245779095e-05,0.00015602649623536964,-7.260920116690245e-05
1980-06-01,6.394069558122778e-06,4.761028628361297e-05,8.348857971952295e-06,-3.0568354426377376e-06,2.3436817006539757e-06,-5.293245916086761e-06,-9.233102834202146e-05,0.0001254125217543785,-6.365527627135283e-05
1980-07-01,4.15765908467374e-06,8.375730593595203e-05,9.4670632086768e-06,-4.928793838932107e-06,3.2051138830195314e-06,-1.6582977306127584e-05,-7.842386839786991e-05,0.0001413987151386623,-3.99741742580537e-05
1980-08-01,5.814259435376728e-06,5.945497879113929e-05,6.228409523052468e-06,-5.508603961678157e-06,1.5236645270560008e-06,-8.16744752455644e-06,-0.00010457330493371649,0.0001436765406208789,-7.387650043519023e-05
1980-09-01,4.331602121497555e-06,8.919095508625782e-05,4.762318212680333e-06,-3.7526075899329972e-06,-2.6923833654830836e-06,-2.2240267503778274e-05,-5.494984142840866e-05,8.988672723355307e-05,-5.3533448128557595e-05
1980-10-01,-8.866889832168378e-07,4.500942373300928e-05,5.698297410827518e-06,-3.868569614482207e-06,2.7743977918367536e-06,-4.7586252869533894e-05,-4.532499339082433e-05,3.9675170603745685e-05,-4.526701237854972e-05
1980-11-01,3.842905018040186e-06,4.894384956592887e-05,1.2241868796104293e-05,-3.5372495443416015e-06,7.089841705418024e-06,-3.2859075751784394e-05,-3.6697775723978492e-06,0.00011973866555322081,-4.6509462641576956e-05
1980-12-01,1.291740477957581e-06,6.49051939449521e-05,1.402271417311001e-05,-3.2804764899826386e-06,3.3376419110757655e-06,-2.2505323559890756e-05,2.8592514257542732e-05,0.00013321510940618957,-1.3427153638038413e-05
1981-01-01,6.533293066866619e-06,5.7587611602817886e-05,1.346608122125073e-05,-2.5576587076923507e-06,8.841444892304595e-06,-2.04312531682139e-05,0.00011474978316420612,0.0001243323629449053,-5.3824365734810714e-06
1981-02-01,3.25021790721837e-06,5.981243664755413e-05,1.3891047802829565e-05,-3.932550589270928e-06,8.324818851953858e-06,-2.937221673750975e-05,0.00014361417999928612,7.541120999491839e-05,-3.007623323481704e-06
1981-03-01,-5.340773183130205e-06,3.453109138264861e-05,1.1599561333531932e-05,-3.0326213576922214e-06,3.6251884203761643e-06,-2.66807617208438e-05,4.466362791597924e-05,8.201902370456574e-05,-5.3686971346275184e-05
1981-04-01,6.858267511603372e-06,3.713088694054265e-05,3.4252041466920118e-06,-4.649160903305832e-06,4.175145173007601e-06,-2.988884277786049e-05,7.510290090632197e-05,4.240547215896229e-05,-5.3670305990134834e-05
1981-05-01,9.508059137918457e-06,3.877242452036678e-05,4.708436569498688e-06,-3.4575879392710574e-06,4.316800700200544e-06,2.9502414966921342e-06,-6.78025279971486e-05,0.00017571165592559333,-8.05265274103031e-05
1981-06-01,2.8419166817798832e-06,3.897240879405093e-05,9.09975791247997e-06,-6.161447173420008e-07,1.0087275063417776e-06,-1.439006156733832e-05,-1.559829988751343e-05,0.00014810549347910948,-6.806084101732397e-05
1981-07-01,5.016745658095091e-06,3.6814245173876064e-05,8.058173153708314e-06,-1.5660700173417423e-06,4.0084916116041335e-06,-4.040875404183193e-06,-3.0413801496281394e-05,0.00010232576016157786,-9.982500982082425e-05
1981-08-01,5.633363835287912e-06,7.542787535105874e-05,7.058251785287531e-06,-3.157611528744822e-06,1.75459699324455e-07,-1.5914941654180016e-05,-3.757990463663036e-05,9.769279115456154e-05,-3.946308988048951e-05
1981-09-01,7.25823605897169e-06,5.566276296860787e-05,6.124991841428132e-06,-4.749153040147915e-06,2.5836036616045145e-06,-1.820642812347765e-05,-5.962817081030868e-05,9.590959804754449e-05,-8.695935488047682e-05
1981-10-01,2.958574174762309e-06,8.320226399053033e-05,1.1391244381777598e-05,-3.224272953306206e-06,-3.94088326734111e-06,-4.643754142522448e-05,-4.165458421294506e-05,6.375379337474607e-05,-6.320288970241298e-05
1981-11-01,2.4086174221308793e-06,5.6970993425625065e-05,1.27911342975667e-05,-3.857556486639376e-06,3.20855451686751e-06,-4.5187639714698504e-05,8.899773638795811e-06,0.00010695039649052399,-3.968807218838418e-05
1981-12-01,2.1753024361660347e-06,5.4346199833520504e-05,1.0732962814233917e-05,-2.3826724682187155e-06,7.466553010726018e-06,-3.2613628506807126e-05,9.70845056554389e-05,0.00010563383335543663,-1.3081831110321127e-05
1982-01-01,1.084610247291886e-06,4.667987870610543e-05,1.5226274442356346e-05,-2.4379185011749564e-06,7.237658389123601e-07,-3.884024607984331e-05,0.0001028427334103195,9.365838406370718e-05,-1.769648205550939e-05
1982-02-01,-5.735557245473898e-07,5.6250847061695836e-05,1.119684521545159e-05,-2.4465100347078103e-06,5.002349538269643e-06,-4.371164559296699e-05,8.285882641291978e-05,7.840841204290559e-05,-1.2756350274122964e-05
1982-03-01,4.452491392167507e-06,3.914510379779952e-05,8.550652887335034e-06,-2.979185113744252e-06,1.8578482652480209e-06,-2.675195839912905e-05,0.00011682115846825989,6.72909676514029e-05,-3.444138091102618e-05
1982-04-01,1.445454655671412e-06,4.230678813788683e-05,4.186153852649279e-06,-4.723266420911986e-06,2.759959286196856e-06,-2.481027182070585e-05,4.3200307625302815e-05,3.530468830861737e-05,-2.615055105182983e-05
1982-05-01,6.523050973583378e-06,5.384521767249896e-05,3.6019295724157546e-06,-1.552990547291829e-06,2.201509606561866e-06,-1.0556917689714392e-05,-4.217376109058756e-05,0.00012621170461966054,-5.7466690779053365e-05
1982-06-01,6.205164232868081e-06,8.172474398658412e-05,1.1033606078327514e-05,-2.2660878305180406e-06,1.1619340490875036e-06,-2.1219010803976245e-05,-7.527693979264306e-05,0.0001415905496434548,-5.274993886952094e-05
1982-07-01,1.1789661029217961e-05,2.075922203750915e-05,1.1428816620838428e-05,-6.0377710514374164e-06,1.8062990640509515e-06,-1.2232266728619363e-05,-7.28541273363805e-05,0.00014124688830214097,-4.3024322910339296e-05
1982-08-01,8.000794741232891e-06,2.3018795356647637e-05,7.605584198721976e-06,-5.178617698152824e-06,5.105447940663795e-06,-1.212057679269237e-05,-8.573283610211659e-05,0.00013659027712733846,-6.099781106105306e-05
1982-09-01,6.402769504123545e-06,6.131985184607496e-05,8.241357680152577e-06,-4.542844216722216e-06,-5.170026164619983e-06,-2.47071734183117e-05,-6.69861099334467e-05,4.365565890254365e-05,-4.2457281697171466e-05
1982-10-01,6.464420371167425e-07,4.107819884268986e-05,1.040642413042976e-05,-5.444955237671051e-06,-1.0961291377369802e-07,-2.082380026146533e-05,-6.141020467062967e-05,0.0001670214889006789,-3.5437998800836316e-05
1982-11-01,1.6688345275254107e-06,5.823549130778325e-05,9.23797556996271e-06,-3.004959714342787e-06,4.340801456240514e-06,-3.877151381158055e-05,-4.285249223968238e-05,0.00012919296675555807,-4.538699463187194e-05
1982-12-01,-8.227101969999231e-07,5.3209444191068366e-05,1.1325718218444276e-05,-3.864113067627393e-06,1.041652579627657e-06,-2.9063080919464613e-05,2.6592873306311563e-05,8.126939270934329e-05,-2.2396050897976135e-05
1983-01-01,3.2978378930088813e-06,3.447009308105791e-05,1.4815751480338765e-05,-3.917157033393989e-06,9.247130557703471e-07,-2.4075679002464174e-05,7.824685747788303e-05,6.47643790069784e-05,-1.6669443246686776e-05
1983-02-01,3.202217478321614e-06,3.252291372742629e-05,7.1487327754142676e-06,-5.5513968480490935e-06,3.767247201473646e-06,-2.4171299417151442e-05,8.084599420438238e-05,4.973458837113434e-05,-2.185033116974232e-05
1983-03-01,-4.151861687626371e-06,5.109935247167079e-05,7.505136139248627e-06,-2.5697784628006794e-06,6.279456278257295e-06,-3.720175410953446e-05,3.346173234435582e-05,7.387439669718346e-05,-2.659658084421939e-05
1983-04-01,-1.0103321087487783e-07,3.0540963313908394e-05,8.487418581036005e-06,-2.839254176919344e-06,7.1748110703289775e-06,-3.4367912728802726e-05,2.6185888063151964e-05,0.00010304731594177146,-4.0061673785180896e-05
1983-05-01,-5.443642244249328e-07,5.488939799927519e-05,1.1408187611483433e-05,-3.647681319275324e-06,-8.41131652369553e-06,-2.9604277524382513e-05,2.1265783089243502e-05,0.00010143915442203106,-3.290752821357901e-05
1983-06-01,7.000955770897587e-06,9.858792751135618e-05,7.731148028509444e-06,-3.117422656009574e-06,-2.1351402142221967e-06,-4.3156298115059715e-05,-4.9232540830186956e-05,0.00010150869654180361,-6.531415602759094e-05
1983-07-01,-6.052135792259248e-07,0.00011081864782635478,1.1043091482677508e-05,-8.298310579065132e-06,3.1152898286059187e-06,-2.5075346974194696e-05,-8.053518749280953e-05,0.0001247357645458379,-7.481534814151665e-05
1983-08-01,4.732144113317886e-06,7.533478121240718e-05,9.321924018306701e-06,-8.41131652369553e-06,3.5238497822696983e-06,-1.746917762407119e-05,-8.537705758197385e-05,8.272363143824144e-05,-9.506079776030252e-05
1983-09-01,7.46167231439078e-06,8.975607830024134e-05,9.600092497396931e-06,-6.012113391542293e-06,7.682432862820944e-07,-2.9439114989922695e-05,-3.987043295580636e-05,0.00010715899377332393,-9.426975614788969e-05
1983-10-01,8.556960700808562e-06,5.187300855414049e-05,8.139707982173217e-06,-5.890414681940316e-06,1.7939895529273193e-06,-2.2989083381017958e-05,-2.532743715837021e-05,0.00012085879136851782,-6.97735444580062e-05
1983-11-01,4.4661098233401676e-07,6.105256836411812e-05,9.704405677055771e-06,-3.082651596123292e-06,4.827764528005153e-06,-2.1424385686135403e-05,3.009763230035834e-05,7.960292881344791e-05,-5.119710571376171e-05
1983-12-01,3.4108438376392864e-06,5.5393578367626235e-05,1.0347670284951926e-05,-2.7175554673173667e-06,6.644552407063227e-06,-2.688344208828119e-05,6.577273974368048e-05,7.639529853893868e-05,-2.1493927805907968e-05
1984-01-01,1.3509661160990332e-06,6.05815766926977e-05,1.526491214994288e-05,-5.068963020318017e-06,7.098565508983261e-06,-2.4205763281361933e-05,4.977510593688969e-05,0.0001165243308405566,-1.5367086896869492e-05
1984-02-01,-2.428838905469625e-06,5.473558758124769e-05,1.2354216309038604e-05,-2.6338174858149896e-06,5.9506854590491765e-06,-2.844472032290423e-05,5.1546120871073706e-05,0.00011194100978403409,-7.659892275883512e-06
1984-03-01,-2.707609774739328e-06,4.9315953916916064e-05,1.1148942256607817e-05,-3.0355755032919273e-06,2.851409324227159e-06,-3.969394481225823e-05,4.837305244732735e-05,1.6502982775228926e-05,-2.57308039191315e-05
1984-04-01,-1.5767623524289736e-07,4.859442931410035e-05,6.3688417629537375e-06,-3.199558367568227e-06,-5.512351095060167e-07,-2.0335767684441313e-05,9.16474959886461e-06,7.759479886136356e-05,-7.338422427782357e-05
1984-05-01,-6.742222577132382e-07,3.809132685720349e-05,2.8104136081580805e-06,-4.224451269295077e-06,3.83467216868885e-07,-1.0439401825366762e-05,-3.998911396795557e-05,0.00021607832774269683,-7.966476797960576e-05
1984-06-01,2.154482151052895e-06,9.88305797851441e-05,8.385830993552204e-06,-4.347438417502298e-06,5.720475107866263e-07,-2.3328454957483746e-05,-9.369350201844301e-05,8.795031674041175e-05,-7.357280457174131e-05
1984-07-01,6.664010918651077e-06,7.520884818614343e-05,9.500914470631015e-06,-3.527524096120813e-06,2.646430743881781e-06,-1.4047024839445303e-05,-5.0729991578053047e-05,9.059044085526015e-05,-7.681146614119818e-05
1984-08-01,7.680704677164122e-06,7.106828086316693e-05,8.885978729594908e-06,-5.241145027808122e-06,2.7776170353028206e-06,-1.827778273777378e-05,-4.859821434246119e-05,7.183080118205171e-05,-7.40647531645702e-05
1984-09-01,1.1386717409808442e-05,4.169894987128204e-05,5.056978848743353e-06,-5.109958736387082e-06,-7.234171169961349e-07,-3.904684683956296e-06,-2.1155682005822798e-05,8.608911123087578e-05,-7.544220922449109e-05
1984-10-01,5.089775421598613e-06,4.006732037173288e-05,8.820385583884388e-06,-4.085065834660232e-06,3.0235913317172634e-06,-1.556386633400105e-05,-3.408573085400886e-05,0.00018025627104153964,-4.442485044662941e-05
1984-11-01,3.3679553466974997e-06,4.834025587447209e-05,8.656402719608088e-06,-3.0437746465057457e-06,7.434730380749679e-06,-4.616306880795816e-05,-5.528115040291643e-06,9.191050291268435e-05,-4.173553147249814e-05
1984-12-01,-2.4370380486834434e-06,4.683981266634397e-05,9.927269917749394e-06,-3.0191772168642906e-06,4.015687660588867e-06,-3.415132399971938e-05,9.513276619571359e-05,6.947764707968684e-05,-2.631294308731236e-05
1985-01-01,9.469387166392791e-07,5.23390223291913e-05,1.262852867026577e-05,-1.99073923027862e-06,9.500765679723767e-06,-3.180817039149534e-05,7.773265611151989e-05,8.902543574864253e-05,-2.7073324759404132e-05
1985-02-01,6.9950991955878975e-06,5.0896104043499275e-05,8.82682779778377e-06,-2.137623127624515e-06,6.061954435978691e-06,-2.8438480981795395e-05,9.311226418656066e-05,6.0460837829493744e-05,-1.9098393156447583e-05
1985-03-01,2.7095454847900186e-06,6.005474705447861e-05,1.0684477087746568e-05,-3.831108061730135e-06,5.526260222128948e-06,-3.527290232300734e-05,0.00013534570478813333,0.00011184428121279012,-2.1353492992169857e-05
1985-04-01,-4.556887319203968e-06,3.531777069557875e-05,4.593115462519742e-06,-2.9411644483991233e-06,2.3293753975418255e-06,-2.547488234711057e-05,3.347740186412723e-05,0.00013665037940573512,-4.7766673826664065e-05
1985-05-01,2.6663443385118102e-06,3.479071671098465e-05,-4.614186520301923e-07,-4.073034480888075e-06,3.3230017619405235e-06,-1.1192583387536166e-05,-1.6800092174447113e-05,0.0001744427421699084,-6.85032240402022e-05
1985-06-01,3.99693964388052e-06,3.3745248971052104e-05,2.493539753399004e-06,-4.453204568136281e-06,2.2688937927523337e-06,3.1620198097749087e-07,-6.207489347400538e-05,8.191452707125008e-05,-5.1697978137980676e-05
1985-07-01,3.798214371000775e-06,7.212514732460894e-05,7.124702634422523e-06,-4.107595397910641e-06,4.083341936436923e-06,-1.432898660733381e-05,-7.963183932146767e-05,7.906325141688858e-05,-5.8065827099387996e-05
1985-08-01,4.843682110933323e-06,6.417613640941933e-05,6.2001981040689445e-06,-5.412270015512413e-06,3.962378726857953e-06,-2.293465494595215e-05,-5.272616541940193e-05,9.5125437603125e-05,-9.9184678126983e-05
1985-09-01,4.264786750805385e-06,5.853406670548582e-05,6.856855527497644e-06,-4.496405714414476e-06,4.11790285345949e-06,-3.379542312029275e-05,-4.202092137166288e-05,8.428194988729568e-05,-5.742645013447059e-05
1985-10-01,8.101048540309937e-06,3.638051889402257e-05,1.0036459893573497e-05,-3.701504622895523e-06,2.968752362459242e-06,-3.371766105699197e-05,-3.734655734436115e-05,0.000109874308942504,-5.189670341086041e-05
1985-11-01,4.23886606303846e-06,4.780290196997983e-05,6.113795811512528e-06,-7.477284807610584e-06,3.219319010872837e-06,-2.343578824277931e-05,5.738491621448558e-05,6.540304896372032e-05,-4.274670062913671e-05
1985-12-01,2.1220098954064388e-06,4.592797222150576e-05,6.0273935189561245e-06,-4.289040212279103e-06,8.691766533385176e-07,-5.603537322431239e-05,4.253236212403889e-05,9.131509650138737e-05,-2.0636353963951666e-05
1986-01-01,-3.9602373052685305e-06,5.418171128480519e-05,1.118973335187119e-05,-3.1817457414778564e-06,6.588760738906126e-06,-3.5056164375783355e-05,0.00011235864825976839,0.00010051507997468342,-1.148274005650418e-05
1986-02-01,-2.945574143473954e-06,4.6230600818673557e-05,5.1017543811037315e-06,-4.108937941048771e-06,5.182759605834022e-07,-3.6123310114912136e-05,9.553798222415656e-05,9.212661469743342e-05,-1.085294912849376e-05
1986-03-01,-1.0649484556650419e-06,5.180250111232136e-05,1.2239384898555237e-05,-3.3916760508146765e-06,7.194591736978345e-07,-2.718377777565302e-05,3.464069832403723e-05,8.043174704812868e-05,-5.583051790390508e-05
1986-04-01,3.081175153736939e-06,5.8870154859993925e-05,8.68806383227422e-06,-4.572534040834215e-06,1.0868372150372562e-06,-2.0221089182648864e-05,7.428253840380466e-05,0.0001151402248584811,-3.563347272645958e-05
1986-05-01,1.4717094488213994e-06,5.4977697041040595e-05,9.274119279172808e-06,-1.3361084385584142e-06,2.2152126277226035e-06,-8.097613818448137e-06,-4.1537762676557345e-05,0.0001887645337621445,-5.8865760293066446e-05
1986-06-01,7.22729876313892e-06,2.7223160727469975e-05,6.947391684023174e-06,-4.572534040834215e-06,3.815931236415769e-06,-1.2899769644527647e-05,-4.661982558175259e-05,0.00015439719270446438,-7.502164701577837e-05
1986-07-01,1.9965352221634227e-06,2.493142151720981e-05,3.33484094418559e-06,-2.6831612568029424e-06,3.2036345008500843e-06,-3.0680334905870856e-06,-3.322802126530865e-05,9.097199799608097e-05,-7.482046380266394e-05
1986-08-01,9.624003128067481e-06,4.9781921884954574e-05,9.326601856507013e-06,-3.312952184813362e-06,8.594127132557146e-07,-1.7990579645945265e-05,-4.655859590819601e-05,0.00011059173482285024,-6.0291536977312275e-05
1986-09-01,2.49511970683835e-06,5.2502268810110726e-05,6.011452388229898e-06,-3.986478593935626e-06,2.3114306861686393e-06,-1.3468330898981501e-05,-7.334220454108389e-05,7.563833831827155e-05,-3.60270920564661e-05
1986-10-01,9.221636701838603e-06,5.80829161999809e-05,6.5100368729048254e-06,-5.5347146252946e-06,1.1393197923714613e-06,-2.7621132586771367e-05,-2.8854473154125125e-05,7.39501487473547e-05,-5.664399785258522e-05
1986-11-01,2.2327068201673386e-06,2.766926263481069e-05,5.7752807902259956e-06,-6.768055192648344e-06,8.331714245886053e-07,-3.791646484049737e-05,8.119502577820352e-06,0.00014301722051916486,-3.514363533800703e-05
1986-12-01,5.215466631994502e-06,6.078576893269231e-05,1.0367506306968686e-05,-4.738728869059191e-06,2.2939364937239043e-06,-2.6571481040087334e-05,3.80170774658709e-05,9.867818976798634e-05,-2.6658952002310996e-05
1987-01-01,-7.238663178074618e-07,6.051812667040434e-05,1.0318476691963272e-05,-2.7954028442827422e-06,4.147755598267859e-06,-2.6345964287219863e-05,9.756000862686899e-05,9.059929479002623e-05,-2.4493870189396625e-05
1987-02-01,7.946752884646657e-07,5.1424432427063735e-05,8.448827199847876e-06,-4.480720696330425e-06,5.45563247303403e-06,-1.5558174494685495e-05,0.00015083185260643866,4.599103789363918e-05,-4.349055239139199e-06
1987-03-01,6.201736730450968e-06,7.041059135403838e-05,7.018062565036566e-06,-4.568497667791242e-06,-1.445383061660717e-07,-7.491470817436429e-06,8.764998854894279e-05,4.2084962663632835e-05,-2.6293298104343376e-05
1987-04-01,2.7608794491869575e-06,4.8501459277418534e-05,8.78237969139898e-06,-5.314601925208174e-06,1.626810939467881e-07,-2.4774756498071248e-05,1.0028812686142577e-05,9.749856474684641e-05,-6.099153492280421e-05
1987-05-01,5.508298655910517e-06,0.00010007043001064835,8.905267451444126e-06,-3.673172558890913e-06,1.0404508085549454e-06,-2.0184020890670523e-05,-4.1636712715694126e-05,8.614900233696282e-05,-7.221820957264268e-05
1987-06-01,-1.0398634150664005e-06,4.125985913190116e-05,4.727083609909249e-06,-2.3126295012482483e-06,3.382350368684087e-07,-9.448897281012642e-06,-8.316399791380651e-05,0.0001738820853120491,-8.98701585334129e-05
1987-07-01,7.377948148025913e-06,9.997387534204145e-05,1.1608798172437278e-05,-4.515831484914754e-06,-4.605354034250105e-07,-8.98367933227032e-06,-7.720394155161707e-05,0.0001329955720056007,-4.236526157881891e-05
1987-08-01,7.34283735944159e-06,3.7029009107489794e-05,9.607483223130656e-06,-4.068168930464576e-06,-2.7602920556984127e-06,-1.2380648127803922e-05,-8.912405427599595e-05,8.41476873876562e-05,-6.474838930132716e-05
1987-09-01,2.1991068318377255e-06,6.395020625452227e-05,5.868184238899865e-06,-3.42739703880062e-06,-4.78090797717182e-07,-1.41625206484585e-05,-5.916577391641921e-05,8.535023189666939e-05,-7.57907323110979e-05
1987-10-01,3.68253764952553e-06,7.545776721303535e-05,7.974831553959468e-06,-4.945938645072747e-06,6.71787528419519e-07,-2.2668109183011638e-05,-6.374773182667386e-05,9.630479793497931e-05,-5.973632423091452e-05
1987-11-01,-1.5314144552469735e-06,4.341039493269117e-05,9.159820668680492e-06,-4.744051610712876e-06,4.595418152718024e-06,-3.4149337050086464e-05,-1.6532498877900548e-05,7.30351228007168e-05,-3.744097347986709e-05
1987-12-01,1.5390339680069554e-07,5.777948516082686e-05,1.1643908961021607e-05,-3.787282621789967e-06,1.233560145768751e-06,-2.3967208360631723e-05,7.439566585835947e-05,9.23372788249504e-05,-3.593120957074104e-05
1988-01-01,-5.112028237101223e-06,4.957467451950959e-05,9.03778906300574e-06,-3.2391415950231285e-06,4.958705444242432e-06,-3.2173653023060145e-05,0.00010215834778395645,0.00010326144627229905,-4.6006031909255565e-05
1988-02-01,-5.984983875357964e-06,5.029684691115835e-05,6.871271888059466e-06,-3.8978263038895764e-06,8.410848195530443e-06,-2.9126244249509343e-05,0.00012958502674591363,-3.810530740063903e-06,-8.976840926474244e-06
1988-03-01,4.355572457810499e-06,4.5828901235353404e-05,9.855192978827958e-06,-3.374052920935536e-06,4.474611863027331e-06,-1.976974699946665e-05,5.547109305791647e-05,8.832596889776103e-05,-3.4848071660264876e-05
1988-04-01,1.101828715217199e-06,3.7758029561652456e-05,9.474266882134106e-06,-2.509033243026583e-06,4.94283352354685e-06,-3.1919702291930906e-05,1.728325186435803e-05,8.127090014857701e-05,-3.2340308190363704e-05
1988-05-01,7.54582851762149e-06,6.260552141057837e-05,3.7921192731175127e-06,-2.675688410330142e-06,7.24426202440553e-06,-3.5594051932957004e-05,-5.941780489701819e-05,5.082062029411239e-05,-7.344064683156054e-05
1988-06-01,6.221790965689911e-08,6.455776765613435e-05,6.323690624062055e-06,-3.635939612412556e-06,3.5778483437272265e-06,-1.7968284000518653e-05,-7.682930190006625e-05,0.0001380447604766562,-6.907586864027685e-05
1988-07-01,3.3715133746847214e-06,5.3352191645056934e-05,6.8553999673638905e-06,-5.453274532056129e-06,2.3239666087766336e-06,-1.3762225016190727e-05,-7.345651875225611e-05,5.8328038783120346e-05,-0.00010606537982131922
1988-08-01,6.379242346496577e-06,2.3782803389196844e-05,9.95042450300142e-06,-8.08007740717414e-06,1.4033952084331654e-06,-1.6214436763657384e-05,-6.860764697975733e-05,0.0001409017062018601,-0.00011662020708387799
1988-09-01,4.752370475199927e-06,9.031789494505594e-05,1.0744020537780275e-05,-7.167441967178459e-06,-1.890028335899081e-06,-2.633278620708778e-05,-1.0151363057946945e-05,7.666804314685965e-05,-0.00010709705466653173
1988-10-01,-2.175722908419465e-06,3.860717731886583e-05,6.89507976910283e-06,-4.262880479887853e-06,8.029922098836591e-06,-2.8308840333687124e-05,1.5346877539497623e-05,0.00012203792845516672,-5.6949721228855955e-05
1988-11-01,2.1573114414730746e-06,4.13292117181573e-05,6.2522669809319644e-06,-4.69935829901622e-06,5.4904147875442605e-06,-2.9197667892639434e-05,2.6742916598921965e-05,0.00010738814565314908,-8.095949327869715e-06
1988-12-01,-1.1202401821635893e-06,5.534411769235186e-05,1.646584794853581e-05,-3.2788213967620747e-06,6.791912284581581e-06,-2.3825022737186594e-05,9.96902641157942e-05,0.00013393393301650174,-1.4619308733751899e-05
1989-01-01,2.4997831341282833e-07,5.0137570904531994e-05,1.4154223307296171e-05,-2.0158247114339238e-06,4.611898674020874e-06,-2.536257922736585e-05,4.145365622780656e-05,8.477341450020698e-05,-1.619955201675213e-05
1989-02-01,-3.0039943125785464e-06,5.893128220360682e-05,1.038121210292582e-05,-3.942256358109786e-06,2.3061696046834483e-06,-2.299696109129236e-05,8.348579956538217e-05,4.787176787968524e-05,-9.242438764249099e-06
1989-03-01,-2.3352330673594493e-06,5.556751295526605e-05,6.338700098243287e-06,-1.05759964365732e-06,5.170863296890564e-06,-1.800620552995592e-05,3.611354777717656e-05,6.293386816379865e-05,-3.3058324302946674e-05
1989-04-01,3.933155917679122e-06,5.764366726878202e-05,-7.681358210998132e-07,-3.782552180147037e-06,1.9667982265125588e-06,-2.875629300907464e-05,8.474346996683896e-05,8.993385575062885e-05,-4.463687720524724e-05
1989-05-01,2.7253930718357125e-06,4.030578244869919e-05,4.036657983669625e-08,-3.802515202392374e-06,3.1745610723559684e-06,-1.885463397538313e-05,1.5076487148695937e-06,5.9320561137391064e-05,-2.0791047133181674e-05
1989-06-01,-4.187829318062688e-07,4.350984751907718e-05,5.989347208949742e-06,-4.710832714555622e-06,1.7272419595684078e-06,-8.134491029632428e-06,-2.0092341354594558e-05,0.00013932237278561438,-7.823464364416422e-05
1989-07-01,3.79341476196171e-06,6.283405305257193e-05,7.825945255521548e-06,-4.181812625053937e-06,5.889532097723017e-06,-2.904179201351808e-06,-4.4916359516682065e-05,9.23893074868064e-05,-8.155848684801429e-05
1989-08-01,1.1419289259683799e-05,4.790171241305326e-05,5.7897169864962785e-06,-4.940407470377091e-06,1.4976672037469389e-06,-1.0250571387639086e-05,-6.162540913603651e-05,0.00013378263411253092,-7.625830444187498e-05
1989-09-01,6.24886649813923e-06,8.478339601132964e-05,1.1529085882033206e-05,-6.387726583164652e-06,-1.3370819550921717e-06,-4.20317028022296e-05,-2.643060091749185e-05,3.397750439692457e-05,-7.907309057846875e-05
1989-10-01,-2.874234667983789e-06,4.319043916315166e-05,8.394891389513907e-06,-2.0956768004153255e-06,5.061066674541157e-06,-3.434593923777146e-05,1.7817437889317128e-05,6.488026283271988e-05,-6.187494691410335e-05
1989-11-01,1.801077355541086e-07,6.36525369646311e-05,9.173449257082397e-06,-4.3814428475074144e-06,1.0401175125171157e-05,-2.0461657266133466e-05,5.8771578025644056e-05,0.00011886027498413493,-4.2291222091419086e-05
1989-12-01,-3.0439203570692473e-06,5.2163817662434595e-05,1.4393779574240322e-05,-3.323402668504072e-06,3.8433223175750656e-06,-3.1670894256895124e-05,6.219523634072086e-05,0.0001502621089760639,-2.131008571156065e-05
1990-01-01,-5.955276247782699e-07,5.558470630435581e-05,1.3507878281467259e-05,-3.6962764410450156e-06,7.898190234834136e-06,-3.145297955440058e-05,0.00012561828575132682,9.230190666901985e-05,-2.4184557597990354e-05
1990-02-01,7.989879043917295e-06,4.426530605572612e-05,1.0998939051100882e-05,-2.5293279618048445e-06,5.6393113928763735e-06,-3.462041114090962e-05,6.409509485652879e-05,1.3832956786398447e-05,-9.189269639754118e-06
1990-03-01,1.971759029550108e-06,5.320079726819374e-05,1.0432135504041369e-05,-4.254744641824246e-06,5.280891502824034e-06,-2.711859948865136e-05,0.00015414184072246877,7.183029620463509e-05,-2.0525340580944378e-05
1990-04-01,3.1220368162297133e-06,5.93606181693258e-05,8.489999820734511e-06,-4.471463645111709e-06,3.5971515542060673e-06,-3.051942077100844e-05,5.080855288575138e-05,0.00013026107362944665,-3.320340227326084e-05
1990-05-01,-8.205819743460226e-07,4.674923924725163e-05,3.922230059137255e-06,-3.1294728939855094e-06,1.5716624080963336e-06,-1.0814662164410084e-05,1.243261861131024e-05,0.00015299156293578916,-7.928953185696742e-05
1990-06-01,5.647646739156656e-06,6.522036660436753e-05,9.106815445475742e-06,-2.7543823113725905e-06,2.5802393080110556e-06,-1.705783652834501e-05,-3.5987407930876686e-05,0.0001623771628473923,-6.020992422139058e-05
1990-07-01,7.964873005076433e-06,5.64849237026268e-05,7.773160040629832e-06,-2.162572725472222e-06,-1.3873855214055356e-06,-1.759129869028337e-05,-4.296409276747687e-05,0.00010048721671626164,-8.970871470732609e-05
1990-08-01,6.264462363897894e-06,6.017748210479392e-05,9.856996610701573e-06,-4.904901651686621e-06,1.1297680904611974e-07,-3.404539321234973e-06,-5.005747245200107e-05,0.00011339033275814585,-4.553137942180524e-05
1990-09-01,4.472362913636196e-06,5.412602070530559e-05,7.856513503432701e-06,-3.39620397495469e-06,1.938417644428963e-06,-1.5074024113636711e-05,-8.527431048621344e-05,8.181604104841886e-05,-5.9701468098293074e-05
1990-10-01,2.696934155935077e-06,6.020248814363478e-05,9.240180985960335e-06,-2.5876753857668517e-06,-6.20533663619132e-07,-1.0964698397455243e-05,-3.1111230356908815e-05,0.00010112070303356345,-7.093751488411988e-05
1990-11-01,2.9623346243250377e-08,4.717434190754627e-05,8.798407633105126e-06,-3.971342868294486e-06,5.347574273066331e-06,-2.9310795560366834e-05,1.7383693337020791e-06,0.00012307600513583928,-3.5362256959855166e-05
1990-12-01,7.131217412267778e-07,5.954399578749211e-05,9.37354652644493e-06,-5.3633456971024165e-06,5.839359703603257e-06,-3.4795453412795646e-05,9.903686646349171e-05,0.00010647199534550767,-1.8758247169523542e-05
1991-01-01,-3.613735883449128e-06,5.933750063346801e-05,9.467719186889766e-06,-4.806917870557278e-06,6.680724764447388e-06,-2.9471818509172295e-05,8.272212570927356e-05,0.00010668156838470785,-3.0476276413905204e-06
1991-02-01,-4.049203761955755e-06,6.13232341594582e-05,1.3177905511766175e-05,-4.3017751314895915e-06,6.367187891922617e-06,-2.201660842913894e-05,0.00011781212735933708,4.9434961076227446e-05,1.0974438046522673e-05
1991-03-01,-6.618464245144819e-06,5.385060536428458e-05,7.055227139963081e-06,-4.519509070742905e-06,1.4551102223679408e-06,-3.524612257817009e-05,7.831519077878655e-05,7.390825584829955e-05,-4.1055264077448405e-05
1991-04-01,-1.0270566851198028e-06,4.7666961489490565e-05,8.117768763519237e-06,-4.902720803828735e-06,3.5627747543399784e-06,-2.1441790829510195e-05,2.433459255910581e-05,9.299916764202981e-05,-6.599886415830767e-05
1991-05-01,4.224685929670043e-06,3.62054469271963e-05,5.8620451528549445e-06,-4.179844125507735e-06,1.0631891317119734e-06,-1.4317536337141873e-05,-7.076288274917009e-05,0.00014053484125981256,-6.643433203681427e-05
1991-06-01,7.795522533424342e-06,6.512922341760606e-05,7.403601442768375e-06,-2.8734404899878802e-06,-3.561479738028344e-06,-1.2767270689658305e-05,-6.295929836633146e-05,0.00010044566836449304,-3.542030972957273e-05
1991-07-01,7.238123648935858e-06,5.532248679363696e-05,8.657748932867453e-06,-4.9636863068196565e-06,3.7979274087335534e-06,-1.1234423757314999e-05,-7.656331489087828e-05,0.00014909613975125274,-6.279382057249894e-05
1991-08-01,4.912725177710507e-06,6.103582535964383e-05,8.971285805392217e-06,-6.278799299909649e-06,1.341888573956222e-06,-2.2652391531758606e-05,-4.860627709075322e-05,5.796142213738708e-05,-6.066873732538663e-05
1991-09-01,3.2405285242450833e-06,5.606278218709822e-05,9.30224139305725e-06,-5.5385039064484014e-06,2.880563079701897e-07,-1.389948717377552e-05,-4.435611059652859e-05,0.00010574095776713353,-3.7353787110142126e-05
1991-10-01,4.294360790231102e-06,6.701044465275466e-05,8.431305636044008e-06,-3.962110186254435e-06,-1.4451058484861554e-06,-2.8435404958326537e-05,-3.988821016305067e-05,5.84752742340249e-05,-5.2290335342919234e-05
1991-11-01,1.437691507227666e-06,4.448804597639223e-05,1.0878635113251216e-05,-2.673125265874828e-06,4.419429600649081e-08,-2.9358596860760562e-05,3.4123910467934645e-05,0.00011187234549650676,-3.1849473125818443e-05
1991-12-01,-1.9328298724135802e-06,7.988287514141038e-05,7.4210201579086494e-06,2.6775580866215953e-08,3.5366466816295797e-06,-2.5840016402427075e-05,7.40301868542814e-05,0.00016522586997113798,-7.698424583841236e-06
1992-01-01,-5.689080578168587e-07,4.3759824258565806e-05,1.2888181501417373e-05,-3.369969983895533e-06,3.140143361119119e-06,-2.6677888946770363e-05,0.0001089980127265021,2.6473760139829528e-05,-2.1058633217389304e-05
1992-02-01,3.5598743531003226e-06,5.301960389798796e-05,1.5235248681067396e-05,-1.9051944812672344e-06,6.515123174192499e-06,-2.535873440054371e-05,0.00011302400387407696,8.601559943087802e-05,-3.875360361995357e-06
1992-03-01,2.705539261455486e-07,5.606907804381061e-05,1.2185774535244744e-05,-3.087294009704108e-06,1.163670311320463e-07,-2.4647761495759214e-05,0.00010681369838047745,7.851183720688744e-05,-3.81819445025002e-05
1992-04-01,-3.547595925203293e-07,7.255850987164379e-05,7.782882088747979e-06,-4.5863332667798546e-06,1.8209888148924673e-06,-2.5778465392524915e-05,1.7256810193466677e-05,0.0001297875457374897,-6.328014463525405e-05
1992-05-01,3.3542918264156484e-06,4.659514993909192e-05,1.278539023807503e-05,-5.3743996190711035e-06,-7.830565231134017e-07,-9.802989881403434e-06,-2.2180771175543137e-05,0.0001723773925156645,-8.122578602710366e-05
1992-06-01,3.7226271867256937e-06,8.40882632432092e-05,1.1294916919611151e-05,-4.980366442925479e-06,2.6518848602430194e-06,-2.0518979084842032e-05,-7.626610757083594e-05,0.00013406194910480851,-5.486839291840619e-05
1992-07-01,2.7375442463616257e-06,6.203953725627799e-05,8.348234037130843e-06,-4.149470397574927e-06,6.217574092318699e-07,-2.1615419227160286e-05,-9.493985374469375e-05,8.244360302973182e-05,-7.013289552474319e-05
1992-08-01,2.317813254380422e-06,7.311529588141477e-05,9.290487284435595e-06,-3.32714029083623e-06,3.0481768059299654e-07,-2.0724561611526707e-05,-3.805345542332229e-05,7.70127979498117e-05,-6.596128342076669e-05
1992-09-01,1.48691720902987e-06,8.05847943509579e-05,7.183266385917694e-06,-4.4749760648256555e-06,4.4187269838277484e-07,-2.4056711731540784e-05,-3.4010332398523726e-05,0.00011721274785527718,-6.30060345996745e-05
1992-10-01,1.420648469676255e-07,4.8710936776221684e-05,9.247657591376278e-06,-4.552069512332407e-06,3.799720634232445e-06,-2.2292128377497336e-05,-4.872661493370158e-05,0.0001611988426271854,-5.409745844333865e-05
1992-11-01,4.305111012332268e-06,5.097234456975309e-05,9.290487284435595e-06,-3.369969983895533e-06,-3.507025001685325e-06,-2.9616005890638816e-05,-2.4099541424600087e-05,5.504116541038725e-05,-2.7731499396029314e-05
1992-12-01,5.1874026893539924e-06,4.880516210095216e-05,1.21943404738566e-05,-1.8452329109842073e-06,2.8060717552565216e-06,-2.828828540580031e-05,0.00010659098397656907,0.0001298732051236083,-1.535371810188961e-05
1993-01-01,3.222720548869815e-06,5.4379779204508834e-05,1.1464264694630117e-05,-2.198085553987663e-06,5.554146890452758e-06,-2.029302415573845e-05,0.00011265584339699785,0.00013155670715386374,-2.6951501032522674e-05
1993-02-01,3.44416423458767e-07,4.776927406314812e-05,7.760846719934557e-06,-3.4837280633379374e-06,1.182884988384884e-05,-3.182542935155206e-05,0.00014173630941073412,2.5030671472400844e-05,7.895167579120412e-06
1993-03-01,-1.0007884080936308e-05,4.6445254165459045e-05,1.1560208165477143e-05,-3.7523697817096343e-06,2.282474534568869e-06,-1.8719551233847083e-05,6.961560237501798e-05,8.11863849591704e-05,-2.1799336648036893e-05
1993-04-01,3.1747488134462883e-06,4.4065856088452575e-05,1.0687122580769131e-05,-3.589265881269674e-06,2.5223332116864608e-06,-2.7853369658484804e-05,1.0591179109922092e-05,8.06586958695117e-05,-6.236423612216327e-05
1993-05-01,5.122401271641101e-06,6.350400328206186e-05,4.738627388252957e-06,-5.277870968177487e-06,1.1415209342588591e-07,-9.988695386766886e-06,-7.86842205132439e-05,0.00015699132127541267,-8.297289366010637e-05
1993-06-01,7.031676341497098e-06,4.1302684128057974e-05,5.95710946801031e-06,-3.5221054516767396e-06,-1.6416134230748614e-06,-6.342069791809946e-07,-9.054283350993744e-05,0.00014214886633537638,-7.874178659575214e-05
1993-07-01,3.1267770780227754e-06,6.168107733596819e-05,9.919574813992843e-06,-4.443162771808278e-06,1.092775496065634e-06,-1.6215426644739455e-05,-8.833613368045562e-05,0.0001147282223672938,-9.331559981741672e-05
1993-08-01,-5.6040787690574075e-06,5.7814555460832684e-05,8.873790981760174e-06,-3.36859589832149e-06,-1.8814721001924532e-06,-1.618664360348535e-05,-7.09895541513117e-05,8.362334911868509e-05,-5.075507614967203e-05
1993-09-01,2.752597541719342e-06,0.00010431835578039051,7.732063678680452e-06,-5.22989923275396e-06,-1.9582268768700712e-06,-2.0638420650787763e-05,-7.941339089168138e-05,5.746915896578336e-05,-7.443392475472025e-05
1993-10-01,8.1453943060924e-07,6.41756075779911e-05,7.962328008713333e-06,-3.3781902454061872e-06,-6.629900204350997e-07,-2.5099792045174887e-05,-5.276988903745976e-05,2.629712528758171e-05,-5.322082335044084e-05
1993-11-01,3.3954187963944723e-06,5.438937355159354e-05,7.050865035666506e-06,-5.153144456076342e-06,3.222720548869815e-06,-3.418563873438911e-05,-1.2396876505027488e-05,0.00012551226849050054,-3.817688712162576e-05
1993-12-01,3.99026831564609e-06,4.838331227656915e-05,1.289382241025093e-05,-3.0423880974415695e-06,9.487829195181186e-06,-2.241337486145792e-05,6.595056178866125e-05,0.00011486254322647965,-3.619085727509213e-05
1994-01-01,-3.0822371901841216e-06,5.889054600738829e-05,1.584639691383498e-05,-3.16056257268351e-06,3.296930073377259e-06,-2.8250793433321237e-05,0.00010633832216146283,6.863770471842341e-05,-1.4361092270096193e-05
1994-02-01,4.6851348312153116e-07,5.770696244961974e-05,1.1216496526093294e-05,-2.95169488601847e-06,2.3353733562336625e-07,-2.6962776032220164e-05,9.720906369014511e-05,6.172766541792173e-05,-2.0313821340049785e-05
1994-03-01,-1.0631828857554152e-06,5.211104901105226e-05,6.125346663632987e-06,-4.283226388508091e-06,4.6632728569777205e-06,-1.4230549965930535e-05,4.2572757986682174e-05,3.661132609645087e-05,-3.885082853157193e-05
1994-04-01,5.907776156690239e-06,4.304271028167851e-05,7.839802258341842e-06,-3.33461897823771e-06,4.471810810868097e-06,-2.270709691642001e-05,-2.905145289887055e-05,8.857586597465686e-05,-6.166092047944966e-05
1994-05-01,5.263767456139702e-06,5.1310389545502946e-05,4.906951824753594e-06,-3.43905282157023e-06,-5.75824950203662e-07,-1.5509864546753906e-05,1.808747805888861e-06,0.0001256063662563126,-6.909312899661394e-05
1994-06-01,7.187090737513597e-06,4.1406580069469044e-05,7.4916894472334416e-06,-4.25711792767496e-06,2.783463676992374e-06,-4.43117433322916e-06,-9.148548557116159e-05,0.00019181742292912976,-4.910275081871423e-05
1994-07-01,7.578717650010545e-06,6.046575647765379e-05,9.005980175554971e-06,-3.33461897823771e-06,6.338670683980228e-07,-7.564189633204739e-06,-9.793427539694464e-05,8.174415205665456e-05,-5.340194403590294e-05
1994-08-01,-2.1030649853984542e-07,6.956020366786067e-05,1.0520270903876501e-05,-7.424944508761379e-06,1.7217196031117643e-06,-3.144472847524079e-05,-0.00010350408037467902,0.000106303510880352,-5.958094643307699e-05
1994-09-01,8.466405318336955e-06,4.608869737887699e-05,6.047021281133599e-06,-5.6321635315531295e-06,3.2186046908778707e-06,1.8522619072774092e-06,-7.647312059211196e-05,0.00011902703412636391,-4.5786976292906746e-05
1994-10-01,-2.1030649853984542e-07,4.321676668723271e-05,6.708435622239552e-06,-4.056953061287635e-06,-8.195039179795352e-07,-1.5344510961477415e-05,-3.366394764605682e-05,9.753106804042038e-05,-6.89625866924483e-05
1994-11-01,2.287402921162906e-06,5.7733070910452875e-05,1.5128519164467243e-06,-4.178792545175571e-06,-1.8116254296384718e-06,-2.609249400444917e-05,-4.542145784124293e-05,0.00012443148551882178,-3.625738808881437e-05
1994-12-01,-1.0718857060331235e-06,5.640153940796325e-05,1.1964939069976351e-05,-2.855963862963665e-06,5.594474626692679e-06,-2.9408268530256666e-05,4.1128089820582324e-05,0.0001310282232893259,-3.042649850274872e-05
1995-01-01,4.923698320595028e-07,5.3447303832778075e-05,1.077375611139239e-05,-5.757587205699212e-06,8.555228315207837e-06,-3.377891776571678e-05,8.265240109001352e-05,9.317385194430667e-05,-2.627069123161458e-05
1995-02-01,-1.0390765944111739e-06,3.915104448945449e-05,1.3190958038578544e-05,-3.2244920354287937e-06,4.1347289004222025e-06,-4.203217229107498e-05,8.002824694303403e-05,2.1328319320852478e-05,-1.4896597231772888e-05
1995-03-01,5.999849863520359e-07,3.8629524895575286e-05,7.338349262823025e-06,-5.062227747193608e-06,9.890551595635082e-07,-2.7504126461582864e-05,9.811587095297152e-05,7.17418800625089e-05,-5.327126588529079e-06
1995-04-01,6.932722912028092e-06,3.874541813865956e-05,8.298607562664103e-06,-3.663230741390664e-06,3.248973399706725e-06,-1.913497869314039e-05,3.7503704819899543e-05,0.00011083101533707401,-3.641962809027973e-05
1995-05-01,8.273773296288901e-06,3.261963243277684e-05,5.442666929516082e-06,-4.598654774856539e-06,1.3284568000245759e-06,-7.876777936382966e-06,-4.223912451086832e-05,0.00010364563426584942,-7.293427775061576e-05
1995-06-01,6.402925229357157e-06,3.051699787967655e-05,5.955908434603549e-06,-2.446351689005856e-06,-3.6027331348903853e-07,-3.7542897180997288e-06,-9.113779500363751e-05,0.00017953087421966954,-9.003680919433697e-05
1995-07-01,4.109894634047004e-06,5.711449716751597e-05,9.664492213300115e-06,-4.052300914602136e-06,2.975796469579523e-06,-1.2297277351168603e-05,-9.767748514910692e-05,0.00019957212718445607,-8.437459646079132e-05
1995-08-01,9.921112965843848e-06,5.337280103365247e-05,1.3613140566956946e-05,-4.441371087813602e-06,-9.728518840773078e-07,-4.921500237734139e-06,-0.00010162613350276374,0.00014662547127252925,-9.715596555522769e-05
1995-09-01,6.063523588896082e-06,5.1824798429598326e-05,8.795292890168105e-06,-6.163213556494152e-06,-4.596103789898342e-07,-2.807531458821246e-05,-6.936642148137867e-05,6.972202639732594e-05,-7.944913362970995e-05
1995-10-01,-1.9471153765437005e-07,4.2271883963937986e-05,8.315163740247568e-06,-4.0688570921855975e-06,2.0403724361136476e-06,-2.3853489304428426e-05,-3.1725951745366896e-05,0.00012205610373866451,-6.574061859059944e-05
1995-11-01,3.350861450165718e-07,4.092255549088544e-05,1.0037006208928115e-05,-2.4380736002141184e-06,1.1960073793568438e-06,-3.6336847202362394e-05,2.4730613814254906e-05,8.604641749462421e-05,-6.579856521214157e-05
1995-12-01,1.2042854681485745e-06,1.7205831102569244e-05,1.5492266722680428e-05,-4.342034022312799e-06,4.4658524520915395e-06,-1.8315447902758783e-05,8.859606884247811e-05,5.830654195352558e-05,-1.9341930912933724e-05
1996-01-01,3.168954523389265e-06,5.009269772847182e-05,1.3662449839293804e-05,-3.535723015503424e-06,6.147811255434202e-06,-3.905701462088526e-05,8.907882269287872e-05,0.0001043060903382565,-3.3107338363459586e-06
1996-02-01,-3.850707866323892e-06,2.6144849498950404e-05,9.684641151789684e-06,-2.9867494183591988e-06,7.596741569208329e-06,-3.230733924616106e-05,0.00011808442766986014,8.986178503634673e-05,-1.1086359868028221e-05
1996-03-01,-2.1947875077248834e-06,3.7268314516495865e-05,1.1502553719382059e-05,-1.7178104479110493e-06,3.213952359220766e-06,-2.5872648722257335e-05,4.5313927563167094e-05,7.551647497326626e-05,-2.1948837437751008e-05
1996-04-01,3.4209424040456337e-06,4.0229172114208205e-05,4.590886135664502e-06,-4.921656359113466e-06,3.1869536577218627e-06,-2.157985518393276e-05,-9.808421330413766e-06,7.088169788262231e-05,-4.6508656234580764e-05
1996-05-01,3.3579454338815483e-06,3.956320414390209e-05,5.409846747797694e-06,-3.679716090164206e-06,-1.915800925569625e-06,-3.1785364350515736e-05,-2.763656388685193e-05,8.474103131872265e-05,-6.840460315018601e-05
1996-06-01,9.450652405465913e-06,7.034172385264438e-05,7.398751091549754e-06,-1.123839014935323e-06,2.1709649284321747e-07,-1.4236208376232844e-05,-8.624174527379047e-05,5.654538738670814e-05,-7.717918113732747e-05
1996-07-01,7.785732479700613e-06,3.359649111264591e-05,8.883679673989077e-06,-2.7077628362039266e-06,8.830644631493484e-07,-2.2029833542247705e-05,-6.0152000058689926e-05,4.645687259328706e-05,-5.369931040045359e-05
1996-08-01,5.238854971638022e-06,5.9038267491772946e-05,9.594645480126695e-06,-4.831660687450477e-06,-4.678668045623389e-06,-1.4308204913563235e-05,-6.798162349336997e-05,0.0001034421318902918,-8.207494567579406e-05
1996-09-01,7.310341818243533e-08,5.94342484470901e-05,7.011769703398909e-06,-4.7866628516189755e-06,2.547984388914635e-06,-2.424372706515723e-05,-2.248881146772894e-05,6.349305323909091e-05,-6.0727972357333055e-05
1996-10-01,1.8370185827770301e-06,5.315255056501345e-05,1.1106572764064908e-05,-2.815757642199513e-06,-2.131790537560798e-06,-2.4270725766656134e-05,-1.4748221344209727e-06,0.0001176164501772126,-8.661972709477503e-05
1996-11-01,3.6639307175357103e-06,5.036268474346079e-05,9.549647644295194e-06,-6.586576284878766e-06,1.0990540751405217e-06,-2.010392616865973e-05,2.6649787620765275e-06,0.00012191824328270348,-3.809406093409126e-05
1996-12-01,7.21072254155955e-07,5.680637483453081e-05,1.1907534241865515e-05,-4.525675403796301e-06,8.145715166352568e-06,-2.150785864660237e-05,0.00012027132249127078,8.754889627460791e-05,-3.4251245754081644e-05
1997-01-01,7.938669664681297e-07,4.585140060981375e-05,1.3949922846688957e-05,-8.702174826669498e-07,5.130275266273059e-06,-2.5136484243877864e-05,8.352823028464262e-05,0.00011587998972223926,-1.4065428291102733e-05
1997-02-01,1.3802191886783468e-07,3.61703446086691e-05,9.417739905809319e-06,-2.4364146112646748e-06,6.559430146118475e-06,-3.2654230461146914e-05,0.00010667858159172766,5.238048488965549e-05,-1.3243174798588928e-05
1997-03-01,3.1529513914184323e-06,3.37035841311277e-05,9.329641317325693e-06,-3.934090615486245e-06,6.167880863969043e-06,-4.008387808993235e-05,0.00011849358118058671,-9.583160711505755e-07,-1.1804231186689771e-05
1997-04-01,6.8041484474618675e-06,2.6293513966449736e-05,5.198796390649214e-06,-5.265358174794306e-06,2.0370359372925647e-06,-1.2264301593215357e-05,-5.6137398658058965e-05,0.00014234872119554072,-5.4590778993568725e-05
1997-05-01,2.1055570616687196e-06,5.411309046316672e-05,4.494007682780235e-06,-4.472470878441701e-06,3.475979549191722e-06,-8.025780613947782e-06,-3.859599081776451e-05,4.5684992164900244e-05,-4.047542737208177e-05
1997-06-01,7.665556868190613e-06,5.356492146815752e-05,1.4928796052062542e-05,-3.86556949111009e-06,-1.8099357598255793e-06,-1.0228245326038317e-05,-8.200901747608252e-05,0.00015927343891644982,-6.180507451717194e-05
1997-07-01,5.247740050917885e-06,4.250365424743613e-05,1.1179711675481753e-05,-7.810428508765588e-06,-3.689372314142852e-06,-8.436907360204684e-06,-9.94231717996784e-05,0.00015044400260398017,-6.93521869306022e-05
1997-08-01,6.06020481137796e-06,7.952463887466471e-05,1.1306965192180306e-05,-7.467822886884841e-06,-3.385921620477033e-06,-1.0747048124886316e-05,-5.756655353790438e-05,8.435048377715643e-05,-5.470824377821355e-05
1997-09-01,6.637740002548358e-06,2.958252793650494e-05,9.62330327893777e-06,-6.508527145618741e-06,-8.691414393601805e-06,-2.9991695342530792e-05,-6.121775059394782e-05,0.00011006548288232023,-5.716521552370122e-05
1997-10-01,7.900486437480278e-06,7.523717423512845e-05,1.1062246890836914e-05,-4.23754130915205e-06,-2.974794874220131e-06,-2.5400780009328727e-05,-5.381746916132358e-05,0.00010715822946236071,-2.021275202084878e-05
1997-11-01,5.120486534219317e-06,3.0708232122684556e-05,1.2618655287380896e-05,-4.3941610220118174e-06,-6.557470805887425e-06,-3.152852627496729e-05,-3.7166835937919095e-05,0.0001282725245022687,-2.5322470152898844e-05
1997-12-01,4.670204859747473e-06,3.904823183246741e-05,1.3871612990259074e-05,-4.815076500322462e-06,-2.093808989383914e-06,-3.8410004908743517e-05,6.9882737801735e-05,0.00011973675015141114,-2.5381202545221256e-05
1998-01-01,5.509589906173447e-08,3.847174303442976e-05,8.31149614488556e-06,-4.6479168991923455e-06,7.492823546670958e-06,-3.659356679548114e-05,6.718624895265881e-05,8.532768535777593e-05,1.0210119830106652e-05
1998-02-01,6.386178573636295e-07,5.586418110501012e-05,9.208552289737724e-06,-4.1340692045682825e-06,1.1437562690279576e-06,-3.7838994258722505e-05,6.947679037106774e-05,-2.1160717390839984e-05,-3.4337862508911135e-05
1998-03-01,-3.629496830052917e-07,4.136322497706004e-05,7.153161511241499e-06,-5.4665894974069415e-06,7.614753508107179e-06,-3.8204784143031156e-05,5.949595209921743e-05,3.314166186307514e-05,-1.6196426103794026e-05
1998-04-01,4.5926323210809456e-06,8.629441576630593e-05,6.334488913026903e-06,-3.872790715776397e-06,1.1429419444468818e-05,-3.013998812232139e-05,1.2134871364206927e-05,2.1950233259822385e-05,-8.653259528657167e-05
1998-05-01,2.8769035780141798e-06,5.4043940966426594e-05,5.184863562342569e-06,-3.5679658121858505e-06,2.379908412160597e-07,-4.5434055036755805e-06,-2.925164126042894e-05,4.948027669552819e-05,-8.682000162424274e-05
1998-06-01,3.974273230940131e-06,7.523362640744912e-05,8.503100369999614e-06,-3.3850708700315253e-06,1.5618018510949838e-06,-1.5813217653565905e-05,-4.918718995525039e-05,7.940537294515969e-05,-8.70986986789541e-05
1998-07-01,2.484985844826345e-06,5.252852573143361e-05,9.704981418442324e-06,-7.40875959742668e-06,3.2949491600812127e-06,-2.4426698500738647e-05,-7.928647186407648e-05,0.00011177777770647525,-0.00012485344030938267
1998-08-01,6.134175404953114e-06,5.950466138217716e-05,1.3937692936870995e-05,-6.119785719386669e-06,3.5997740636717525e-06,-3.7203216602662235e-05,-7.453991265102378e-05,0.00010805891388267064,-9.635666646514685e-05
1998-09-01,8.755669575831778e-06,6.0541066054385e-05,1.0915571749844761e-05,-4.909195387984231e-06,2.336928034510939e-06,-3.662840392732007e-05,-4.807240173640498e-05,4.607494705827385e-05,-0.00011306107118190856
1998-10-01,3.1817284816047263e-06,7.306501495047641e-05,8.468263238160695e-06,-4.482440522957477e-06,4.296516700450134e-06,-3.9720199378024127e-05,3.053758625811594e-05,7.03999743647991e-05,-7.199680202678267e-05
1998-11-01,5.602343107260626e-07,4.2922186626851675e-05,1.469540055436748e-05,-3.29797804043423e-06,7.54507924442934e-06,-4.505028054937875e-05,4.772100153766278e-05,9.131967203407002e-05,-3.572263849950816e-05
1998-12-01,-3.542404000455703e-07,5.0203147181185764e-05,8.877599537267993e-06,-4.830811841346671e-06,3.6694483273495913e-06,-3.71945073197025e-05,7.015611444192668e-05,0.00010675252143871116,-2.3181271037497297e-05
1999-01-01,-5.462482034861743e-06,4.092401024940147e-05,8.200448419775788e-06,-1.960402271062816e-06,2.2244224008161656e-06,-1.729404967723745e-05,7.657132674421707e-05,3.60966021346236e-05,-4.088959925665369e-06
1999-02-01,-1.6310782565771406e-06,4.523735160986023e-05,9.590035115044622e-06,-2.0648220805338948e-06,9.324969444848834e-06,-3.4900836012666885e-05,0.0001443237185048682,7.620184126455022e-05,-6.478111451111037e-08
1999-03-01,-3.3580212593679003e-06,2.6353430681669273e-05,1.2288885575219941e-05,-3.060826417027165e-06,7.814898354036455e-06,-3.303734402826012e-05,3.380739861929633e-05,3.556647079423203e-05,-4.9166188445022116e-05
1999-04-01,-5.467186966852787e-07,4.165494891569895e-05,2.465391191903243e-06,-6.024742547398266e-06,7.946742403661477e-07,-2.83786140672432e-05,5.578375236643817e-05,1.802394280309248e-05,-2.0506966891731864e-05
1999-05-01,9.943456008639008e-06,3.706850959200816e-05,1.4211930971925584e-06,-3.94437865101312e-06,4.4125334677176165e-07,-1.4643392975279557e-05,-6.42668993531459e-05,7.768781547625388e-05,-5.338314228904604e-05
1999-06-01,1.5336451996998603e-06,5.011295348285552e-05,6.826926310579421e-06,-2.3345926827206997e-07,6.899216947905546e-06,-8.313946062725542e-06,-5.862019734867194e-05,0.00010658800582063121,-9.772139984906907e-05
1999-07-01,3.6541705612661834e-06,6.162322940378178e-05,8.063899438159776e-06,-4.3620578888974075e-06,5.7425667506875525e-06,-1.3896389722909601e-05,-8.870113476937596e-05,8.969609356542679e-05,-6.721475089744454e-05
1999-08-01,8.063899438159776e-06,4.610483925777373e-05,9.493647598609794e-06,-4.9403829875063906e-06,5.501597959600475e-06,-1.4868297180294161e-05,-0.0001078019276095453,0.00010802578627411747,-5.952784646176662e-05
1999-09-01,1.0561942572429189e-05,4.992821074302209e-05,9.935423715602778e-06,-3.623086929563688e-06,4.746562414194282e-06,-2.517372914578502e-05,-8.37612745520908e-05,0.00012762458128253346,-7.100599321054793e-05
1999-10-01,3.3168142537442642e-06,5.020130870625411e-05,5.3891458570931664e-06,-5.542804965224098e-06,3.0838777556934236e-06,-4.667617760378893e-05,-2.5350439592582204e-05,-3.4591137077937185e-07,-9.388196377774822e-05
1999-11-01,6.047793886064524e-06,5.109289323327632e-05,9.582002822008392e-06,-3.486537947947676e-06,4.963434326172656e-06,-2.9936878916272993e-05,4.234572611681525e-05,7.024187983166307e-05,-3.9238274252234345e-05
1999-12-01,2.826844378533866e-06,3.875529112961773e-05,9.638228873262043e-06,-1.9282730989178757e-06,1.0080004990255027e-05,-3.334257116363709e-05,5.94223811118531e-05,7.88043042082907e-05,-2.465163009842967e-05
2000-01-01,2.650692243156125e-06,4.792329194183977e-05,1.703253784951852e-05,-3.5774123247531945e-06,8.330916978442109e-06,-3.106808863226496e-05,6.0395615190382624e-05,0.00010199419718794513,-1.8378224861945205e-05
2000-02-01,1.828872494221128e-06,2.9440404647164513e-05,8.717655683823288e-06,-2.8039349139908493e-06,9.5636466018446e-06,-3.3436863202724655e-05,3.927807046529812e-05,9.720024865249099e-05,-1.2013150335880052e-05
2000-03-01,1.7402448742379458e-06,3.8931617041727484e-05,1.1054202028834545e-05,-3.0375895484919797e-06,4.842211573649441e-06,-4.21868264119737e-05,7.769411519982805e-05,8.144870346457027e-05,-3.388805835900269e-05
2000-04-01,5.6559742662223235e-06,3.286465360106032e-05,-1.0797248524997807e-06,-4.060835706479657e-06,-2.6589078994729146e-06,-2.1020939348716553e-05,5.610926120574128e-05,5.336986204262464e-05,-5.4667206716878665e-05
2000-05-01,4.205704121042923e-06,4.938161914338128e-05,4.382959361009294e-06,-4.0205504246691194e-06,-9.346978379818461e-07,-2.5242836882461036e-05,-5.575562302555931e-06,4.260563474284863e-05,-5.9026074208778974e-05
2000-06-01,1.02887816744343e-05,7.653389908368452e-05,1.0909175014316604e-05,-1.7733453994371584e-07,4.979181531805275e-06,-2.4549930035319765e-05,-0.00011029312384087084,0.00013852489073374181,-8.123937859911015e-05
2000-07-01,2.352581157758128e-06,6.371512241157103e-05,6.614763973313154e-06,-1.7001181923820838e-06,1.5791037469957826e-06,-1.6927954716765804e-05,-7.04268089611615e-05,0.00011423286580198685,-6.300626005166023e-05
2000-08-01,5.591517815325464e-06,6.80175905089366e-05,6.920932115073252e-06,-5.212994766261081e-06,2.7796051449498446e-06,-1.700852528038688e-05,-7.734782037621209e-05,0.00010386343426395413,-7.712222279807308e-05
2000-09-01,6.026598858879288e-06,7.543008236207575e-05,7.960292385785151e-06,-3.2470730139067742e-06,-1.3697788815356636e-06,-1.5824137995157025e-05,-7.095857468106063e-05,7.86851331323673e-05,-8.67665192635161e-05
2000-10-01,5.954085351620314e-06,3.286465360106032e-05,6.131340591586685e-06,-3.939979861048045e-06,1.4663049579262779e-06,-2.135933571592508e-05,1.1900192946855858e-05,7.252954207171695e-05,-6.89845958723442e-05
2000-11-01,7.629953074938737e-06,3.8327337814569396e-05,9.877871799966806e-06,-5.688361091625436e-06,-6.688149780322857e-07,-2.403427842814486e-05,4.2363923051985406e-05,0.00012716444126316986,-2.202001433761792e-05
2000-12-01,3.9471646176594236e-07,5.2717240477293904e-05,1.1231457268800917e-05,-4.68122904636196e-06,5.35786318082434e-06,-3.060077936326271e-05,6.557630243121794e-05,0.00013161999343141545,-4.044721593755442e-06
2001-01-01,-1.7735361831217988e-06,4.240752738421939e-05,1.2659891657527288e-05,-3.7623943501403743e-06,6.162954978599942e-06,-2.6605851011325123e-05,2.365543609518712e-05,0.00013218079674216733,-3.8936771646840305e-05
2001-02-01,-4.05598769860502e-06,4.680195685801281e-05,4.67604672992415e-06,-4.718940420944545e-06,5.5000022562604165e-06,-4.3302788861104884e-05,0.00014363093733228853,7.57919323306026e-05,-2.1889415929538227e-05
2001-03-01,2.5356565120851217e-06,5.7418671168621485e-05,7.450977410573882e-06,-2.6353747221631748e-06,-1.186349486192507e-06,-2.4579109831601438e-05,5.18403975477932e-05,3.0133431267761904e-05,-2.2107243252592653e-05
2001-04-01,4.486631666398574e-06,3.9291649589223625e-05,3.2649045066585926e-06,-5.325068624226385e-06,1.2381633269349071e-06,-1.7864345829619692e-05,3.2292762991953494e-05,6.065766875490888e-05,-7.130780600336166e-05
2001-05-01,4.496102419574848e-06,7.480697400026959e-05,1.1144571149322661e-05,-1.9724219998236496e-06,1.4844029095181555e-06,-1.7798050557385733e-05,-4.0527858180455166e-05,0.0001262142222411116,-5.352173153830983e-05
2001-06-01,5.954598408721803e-06,1.8910588753871373e-05,5.916715396016693e-06,-3.2983274445027e-06,-4.6657224479531017e-07,-9.198606673324467e-06,-7.525711007786998e-05,0.00013877244095285746,-8.885711163900652e-05
2001-07-01,9.373540305358498e-06,4.210446328257847e-05,6.077718200013434e-06,-3.269915184973864e-06,3.668540347172435e-07,-1.1386350657044907e-05,-7.520975631198859e-05,0.0001500710494921582,-5.531170388862656e-05
2001-08-01,8.994710178307345e-06,5.447326693079874e-05,1.4393039488786328e-05,-5.22089033928733e-06,1.8158792706879113e-06,-1.3744568197938362e-05,-5.590836133873212e-05,0.00010052006887386688,-5.075627161083639e-05
2001-09-01,7.176325568461784e-06,8.16827408062481e-05,6.011422927779475e-06,-2.540667190400393e-06,2.9108800930701013e-07,-3.330167350695435e-05,-8.059861486929128e-05,3.59295322116446e-05,-9.7939563935058e-05
2001-10-01,-3.8133546620878914e-07,5.501309986184664e-05,8.208637664676189e-06,-5.183007326582206e-06,8.688039530600278e-07,-4.031003085740075e-05,-2.3167967608335894e-05,5.2503350270132725e-05,-3.3898330957059914e-05
2001-11-01,1.2855170928162911e-06,3.364708069616138e-05,1.1258220187438005e-05,-4.1696367367203635e-06,3.5774393614758002e-06,-3.50727043509185e-05,3.3514490151693475e-05,0.00011716018220458895,-6.184652358025901e-05
2001-12-01,-1.1579372266636712e-06,4.397967241148169e-05,4.685517483100438e-06,-3.7150405842589768e-06,6.039835187308324e-06,-3.1274932327230635e-05,0.00013044764891090828,4.4055438436891926e-05,-1.7902228842324802e-05
2002-01-01,2.292979476747767e-06,4.759196523381595e-05,1.2907286258883795e-05,-4.9213660891184e-06,5.160110950169365e-06,-2.4170897751382613e-05,8.021298615708181e-05,8.297016863594744e-05,-7.179549284999125e-06
2002-02-01,-2.4263696741939867e-06,5.0070046418808664e-05,8.483953631746629e-06,-4.320875426543362e-06,2.2253185570209988e-06,-2.7985282100978913e-05,0.00011983691227206771,4.562979856173981e-05,-5.2004673829912954e-06
2002-03-01,9.101359524253345e-06,4.064826334685685e-05,1.1334169875236542e-05,-2.7731318877936503e-06,3.5618564956915787e-07,-2.127839343306348e-05,0.00010040131308055488,0.00010463012056347761,-3.5690169334864116e-05
2002-04-01,3.595452181487968e-06,4.5824323705954254e-05,1.8108954236945805e-06,-4.0333165177046176e-06,-8.109652157175064e-07,-2.0364971016752163e-05,2.538226833350582e-05,0.00011640312059593446,-6.530873694525485e-05
2002-05-01,6.9954133977578355e-06,6.472709315461882e-05,7.105362392313824e-06,-3.7711304537634075e-06,7.367783230322056e-07,-1.79883812113496e-05,-4.922235328021682e-05,8.439104795020946e-05,-5.225017943798949e-05
2002-06-01,3.4601303420344313e-06,4.259351478900129e-05,6.741684948782468e-06,-3.30596163064192e-06,1.015879616905101e-06,-1.2634710937969439e-05,-6.147743736572685e-05,0.00011617476499185663,-6.469978866771397e-05
2002-07-01,5.692940693017635e-06,8.485621677333096e-05,8.610817856234309e-06,-2.1303531503893925e-06,-4.337790656475061e-06,-2.3232102490173775e-05,-7.361411484171508e-05,0.00011503298697146749,-5.1531282165892626e-05
2002-08-01,7.181480927006435e-06,5.67769350867241e-05,6.8854644032018405e-06,-5.868618965293088e-06,-3.288811626643199e-07,-3.2213854809834663e-06,-8.538711487417192e-05,0.00013345367236707885,-4.7564660746911104e-05
2002-09-01,7.088447162382132e-06,5.966943940504324e-05,4.847179196433086e-06,-6.545228162560716e-06,-3.9654208239108815e-07,-1.1509848147511995e-05,-6.286448622012551e-05,0.0001495823441069461,-3.284841070634004e-05
2002-10-01,4.026790544746085e-06,3.456723818641397e-05,8.492411246712478e-06,-4.100977437431386e-06,-1.9950313109358696e-06,-2.0618699465727537e-05,-5.546407312501076e-05,0.0001535743383708252,-2.731713051867712e-05
2002-11-01,8.298120876565085e-07,4.152785530330477e-05,6.293431355592659e-06,-2.358708754467232e-06,-1.064693664692867e-06,-2.324901772010546e-05,-3.587623686411271e-05,0.00014464309696689238,-5.567551349915689e-05
2002-12-01,1.1512014563586374e-06,4.7879524142654694e-05,7.511327910674406e-06,-3.382080165334524e-06,3.7730620957707243e-06,-3.1106142023375885e-05,2.6574792043690027e-05,0.00010068041437442779,-3.428620525053376e-05
2003-01-01,5.445094545951417e-06,4.4279294212975645e-05,1.412026571485956e-05,-4.715015832049103e-06,1.5460436402059188e-06,-2.4210270360776613e-05,6.9801144128312e-05,0.00012516071990587897,-2.452288914163817e-05
2003-02-01,1.5981467703495095e-06,4.2568574773261026e-05,8.189192733513955e-06,-4.715015832049103e-06,5.610087791406125e-06,-2.724961961915283e-05,8.796776883837791e-05,9.564429667953385e-05,-1.584771797273003e-05
2003-03-01,2.1191780717854373e-06,4.124862880962335e-05,5.549300806238605e-06,-4.0463589952063325e-06,3.760426671308593e-06,-3.409249737801131e-05,6.934089981204361e-05,4.576709043558213e-06,-3.41446005081549e-05
2003-04-01,8.426513832674167e-07,3.6871965877561586e-05,5.1672111851855905e-06,-4.254771515780709e-06,4.090413162218017e-06,-3.0332388152648715e-05,-8.006196886119364e-06,4.146572518522166e-05,-6.958341286082168e-05
2003-05-01,-8.680680564472024e-07,4.2881193554122584e-05,6.409002453607879e-06,-4.497919456450804e-06,5.896655007195888e-06,-2.3393987988526993e-05,-3.9250707262226966e-05,7.167685681348134e-05,-5.996170149430495e-05
2003-06-01,7.781051547389145e-06,2.3064636389509593e-05,6.765040509589092e-06,-4.914744497599543e-06,3.6388527009735457e-06,-2.8306192918558457e-06,-7.111177134503373e-05,0.0001680850152891752,-5.5489516156979933e-05
2003-07-01,8.067618763178901e-06,4.698865698044245e-05,1.0212530954090125e-05,-3.7076886492729927e-06,5.175895040209527e-06,-8.058300016262955e-06,-9.224827447328441e-05,0.00012110535960970269,-8.148897809863257e-05
2003-08-01,7.121078565570311e-06,4.281172271393113e-05,8.43234067418405e-06,-4.471867891379008e-06,-4.411080906211481e-06,-1.9937813689002023e-05,-6.041326195554941e-05,8.129856817999808e-05,-6.30357861727769e-05
2003-09-01,9.969383013420024e-06,5.83731909168174e-05,5.445094545951417e-06,-4.289506935876441e-06,6.429227177169833e-07,-1.2200498862678555e-05,-4.9810274971328366e-05,0.0001290337192465527,-6.256685800148458e-05
2003-10-01,5.908195875733925e-07,2.7232886800996988e-05,9.265990756481529e-06,-3.7597917794165834e-06,4.125148582313742e-06,-1.466671368947526e-05,-2.8916919783747788e-05,0.00013647578300206246,-4.457391039189732e-05
2003-11-01,3.977523046906899e-06,4.450507444359788e-05,1.0846452370837164e-05,-2.60483906123361e-06,-5.815008406574398e-07,-2.041542571531829e-05,-3.0323704297624792e-05,0.00014458650359441502,-4.857716755793001e-05
2003-12-01,2.5707385330299017e-06,3.838295665172577e-05,1.1054864891411534e-05,-3.1953412028609945e-06,3.630168845949616e-06,-3.5811900672749855e-05,4.6667354344556964e-05,0.0001490239535116443,-3.6688970030167e-05
2004-01-01,-3.7138250422376774e-06,3.228825161355848e-05,1.0270745447184742e-05,-4.874039566692609e-06,5.718453343598218e-06,-2.4393984695690067e-05,6.34191985865286e-05,6.498681668445625e-05,-2.2622664811026055e-05
2004-02-01,-3.2089988751084274e-06,4.373097806848803e-05,2.63635674428283e-06,-5.52942792401829e-06,8.207157781551169e-06,-2.197613305312369e-05,0.0001157617011783503,-2.5244218240328808e-05,-1.2951258240760527e-05
2004-03-01,2.8666283292891478e-06,3.378501691609958e-05,1.3113713862070498e-05,-4.838613168999323e-06,2.13153057715358e-06,-1.944314561805415e-05,0.00010671025656771717,4.384611386099119e-05,-1.679502239048144e-05
2004-04-01,2.7780623350559465e-06,5.5164847923994265e-05,1.151066936644956e-05,-4.2540776070602e-06,1.8481193956073466e-06,-1.7636399335696853e-05,1.3264276052266929e-05,0.00014138384331001532,-4.132780279307807e-05
2004-05-01,6.772388674973305e-06,6.992879916266885e-05,6.117000317647624e-06,-1.3933959933278147e-06,2.8666283292891478e-06,-3.805086100644965e-05,-8.000038319653634e-07,-1.8203221698789333e-05,-9.405113916010256e-05
2004-06-01,6.577543487660273e-06,4.135740942303825e-05,8.800549942913606e-06,-2.6244633131693043e-06,4.124265447400609e-06,-2.987583889525424e-06,-8.942799426112946e-05,0.00017857270428853634,-4.3905073225264225e-05
2004-07-01,1.0129039856411625e-05,5.954886463853771e-05,9.438225101392658e-06,-1.6325241777574473e-06,2.2289531708101094e-06,-1.145449293821942e-05,-9.224439287774525e-05,0.00011762158705724752,-5.7065979968317875e-05
2004-08-01,7.542912824802159e-06,8.050357887411303e-05,8.207157781551169e-06,-4.378069998986673e-06,1.918972190993905e-06,-7.141329019062542e-06,-5.3789038181689455e-05,4.959404688672593e-05,-3.1133856856836666e-05
2004-09-01,3.805427868161076e-06,3.813360723294974e-05,6.816671672089906e-06,-6.149389883650699e-06,6.790482717290871e-07,-2.9690231150835488e-05,-8.24755637138232e-05,8.972329887378924e-05,-6.959806815231579e-05
2004-10-01,5.4438987614752996e-06,4.3784117665027955e-05,8.260297378091084e-06,-1.6502373766040903e-06,-1.1276980106282109e-06,-2.7458368096158826e-05,-4.301941328293221e-05,0.00014435080411682755,-4.825366354211439e-05
2004-11-01,4.57595201798993e-06,4.880580953805044e-05,1.313142706091714e-05,-2.9787272901021095e-06,4.141978646247252e-06,-3.050503829778093e-05,-9.399761872009161e-06,7.053990452287794e-05,-4.580924210127804e-05
2004-12-01,3.424594092958313e-06,4.444836262177696e-05,1.1014699798743638e-05,-2.429618125856259e-06,5.824732536678062e-06,-2.605902538727425e-05,1.1909216340498966e-05,0.0001224130073452637,-1.9071168442274703e-05
2005-01-01,2.6867487665578518e-06,4.0209003092641155e-05,1.3323434583680512e-05,-4.076031243239203e-06,4.292598609765474e-06,-2.690558726162388e-05,0.00013463959593445856,0.00010587501755741476,-6.733133303392025e-06
2005-02-01,1.7036550709848496e-07,2.497826231170286e-05,3.5641718767640777e-06,-3.993255478125418e-06,8.572105666148681e-06,-1.8445904066994028e-05,0.00013098090711642882,-1.8098245853516095e-05,-9.655117811908993e-06
2005-03-01,4.0277161614013344e-06,3.367799522516272e-05,1.3803534021340525e-05,-2.6605656597933163e-06,2.446699047727849e-06,-2.6648982389771114e-05,8.404704829690702e-05,9.421191225288105e-05,-3.9553724171011764e-05
2005-04-01,3.1171827451495834e-06,4.287438272930535e-05,7.140084929680025e-06,-4.506465221830935e-06,2.2811475175002504e-06,-1.8843227739540248e-05,4.3950467675784686e-05,7.020694036988047e-05,-4.927159899537131e-05
2005-05-01,4.9796374602099715e-06,5.627577910122877e-05,7.4298001075783084e-06,-4.580963410433353e-06,2.421866318193705e-06,-1.3760795761553227e-05,-8.400431003711972e-05,0.00020892256754757825,-5.712701910467045e-05
2005-06-01,1.2644673309747396e-05,3.7990612587591446e-05,1.0451115534231825e-05,-4.4733549157854234e-06,1.2298953005550583e-06,-9.166740797737606e-06,-7.151344708144805e-05,0.00013681659855695134,-5.890669805461705e-05
2005-07-01,5.4183490153130844e-06,5.240187329390316e-05,6.8917576343386405e-06,-4.282970656023695e-06,2.7943572612057813e-06,-1.093814217117282e-05,-7.834244770333614e-05,8.830172262375607e-05,-8.6562081179136e-05
2005-08-01,1.0144845203310785e-05,2.239565844015245e-05,6.270939395985173e-06,-6.815909068505824e-06,-1.211989770301904e-06,-1.1078860971866275e-05,-7.34255672555767e-05,9.329310126011793e-05,-4.653999874661607e-05
2005-09-01,3.133737898172346e-06,9.462579107845002e-05,9.673023342162154e-06,-5.6736035099354514e-06,1.585831090544372e-06,-2.500174466400659e-05,-3.693800999341585e-05,3.655859185112278e-05,-6.475894464816237e-05
2005-10-01,3.862164631173736e-06,6.221907903639926e-05,7.620184367340037e-06,-2.230131681201571e-06,2.98474152096751e-06,-3.332898663445438e-05,-2.1674158906432036e-05,8.220114873486939e-05,-7.014764695707041e-05
2005-11-01,-2.726786271884353e-06,2.3513131269188685e-05,6.676540645042768e-06,-3.860814253943344e-06,5.2527974850854995e-06,-2.659931693070284e-05,2.1948669308537962e-05,0.000135674292998381,-4.2608149903710805e-05
2005-12-01,-1.5245997684531717e-07,4.995998822304621e-05,1.2156296295576003e-05,-2.8343947665322825e-06,-1.3590482382256817e-07,-2.39504924470614e-05,4.279160696419156e-05,9.469201169054105e-05,-5.156448768902344e-05
2006-01-01,1.141840160195905e-06,5.313299202707811e-05,1.3016689982852848e-05,-2.863600621385326e-06,5.18264907229883e-06,-2.500405032796237e-05,5.888915526948293e-05,9.216172405776146e-05,-1.536623476080223e-05
2006-02-01,-1.0211329737266125e-05,4.3017706697875185e-05,1.4396047073198701e-05,-3.44717477499318e-06,1.4077733898503507e-05,-2.2351440538835734e-05,0.00010549550926443805,5.010017483484332e-05,-1.2784361232718967e-05
2006-03-01,6.314429248992864e-06,4.231918612007183e-05,1.1027232641007866e-05,-2.9520209476895413e-06,5.244543300711785e-06,-3.054800478723706e-05,9.006616232435142e-05,9.646779394877704e-05,-1.5171710042932946e-05
2006-04-01,2.3001464347812065e-06,3.600597482195042e-05,5.30643752912474e-06,-4.048432993861888e-06,2.565407413693873e-06,-2.270512184405261e-05,7.254125365085472e-05,6.819097359668703e-05,-2.8364022727522787e-05
2006-05-01,1.369752649539535e-05,4.3265283611527004e-05,-7.85722953236122e-07,-4.269483809622447e-06,5.317399086967835e-07,-5.551578541033658e-06,1.6438556610826218e-05,3.396346528432291e-05,-3.777194544629195e-05
2006-06-01,9.515245061205676e-06,3.6395024257689e-05,9.232300017032169e-06,-4.552428853795947e-06,-5.293040069538824e-07,-2.571813544581392e-06,-5.6004216730222407e-05,0.0001475924266178779,-9.897649531407404e-05
2006-07-01,6.738846815253128e-06,4.795156090565074e-05,1.095649637996449e-05,-5.896417813620113e-06,-5.911982353668373e-07,-9.999120954136e-06,-6.554476993844791e-05,0.0001557447807031271,-5.1291413338207405e-05
2006-08-01,6.862635272079038e-06,5.361046178912091e-05,1.1575438664094039e-05,-6.515360097749675e-06,1.3098387801739291e-06,-1.862010276879759e-05,-8.792395452604634e-05,0.00010828074954302103,-5.513769753244104e-05
2006-09-01,7.1455803162525446e-06,3.597944872405916e-05,7.826416828795048e-06,-6.515360097749675e-06,3.078245306258359e-06,-1.4853396868237751e-05,-8.118632566166467e-05,9.982776634833745e-05,-6.211406127784412e-05
2006-10-01,4.714021342886452e-06,3.943668348255421e-05,1.146933427252897e-05,-5.560420573664078e-06,-2.5541294793205517e-06,-2.534888960054884e-05,-6.749001711714079e-05,0.00013713230201608848,-5.759578260369839e-05
2006-11-01,3.325822219910178e-06,4.380464760198276e-05,1.0788497759986467e-05,-5.34821179053394e-06,-1.7141363794304445e-06,-3.804604845783503e-05,-4.157401947737347e-05,8.576893446596625e-05,-3.777194544629195e-05
2006-12-01,5.1295968765162955e-06,3.7137754998644455e-05,1.369752649539535e-05,-4.587796984317641e-06,3.927080438778886e-06,-2.842591695593574e-05,-3.5886472970799436e-06,0.00016437460455041912,-5.738357382056827e-05
2007-01-01,5.969944720447985e-06,4.183874597578457e-05,1.1543886027847616e-05,-5.177937894351289e-06,4.835598770170168e-06,-3.201108692506109e-05,0.0001022426678280785,7.893968162538845e-05,-2.1088117731437608e-05
2007-02-01,2.664695313603989e-06,5.083528282281556e-05,1.1387424517464467e-05,-4.40540918683449e-06,5.099627568941719e-06,-2.7141222414385632e-05,0.00012231863537911613,9.409689044375587e-05,-1.778286832459361e-05
2007-03-01,-2.4105249294493672e-06,3.338004557069565e-05,3.4470028655197342e-06,-4.121822699265033e-06,-1.5891019999378348e-06,-1.967996413798928e-05,8.240139254261559e-05,3.8523717724541634e-05,-2.45596074930637e-05
2007-04-01,3.310099043934479e-06,3.352672823667985e-05,5.138742946537506e-06,-3.3590728361471947e-06,2.557128025215574e-06,-2.1127233109033395e-05,-2.82123639420512e-06,0.00010313254266838264,-6.597301352260308e-05
2007-05-01,1.9410608280819383e-06,7.41578267143035e-05,3.945723929866008e-06,-3.0070344377851094e-06,2.4202242036303187e-06,-2.7679058856327707e-05,-3.999062395460164e-05,5.1412234642353414e-05,-7.846059782005806e-05
2007-06-01,6.126406230831134e-06,4.4029207121148637e-05,8.97204995092463e-06,-5.02147638396814e-06,1.9410608280819383e-06,-1.5582628334830605e-05,-5.164700647814613e-05,0.00016594206024281747,-8.109110696337472e-05
2007-07-01,4.767146859377541e-06,6.708772221386501e-05,7.211857959114217e-06,-1.0121501803999727e-06,2.3954190266520605e-07,-1.0790994579346706e-05,-0.00010722995804175931,0.00017183870341538234,-6.845683999993555e-05
2007-08-01,4.3564353946217745e-06,7.200648094653522e-05,1.4281962459552697e-05,-5.177937894351289e-06,4.806262236973328e-06,-2.6515376372853036e-05,-7.700355000461498e-05,6.381180934021787e-05,-9.020498994319307e-05
2007-09-01,5.784146676867996e-06,8.8014449227611e-05,9.959713235218245e-06,-6.312283844629106e-06,6.8304830275552915e-06,-3.063226986480962e-05,-5.4531765575835416e-05,5.3084417034573306e-05,-6.347940820087167e-05
2007-10-01,5.549454411293272e-06,5.564647426709735e-05,7.524780979880515e-06,-4.336957276041863e-06,-8.459098256178904e-07,-2.5136559312601562e-05,-1.2903224969519191e-05,0.0001402236994735876,-6.175833158665703e-05
2007-11-01,4.424887305414402e-06,3.9423371409244734e-05,1.0595338121149788e-05,-2.1464961306778032e-06,1.8041570064966829e-06,-3.4328673047611486e-05,2.494090285440463e-05,0.0001247633464788528,-2.4872530513829998e-05
2007-12-01,3.2709836663386916e-06,4.525156267101698e-05,1.2766241577715954e-05,-4.180495765658714e-06,9.353424882483556e-06,-2.3366588476392188e-05,3.4221026189005076e-05,0.0001089216185525591,-3.644090343778397e-05
2008-01-01,-1.2081223507392737e-06,4.5567216329486774e-05,1.1910478382565507e-05,-4.243763251825559e-06,6.128699118643666e-06,-1.217613279989572e-05,0.00014518090399101856,4.5674745843694196e-05,-9.760854480775295e-06
2008-02-01,-6.870177818879433e-07,3.6046718571584003e-05,1.2274424430652148e-05,-3.0278525911724702e-06,4.383412388046375e-06,-1.0538375583505844e-05,8.609757168458982e-05,5.115875106827242e-05,3.622434287501577e-06
2008-03-01,4.871430952526182e-06,3.832965287321838e-05,1.3725859902387206e-06,-3.4248846436306206e-06,2.2824511104553154e-06,-4.261525682168739e-05,2.8867055622965753e-05,1.5202535817531018e-05,-1.6617928886771307e-05
2008-04-01,8.833479976014827e-06,3.7750647796716906e-05,7.261894768367977e-06,-3.5820431643953036e-06,1.4056719946102303e-06,-3.702372208290174e-05,-2.7300785518288558e-06,0.00010252477285504585,-6.998565393802125e-05
2008-05-01,8.701135958528775e-06,4.5666474342601316e-05,5.615866050885222e-06,-2.0435439611199633e-06,1.339499985867204e-06,-1.6171267827755875e-05,-6.0142567637496226e-05,8.948061563157698e-05,-7.330252587626541e-05
2008-06-01,9.338041542680392e-06,5.505462808301804e-05,7.3363382782038754e-06,-2.7300785518288558e-06,9.011104279446649e-07,-1.6502127871471013e-05,-9.008540159371521e-05,0.00012991998447465836,-0.00010137600058549392
2008-07-01,2.968985701164208e-06,4.24902179229361e-05,1.5533395861246142e-05,-6.700399076410373e-06,2.315537114826832e-06,-1.159712772339425e-05,-7.846394255822138e-05,0.00013390684800142563,-7.567644668992143e-05
2008-08-01,4.3503263836748584e-06,5.125800908138696e-05,1.287824401043225e-05,-6.377810533788128e-06,1.5793735175606715e-06,-2.0025787337037112e-05,-9.301351298059409e-05,0.000182898948974543,-0.00011428781379147672
2008-09-01,4.830073447061793e-06,5.352440038083558e-05,1.2340596439395168e-05,-4.20240574636117e-06,2.8283701825852764e-06,-2.77182833534138e-05,-3.960443042387973e-05,1.2960959021361034e-05,-8.511422943689544e-05
2008-10-01,4.416498392417885e-06,5.740373439339544e-05,1.0405065183661677e-05,-3.441427645816379e-06,3.6346285690758303e-07,-3.431894122553058e-05,-2.902518052608855e-05,9.412919924577451e-05,-9.685148948768954e-05
2008-11-01,2.480967136684394e-06,5.574116267372693e-05,5.359449517005996e-06,-3.838459698274529e-06,7.683741324104765e-06,-2.6080526137023923e-05,2.4987721610405893e-05,9.53781959107991e-05,-5.067169888615073e-05
2008-12-01,6.889677219188457e-06,4.420241864916188e-05,1.517772131425238e-05,-4.152776739803902e-06,5.748210068371267e-06,-2.2581681174736462e-05,4.289552147648713e-05,3.4491676366122905e-05,-2.609706913920968e-05
2009-01-01,-2.2296427059398144e-07,4.9699169931217846e-05,9.929469752178324e-06,-3.6631113389880664e-06,4.54523957304061e-06,-2.5744055312866385e-05,6.433179548492198e-05,4.997918190190109e-05,-2.7510723487626565e-06
2009-02-01,-6.955036066912264e-09,4.439494317227534e-05,1.1193523791262662e-05,-4.047127755925078e-06,2.2505488249919907e-07,-3.635250883075139e-05,0.00010392548813953204,7.583628730899337e-05,-1.231948140410993e-05
2009-03-01,1.0970921626270036e-06,4.196283919834092e-05,4.945256674016664e-06,-3.919122283612741e-06,4.121221446005986e-06,-3.081627215324278e-05,0.00011013375354668044,4.7563078612005704e-05,-2.5168030687460853e-05
2009-04-01,3.370596707724942e-07,4.137081388889636e-05,2.329144833633257e-06,-4.615152039311089e-06,2.8971691170192536e-06,-2.207189832590618e-05,6.330723254947742e-07,4.3282895631561906e-05,-4.096870617601508e-05
2009-05-01,5.801293270105426e-06,3.0730359002933256e-05,6.457321315706155e-06,-2.591065508372235e-06,2.745162618648353e-06,-9.53536238131658e-06,-2.6310672184698403e-06,0.00013983902346516238,-6.808186528017217e-05
2009-06-01,1.2793592195166891e-05,4.2802875110390634e-05,7.025345599092158e-06,-2.3670559318256446e-06,3.0171742473120698e-06,-1.8351739286828852e-05,-3.966465042683313e-05,0.00011449393994731946,-6.891390085020236e-05
2009-07-01,4.345231022552583e-06,7.384420214613262e-05,9.953470778236887e-06,-4.0711287819836416e-06,3.92921323753748e-06,-1.1687454384567765e-05,-9.593905619214473e-05,0.00011867011848150949,-3.2440341583205556e-05
2009-08-01,8.009387667493258e-06,6.453180403541002e-05,1.1841551494843876e-05,-4.287138016510711e-06,3.897211869459395e-06,-7.5352768764362966e-06,-8.008237830945387e-05,0.0001598798802240628,-6.420169940070443e-05
2009-09-01,4.945256674016664e-06,6.317974623411095e-05,1.391364007789985e-05,-5.7992026582002085e-06,1.929127732657203e-06,-3.342438365160666e-05,-4.388883101314029e-05,3.666661278141793e-05,-4.770499415645187e-05
2009-10-01,4.889254279880016e-06,5.318731905172906e-05,8.065390061629906e-06,-2.4550596940403765e-06,-7.669875279214217e-07,-1.8175731762399388e-05,-3.958464700663792e-05,0.00016035990074523407,-5.2417195605949816e-05
2009-11-01,6.0333031886715375e-06,3.836268528955641e-05,1.3033602455752524e-05,-3.9671243357298675e-06,-4.535148619115864e-06,-2.763213602947336e-05,-1.7127686957842126e-05,0.00018068876981683726,-7.018595523130622e-05
2009-12-01,5.377275143070809e-06,4.730706766738103e-05,1.0905511478559903e-05,-3.439101762441476e-06,5.704770008925638e-08,-2.9072197592987168e-05,4.545098831885213e-05,0.00012080620980072163,-2.74961302151415e-05
2010-01-01,-1.6156966718948869e-06,4.9181836658860406e-05,1.3266296924762929e-05,-4.0138987305174466e-06,6.416637620340954e-06,-3.508375622287756e-05,0.00013952506489464184,9.716230387280907e-05,-1.7277927239679905e-05
2010-02-01,2.9918079681299645e-06,5.4610643373756e-05,1.3496261505726735e-05,-3.463626340354057e-06,2.2279970385001765e-06,-2.3741574568912632e-05,7.344309995054209e-05,9.033728363063321e-05,-1.6095252251866043e-05
2010-03-01,2.786482449412282e-06,2.4928786387927442e-05,7.5253954214164524e-06,-3.981046647522618e-06,3.2628376528373117e-06,-2.189364490045347e-05,9.832855281912552e-05,7.016610467180782e-05,-2.1745810526976735e-05
2010-04-01,2.9918079681299645e-06,3.3872765983269804e-05,3.977370457974853e-06,-5.648289859510225e-06,4.158056914446419e-06,-3.7621579634228145e-05,6.057329643731758e-05,5.6696750643927686e-05,-4.35595936355436e-05
2010-05-01,2.170505893259224e-06,0.00010186015174106969,-2.1948314461462662e-07,-3.044762282169976e-06,4.108778789954172e-06,-3.797473952642256e-05,-4.04468587717835e-05,5.670496366467639e-05,-8.774564526358944e-05
2010-06-01,6.9176318860121036e-06,6.79239500074107e-05,7.81285114762121e-06,-4.58881018292697e-06,6.227738143120682e-06,-4.11245497950194e-06,-8.2817832814365e-05,0.00014859223980121482,-0.00010183097584762263
2010-07-01,7.508969379919038e-06,8.231316235914608e-05,1.0695621430417512e-05,-3.373283112118272e-06,4.075926706959343e-06,-1.3655985089499946e-05,-6.044556429488603e-05,0.0001481405236600359,-0.00014141773585639233
2010-08-01,3.788470980754585e-06,5.494737722445301e-05,6.334507412853878e-06,-5.541520589777029e-06,2.819334532407111e-06,-1.8961596493164924e-05,-4.029081137755806e-05,7.727036761943973e-05,-0.00011473363144384197
2010-09-01,1.0868094866140366e-05,5.509521159792974e-05,6.309868350607758e-06,-6.888455992565043e-06,1.9569673537928327e-06,-2.7601694320805117e-05,-1.3450659570782256e-05,9.423025546552052e-05,-0.00011700863819123391
2010-10-01,6.383785537346125e-06,8.386542328065178e-05,5.529631379480552e-06,-1.977069584838012e-06,7.0983183424836695e-06,-3.2611636977516634e-05,2.4082845250810578e-05,9.703089554082975e-05,-8.600448486486347e-05
2010-11-01,3.106790258611869e-06,5.8873201142335146e-05,7.640377711898357e-06,-2.1166909375660366e-06,2.219784017751471e-06,-3.4738809351431854e-05,3.018511966710018e-05,0.00010114561893593215,-3.651282183315264e-05
2010-12-01,7.393987089437133e-06,5.257381422807656e-05,1.5861611481354466e-05,-1.7060399001306715e-06,8.650579263989369e-06,-4.027438533606064e-05,3.692800970178896e-05,0.00014459249869659433,-2.471071101726011e-05
2011-01-01,-9.88356329665208e-08,3.893977574588102e-05,1.5320273392019434e-05,-3.018480316621929e-06,8.025393051987664e-06,-2.748425649183291e-05,5.076222103013205e-05,9.139182719311645e-05,2.3121115735975028e-07
2011-02-01,-5.8704230945693856e-06,5.568753467038552e-05,1.4296282068186672e-05,-3.07771948411638e-06,7.643636648098628e-07,-2.1204904737420408e-05,3.586780177438272e-05,-2.9338529344869894e-06,-2.8051259952136998e-05
2011-03-01,2.0591626114744313e-06,3.034163372097118e-05,1.3720815869669083e-05,-2.5784179295202433e-06,1.3144416486869632e-06,-2.19073120091404e-05,2.4180760301547586e-05,8.896302132584369e-05,-3.8519667122229e-05
2011-04-01,-3.7039621119149327e-06,3.9997618022567764e-05,1.0605595022821445e-06,-5.0495374878604786e-06,1.1536496226305848e-06,-2.745886827719242e-05,4.941664565418652e-05,9.735805763362967e-05,-3.4135968727639146e-05
2011-05-01,1.8052804650696126e-06,2.186197003105025e-05,9.420811672932291e-07,-4.507922242196865e-06,2.6092405953515453e-06,-2.4776180263514844e-05,-6.581199786074695e-05,6.811929710600812e-05,-6.125904470188722e-05
2011-06-01,7.983079360920194e-06,5.541672704755371e-05,1.0809633924227169e-05,-1.6898304171033846e-06,3.277796914217561e-06,-1.1802802582228642e-05,-7.502791977524186e-05,0.0001135134248831896,-4.8107949518117634e-05
2011-07-01,8.110020434122603e-06,7.44240370750611e-05,1.3957772539646914e-05,-3.3316016305211986e-06,-2.2670989045068418e-08,-4.152487237230119e-06,-8.579252278280615e-05,0.00010366279760268266,-7.978397865122545e-05
2011-08-01,1.0242630463923074e-05,5.3783418572349385e-05,8.440067224448861e-06,-5.1087766553549295e-06,4.48796847874719e-06,-5.6842428538725185e-06,-8.429461811901772e-05,0.00012407492217363005,-5.97188263470313e-05
2011-09-01,8.753188538348137e-06,4.3535042595808224e-05,1.8560568943505764e-06,-5.286494157838309e-06,5.537348017220441e-06,-1.2572911759656586e-05,-7.695742408791846e-05,0.00013302849920350662,-8.378685382620809e-05
2011-10-01,2.0168489204069683e-06,6.31262815600467e-05,3.294722390644549e-06,-3.57702103871253e-06,2.3553584489467266e-06,-3.528690112467431e-05,-2.1111814617071967e-05,8.4342366261276e-05,-7.912388507057291e-05
2011-11-01,-2.9930921019814404e-06,2.673650724202276e-05,2.473836783935642e-06,-3.957844258319751e-06,7.24682113634622e-06,-4.2539467773638624e-05,1.582803768482907e-05,0.00010791955492407011,-6.466952820192526e-05
2011-12-01,4.437192049466226e-06,4.376353652757257e-05,9.489446762922112e-06,-3.1623468662513195e-06,8.29620067481947e-06,-2.077330508853221e-05,5.6855392543847684e-05,2.8369815717227088e-05,-2.1492637836679202e-05
2012-01-01,3.435302323614287e-06,3.049321563996361e-05,1.676831622571269e-05,-3.5651979616558135e-06,1.3600904069884146e-06,-2.4878425929405625e-05,9.066545473320129e-05,5.0808916849507e-05,-2.171662236544776e-05
2012-02-01,5.350197439814126e-06,5.075547791603166e-05,1.409636955194547e-05,-2.7279880038754252e-06,-2.2526461944680296e-07,-2.7372242824921705e-05,8.63369011216984e-05,0.00010922657762697086,-4.091010597200892e-05
2012-03-01,1.6718175189279246e-06,5.145909054012369e-05,7.576819667953462e-06,-4.464753341824106e-06,5.038470327874616e-06,-2.8441021494428586e-05,9.777283288542207e-05,3.846452321670247e-05,-2.893087838461924e-05
2012-04-01,1.6183785854525758e-06,4.6649586527342706e-05,6.445695576058676e-06,-4.642883120075265e-06,9.592984059233323e-07,-2.073690858506645e-05,-8.16094624053542e-06,7.186385663879264e-05,-5.4260932851932445e-05
2012-05-01,3.4531153014393987e-06,4.6694118971905485e-05,7.4343158453525545e-06,-4.714135031375725e-06,1.9746381419548788e-06,-2.1654276943059854e-05,7.113682244500489e-06,0.00011408061408431464,-9.220257561942689e-05
2012-06-01,2.215113342593928e-06,3.18113759990221e-05,1.0239859852808124e-05,-4.8031999205012975e-06,7.010102274591711e-07,-1.734353630938209e-05,-4.486458704918439e-05,0.00017109104961359443,-4.532772447263738e-05
2012-07-01,1.600565607627464e-06,5.104939205014605e-05,9.47390180632819e-06,-7.3682687273178245e-06,2.081516008905563e-06,-1.973047533794746e-05,-9.668253954244324e-05,0.00013735326961282707,-8.217386910388726e-05
2012-08-01,6.142874953031735e-06,6.005385234074156e-05,7.790575401854844e-06,-7.510772549918732e-06,1.7430694302283852e-06,-1.782448671066019e-05,-7.605511122096036e-05,6.707216560383678e-05,-7.625996046594915e-05
2012-09-01,4.4272204899501e-07,2.702859145297879e-05,1.1976625190756812e-05,-6.922944281689949e-06,2.1438614312934676e-06,-4.4410356114643975e-05,-4.3216886600361284e-05,7.244277841810888e-05,-6.261521945191127e-05
2012-10-01,3.3017049899259216e-06,4.596378688107578e-05,7.603539134691143e-06,-3.689888806431623e-06,-1.9854515270912177e-07,-3.970772996881367e-05,-7.080028276255149e-05,0.00010257343040929049,-5.1597892667077776e-05
2012-11-01,-1.6057704008931947e-06,3.2933593602004334e-05,1.0729716742998779e-05,-3.3514422277544452e-06,3.39967636796405e-06,-3.0783428078431176e-05,-2.1948191077174252e-05,7.588958962726859e-05,-5.854495401887254e-05
2012-12-01,6.0716230417312745e-06,3.6781196812229124e-05,1.699097844852662e-05,-3.8680185846827676e-06,6.3388177091079916e-06,-2.2633990723441177e-05,-2.861585337563777e-06,0.00019431026620863153,-3.5227766045797305e-05
2013-01-01,1.849107915937778e-06,3.6630647884919975e-05,-4.315166927790806e-07,-3.945129164159115e-06,8.642629276885879e-06,-1.8829629702321786e-05,0.00014743838064059772,2.3664128466455575e-05,-2.2053127382486965e-05
2013-02-01,3.2916231278116986e-06,3.628412188430222e-05,1.489621477640631e-05,-4.888002235607429e-06,4.427906060069918e-06,-2.1118313055239064e-05,8.62644534152632e-05,7.129936543509639e-05,-2.4736689201224467e-05
2013-03-01,1.2447021009068086e-06,3.8306866678605864e-05,9.89173462794988e-06,-3.252077162923602e-06,-3.4051933027314456e-06,-3.3843070147691076e-05,0.00013349675317388338,3.686435146673195e-05,-3.821090950431488e-05
2013-04-01,6.8777642969954455e-06,2.2527845534197355e-05,8.578159323282579e-06,-5.693876655648717e-06,-5.685153441860994e-07,-2.4051695944189366e-05,-5.460173073836741e-06,6.240251183784052e-05,-3.854131801653182e-05
2013-05-01,3.509209221222842e-06,4.553556022637626e-05,4.468199781071981e-06,-2.534848929086851e-06,3.75097154723523e-06,-2.036079110040025e-05,-3.0667924932728386e-05,0.00015255568320785993,-9.6507865050102e-05
2013-06-01,6.265299737764064e-06,6.448166784154706e-05,1.0133496953962274e-05,-3.397134558531033e-06,2.7033348011815543e-06,-1.0666121827303497e-05,-5.0258732083932205e-05,0.00017659491715769172,-9.824049505319079e-05
2013-07-01,-9.15041344803856e-07,4.05713737989219e-05,8.47339564867721e-06,-2.70408255729552e-06,4.0974975478529866e-06,-2.160989645146425e-05,-0.0001165741381091302,0.0001126971343926176,-9.702362467892843e-05
2013-08-01,4.2747899202620745e-06,5.3884419218004055e-05,6.571532017379758e-06,-5.105588329018572e-06,-3.413252046931858e-06,-1.0682239315704322e-05,-8.951287508414357e-05,0.00014581051431211432,-7.192869523884258e-05
2013-09-01,7.740049926439634e-06,5.861490206364644e-05,6.426474621772327e-06,-6.822100843706531e-06,-1.6322695786406068e-06,-2.7678130834375182e-05,-6.96400118859253e-05,6.008965225232201e-05,-8.564467786794536e-05
2013-10-01,5.249897968512038e-06,4.630114092541549e-05,6.216947272561589e-06,-4.517300002388435e-06,4.2022612224583555e-06,-4.730923170658108e-05,-2.3124940361141878e-05,7.22422385065447e-05,-5.4981156185374185e-05
2013-11-01,6.006670344611413e-08,5.280454749514872e-05,6.958351738999577e-06,-3.904835443157046e-06,2.977332103995592e-06,-2.845177027761482e-05,1.2107889283063438e-05,0.00011452646932611133,-3.868637541213924e-05
2013-12-01,-1.3421547874257374e-06,4.8130475858909224e-05,1.4984860962610854e-05,-4.412536327783066e-06,1.8571666601381972e-06,-1.9297036865945736e-05,4.452015845712423e-05,0.00010674978117271286,-4.7671875195599665e-05
2014-01-01,-1.6723121112870854e-06,5.2285241939431805e-05,1.0624668223640496e-05,-1.6983282897107605e-06,3.75639711978814e-06,-1.8522123670359215e-05,0.00012157499714117464,0.00010234036922659822,-1.2685827643979628e-05
2014-02-01,-2.9037445566747465e-06,4.007498219924984e-05,1.615744216841045e-05,-2.8603842593019456e-06,6.7482576385117046e-06,-3.252749972177532e-05,8.532578853750942e-05,4.257253532792342e-05,-1.377850713777431e-05
2014-03-01,-3.8489990394019e-06,5.215516104731339e-05,1.519484356673417e-05,-2.756319545607218e-06,5.360728122581938e-06,-2.6795268409090462e-05,7.802391445992901e-05,7.760765560515009e-05,-2.3439181392435324e-05
2014-04-01,4.640947186193366e-06,3.7924311449558694e-05,6.245278188987165e-06,-3.918375515198389e-06,2.4295720201803004e-06,-2.4445140291484417e-05,4.922400494491175e-05,5.7445117326795634e-05,-4.665428460583527e-05
2014-05-01,2.9845838265522042e-06,7.448571419430811e-05,6.0891811184450595e-06,-2.7042871887598404e-06,1.345564585860168e-06,-1.9068463417256555e-05,-4.970684954088076e-05,0.00011644113793223449,-8.78205509315766e-05
2014-06-01,1.1266400624758015e-05,7.283802289414151e-05,8.968304863999333e-06,-4.265257894180838e-06,5.274007527836323e-06,-1.2755204119776104e-05,-6.785747002113705e-05,0.0001420670736795624,-9.021403934655545e-05
2014-07-01,6.574816449020487e-06,7.476322009749407e-05,9.939575525150175e-06,-2.036538609218646e-06,1.9872969869776872e-06,-2.3660768692519685e-06,-8.470728158020918e-05,0.00013466113488828726,-5.511821465300687e-05
2014-08-01,8.630094544491448e-06,5.252805960471951e-05,6.808962054833631e-06,-4.638156451586961e-06,1.388924883232969e-06,-1.083000691642356e-05,-0.00010733268474933899,0.00011439453189623808,-7.123957321621585e-05
2014-09-01,5.993788464224895e-06,7.993176754433244e-05,7.606791526493242e-06,-3.7796225636054236e-06,-1.542231219168669e-06,-1.2720515881877866e-05,-7.04504158040308e-05,0.0001503315463588191,-6.475287272924418e-05
2014-10-01,-9.958914722713144e-07,2.201108231373916e-05,4.1292956771942635e-06,-4.7855814626545035e-06,2.785126458637298e-06,-2.21557165902003e-05,-6.1318737177318e-05,0.00011573870111479504,-4.185863571640301e-05
2014-11-01,1.9526087490794356e-06,3.1168777118875635e-05,7.849609191780963e-06,-2.4267812855738953e-06,3.0713044212978197e-06,-3.469551459041557e-05,-1.0968759868016539e-05,9.818645273828347e-05,-6.705964054947743e-05
2014-12-01,6.431277684207219e-07,4.653566650779782e-05,1.0087000536217704e-05,-2.6522548319124766e-06,2.082689641197852e-06,-2.38467681877397e-05,3.798501586588063e-05,0.0001202481720415668,-2.2363846017589754e-05
2015-01-01,2.118604662417991e-07,2.990938302170947e-05,5.447550858968768e-06,-4.2856834121007045e-06,-2.749308690300491e-06,-2.219861103443047e-05,0.00011678751114495911,6.582106925641373e-05,-3.0926326504793032e-06
2015-02-01,-1.1614353744734637e-06,5.6697235014661665e-05,1.5541275288225984e-05,-3.272877729573192e-06,1.7568182870464816e-06,-2.6206918269518163e-05,0.00014542072942387243,3.3754611375712225e-05,-2.1503380015068377e-05
2015-03-01,6.324323174608591e-07,6.769218483938828e-05,-5.091198501337149e-07,-2.8694720763630834e-06,5.301638175892769e-06,-5.401486282681858e-06,0.00011352593352326036,2.1180371334163048e-05,-3.843783435088852e-05
2015-04-01,2.3147197223370584e-06,2.421878838174558e-05,7.2929171449299046e-06,-3.976691847939768e-06,2.4949648014309335e-06,-2.0190165867384397e-05,3.324820853444847e-05,5.407938981829819e-05,-5.8453621229313547e-05
2015-05-01,6.649184719594625e-06,3.565147625570019e-05,1.1266891983999714e-05,-2.64631150224685e-06,-1.4275114436120419e-06,-2.2945340647819405e-05,-3.30476481760811e-05,0.00011942252253933154,-5.3011936460479296e-05
2015-06-01,6.022618492268283e-06,1.350708082416649e-05,7.541827016059545e-06,-5.418652480690796e-06,1.645237999988358e-06,-8.610269093169961e-07,-8.508697744018527e-05,0.00017234591100089616,-9.590168218581802e-05
2015-07-01,1.2065120191415462e-05,6.201017329842887e-05,1.2708852616750742e-05,-5.24699050060139e-06,-3.8895646407112244e-07,-1.8995818888579156e-06,-9.615059205694766e-05,0.00018825897655518433,-5.053142084818735e-05
2015-08-01,5.507632552000051e-06,8.048100235604921e-05,1.2365528656571923e-05,-6.5172891532630116e-06,-8.953593053348855e-07,-2.3571906875145747e-05,-6.577500468012682e-05,0.00012129363812230609,-4.338169937746348e-05
2015-09-01,4.100004315266912e-06,4.5247380942698124e-05,1.2966345586884858e-05,-7.521511736786055e-06,2.891083572820332e-07,-2.341741109306528e-05,-8.691517752813747e-05,9.66515608804715e-05,-5.0694499729272285e-05
2015-10-01,1.0786238439749364e-05,5.81391956474127e-05,1.0365666588530318e-05,-5.7104778468427945e-06,-4.500260887212455e-06,-3.927897805332663e-05,-7.711327846503225e-05,2.9917966120713946e-05,-6.0959886138618914e-05
2015-11-01,2.958452147672338e-06,5.498919831277205e-05,9.215531321931282e-06,-5.324238391641624e-06,-2.3888185321127407e-06,-1.833621648241878e-05,-1.1066331625632329e-05,7.666152329905988e-05,-2.3357329400033983e-05
2015-12-01,-4.18268622404705e-06,3.9196296144546476e-05,1.3404083636112849e-05,-2.826556581340725e-06,-5.177029491381838e-07,-3.906440057821486e-05,6.116044649698629e-05,0.00010753493041814,-2.2318774420493063e-05
2016-01-01,7.2955506469949105e-06,5.8037668945126214e-05,5.461692845104159e-06,-5.428352604009199e-06,2.31909070882442e-06,-3.2249532790252776e-05,5.703591402250748e-05,6.797443148400561e-05,-2.6772195390772918e-05
2016-02-01,8.406943310887031e-07,4.687294875916579e-05,1.3524204238438825e-05,-3.4652361024257045e-06,3.1673509255580203e-06,-3.603842842499623e-05,0.00011407939393065986,7.840399281546359e-05,-1.0097823130409436e-05
2016-03-01,2.2544613589780486e-06,5.3998334579728086e-05,1.0139242040235191e-05,-2.956279972385543e-06,8.591451816685261e-09,-2.98259321710139e-05,9.553884919348245e-05,-3.449078764964115e-06,-1.7473647681626417e-05
2016-04-01,7.2228426284177445e-06,5.832850101943488e-05,7.400573340495262e-06,-5.234464554470085e-06,6.952782939343712e-07,-3.9536491985431e-05,4.414235872815665e-05,5.714093671600783e-05,-5.816590207864717e-05
2016-05-01,1.139951436223941e-05,8.321887937901816e-05,5.405142163988582e-06,-2.5765825420381237e-06,2.9976988822112975e-06,-1.9509472201787077e-05,-2.63924979604255e-05,-3.0116764245322565e-05,-7.90815754226787e-05
2016-06-01,2.5937654456714807e-06,7.221573256767365e-05,9.097093773962477e-06,-2.8270212726928004e-06,3.0704069007884635e-06,-2.8816098579664373e-05,-3.6668564585998336e-05,2.8865596158220922e-05,-7.456559960216358e-05
2016-07-01,1.0987502256968798e-05,7.309630745933045e-05,8.151889532459312e-06,-5.4364312727399935e-06,1.0553547658623535e-07,-4.8386097866610765e-06,-7.36850247105068e-05,8.465688241309989e-05,-8.85820898500951e-05
2016-08-01,5.946412968951936e-06,2.5941118077672675e-05,1.3079877458245028e-05,-6.010016752626526e-06,3.248137612865981e-06,-1.4799608331732866e-05,-5.0935493564584534e-05,0.00016328656516993988,-6.604260409117354e-05
2016-09-01,3.910588448791276e-06,4.1500634053186276e-05,6.035278324990692e-06,-6.1231181148576795e-06,2.2383040215164456e-06,-2.2361242263758166e-05,-1.4282573532961896e-05,1.4485565817403579e-05,-8.898602328663491e-05
2016-10-01,3.692464393059778e-06,5.7245959409508183e-05,5.21933278318027e-06,-5.775735359433439e-06,-2.4634811798069706e-06,-2.6877218084273263e-05,-3.80338596015029e-05,6.746547535396545e-05,-8.022066771372096e-05
2016-11-01,4.686140646947717e-06,6.633446173165397e-05,3.2400589441351863e-06,-5.476824616393981e-06,-1.5101982695730186e-06,-3.0997339136979365e-05,-7.508034088781666e-07,9.09016933420054e-05,-3.3113950344447986e-05
2016-12-01,8.810876747426767e-07,5.89263225055138e-05,1.0850164888545261e-05,-5.064812511123369e-06,6.14491606626397e-07,-1.9081302759054876e-05,7.334674618998513e-05,0.00013517279798676892,-4.986910929211943e-05
2017-01-01,-6.618339343777914e-06,5.845671536889875e-05,1.3109352326234146e-05,-4.7663149072006185e-06,4.666299747720012e-06,-2.230607574772675e-05,8.984126672795612e-05,0.00010187942556570852,-1.2582947455695953e-05
2017-02-01,-7.099502555241611e-06,6.157065841667332e-05,1.0812478882831912e-05,-2.7145623451100816e-06,8.415741376673058e-06,-3.114858457726735e-05,9.44259350636009e-05,6.229694250944873e-05,-1.4543914506189566e-05
2017-03-01,-5.265635220983708e-06,4.49932239990746e-05,4.01264406422215e-06,-3.14125424961564e-06,5.610469068328039e-06,-3.12121344353852e-05,5.221975072218992e-05,5.136636691317882e-05,-6.927010083207459e-06
2017-04-01,-8.988521131715583e-07,5.831145855034367e-05,1.027684436441005e-05,-5.937448006800963e-06,2.051677013728537e-06,-2.596473186508287e-05,4.413076163890381e-05,6.925111269777326e-05,-5.6096443164102664e-05
2017-05-01,4.194215087415998e-06,0.00010641870114555483,7.65314307925888e-06,-5.347342181420936e-06,2.632024352690896e-07,-2.382219379139541e-05,-4.098973403437415e-05,8.60555108943643e-05,-7.8148243930996e-05
2017-06-01,2.06983411604793e-06,7.955526826402439e-05,8.152463393041969e-06,-2.3695774010417645e-06,2.9686106808574883e-06,-8.987841196457679e-06,-8.566528429122149e-05,0.0001569862311050427,-0.00010462129911265969
2017-07-01,1.2436859605158892e-06,2.9160230776570683e-05,9.078475611330617e-06,-4.784472009519998e-06,7.352870955731032e-07,-9.577947021837706e-06,-7.014096180814713e-05,0.00010417629900911075,-0.00010778063491623271
2017-08-01,8.288641660437362e-06,4.756245397726761e-05,7.507886260703803e-06,-5.211163914025556e-06,3.159260255211033e-06,-5.3927349372194045e-06,-8.671839622574585e-05,0.00017499807660587284,-7.60874128177458e-05
2017-09-01,1.0149744648174347e-05,4.9369085658046446e-05,4.666299747720012e-06,-5.910212353321887e-06,1.2073717558771304e-06,-1.792113553759522e-05,-5.2764614888495465e-05,8.394020847415592e-05,-0.00010783510622319086
2017-10-01,4.911420629031708e-06,2.365862877379696e-05,1.2546482154333201e-05,-2.8507406125054746e-06,1.933655848652537e-06,-2.4993326890995754e-05,8.996768650893389e-06,0.00014561080650194786,-5.923762186535629e-05
2017-11-01,6.727130860970231e-06,4.8887922446582736e-05,1.223781141490365e-05,-2.0609066616122197e-06,5.09299165222557e-06,-2.2569353731357838e-05,1.5433461423115455e-05,0.0001218250024635532,-5.1747817158609893e-05
2017-12-01,-3.5861032564405776e-06,5.5524343344318036e-05,9.723052743668796e-06,-5.047749993151087e-06,5.637704721807115e-06,-3.93192806209907e-05,4.4303254110937966e-05,0.00010168877599135497,-3.641414424988907e-05
2018-01-01,-3.5594802218718956e-06,3.119540213239642e-05,1.0122267423975877e-05,-3.8069978024892306e-06,5.948608909428431e-06,-3.979946805984421e-05,6.40213543756469e-05,7.358918912985486e-05,-2.490573777787019e-05
2018-02-01,-3.8411381584364525e-06,5.721888845316364e-05,9.994241089173805e-06,-5.710322646546658e-06,4.395222713829991e-06,-2.377910603161199e-05,0.00010803680828059821,2.3198023751760518e-05,-3.3119626412545606e-06
2018-03-01,-2.2962870518248077e-06,4.7284044872523086e-05,1.11038026574584e-05,-3.1327257725316694e-06,2.3980118909177207e-06,-1.95371668051701e-05,0.00013811446187009761,0.00011001694892553687,-2.792715927919902e-05
2018-04-01,1.971257441577481e-06,5.1338212141255275e-05,-1.454446271500592e-07,-4.720252324077318e-06,1.7664153058941768e-06,-1.87860789743313e-05,9.268758525295417e-06,6.668430213952993e-05,-3.6982888694198695e-05
2018-05-01,6.785047630135279e-06,3.715289424518603e-05,4.2159858451071e-06,-3.2010064844260997e-06,2.278520645102451e-06,-2.0126087945259612e-05,-5.264477698498513e-05,9.159822689201256e-05,-8.104955313307082e-05
2018-06-01,3.53317872616273e-06,6.766583737301247e-05,9.712583152609255e-06,-2.3218923187852343e-06,-1.9207431364054076e-06,-1.3084639531145826e-05,-8.301262360003588e-05,0.00013389812791061615,-7.949616693747239e-05
2018-07-01,6.298547557887418e-06,6.92106884796241e-05,1.2614513408122817e-05,-3.7301820016079915e-06,3.524643637175921e-06,-2.3403562116192588e-05,-7.341064848988071e-05,4.7403536118338356e-05,-6.733366513127584e-05
2018-08-01,4.292801645988339e-06,4.501371120203307e-05,1.120622372530006e-05,-3.875278514383661e-06,1.0580029199893937e-06,-7.792884359326976e-06,-5.873883052156362e-05,9.83665524585486e-05,-6.191388362465492e-05
2018-09-01,8.679837385205897e-06,3.975609638616143e-05,8.09945133410318e-06,-6.290708697649362e-06,9.470467631609328e-07,-1.17446305602175e-05,-6.178585728985284e-05,0.00012021638026476837,-5.5350400193802186e-05
2018-10-01,1.561573170210859e-06,2.0407049653075416e-05,1.0514881517368888e-05,-3.8667434253968655e-06,-2.0487694712074863e-06,-2.944640511885024e-05,-4.6806776118010787e-05,9.795686818718199e-05,-5.104018025546587e-05
2018-11-01,3.857512107661304e-06,3.548001680377233e-05,1.3869171489183089e-05,-3.6362960227531347e-06,2.1760995772607988e-06,-1.895678075406738e-05,1.7880663312981254e-05,0.00011247505455373659,-3.8032704639575656e-05
2018-12-01,-7.172955892659682e-07,4.765105369895569e-05,1.0933100877722312e-05,-5.309173464166831e-06,4.09649459929183e-06,-2.1355140759359478e-05,0.0001017293775193496,8.984853364971761e-05,-8.919516105585176e-06
2019-01-01,1.6283873435837403e-06,7.208575157533151e-05,8.22204373288151e-06,-5.0738472197893025e-06,3.7209848803069866e-06,-2.6917801695112612e-05,0.00017144465159729468,8.400960923741491e-05,-1.8438833374144367e-05
2019-02-01,7.202789785906288e-07,5.854309204521692e-05,1.0107355664551985e-05,-3.770909130886146e-06,5.497718637902189e-06,-2.4262571801817557e-05,0.00012965192532141627,2.4903599568080976e-05,-1.9250801716066778e-06
2019-03-01,-1.9744338870954334e-06,4.5553194128576396e-05,2.506883479283593e-06,-2.9022837382840417e-06,1.648128829779237e-06,-2.2377259870147082e-05,0.000129345932285386,1.1222749634597868e-05,-2.020569638864182e-05
2019-04-01,4.520515071224825e-06,5.554238614350057e-05,7.32380611098616e-06,-6.208982676030682e-06,9.769182991321553e-07,-2.480546267219387e-05,1.2960000419802063e-05,5.0093735953541926e-05,-5.78230983341715e-05
2019-05-01,4.885732565841625e-06,8.016989017238971e-05,8.35036339315228e-06,-5.152813164571303e-06,3.671631164818231e-06,-9.120851889867277e-06,6.613112607948071e-06,7.975531896228417e-05,-7.99533043593296e-05
2019-06-01,4.352712438563061e-06,4.211817553055899e-05,1.1035205515740594e-05,-5.0047520181050365e-06,5.014052226112381e-06,1.5592921418994743e-06,-9.164026418706697e-05,0.00015617461202507363,-8.25789220233314e-05
2019-07-01,6.099833966865018e-06,4.8425580370021984e-05,1.1360940037966386e-05,-4.353282973653465e-06,-2.112624290463952e-06,-5.685833291849867e-06,-8.497751259608495e-05,0.00014284910884310956,-5.1278795660362485e-05
2019-08-01,1.0906885855469824e-05,2.0451894430995195e-05,6.830268956098604e-06,-4.254575542675954e-06,2.8326180015093855e-06,-2.8924129951862933e-06,-8.787951106682377e-05,9.784839106046204e-05,-5.498032432201917e-05
2019-09-01,1.736965517659e-06,8.413792889768568e-05,5.6062968119774485e-06,-7.235539958196801e-06,1.401360252335459e-06,-3.176433655610844e-05,-6.928303107066058e-05,6.622253017526733e-05,-6.889807208984831e-05
2019-10-01,6.807960061996216e-07,6.04876284354739e-05,1.2308531375350491e-05,-3.000991169261553e-06,1.717224031463503e-06,-2.6463747512616063e-05,-4.75970084849013e-05,8.60725945448449e-05,-6.495964559384558e-05
2019-11-01,-3.7537350525974325e-07,5.018257264142169e-05,2.812876515313875e-06,-6.268207134617186e-06,2.1219244984712964e-06,-2.1508634477544977e-05,3.3458966425924385e-06,0.0001184091489330777,-4.098361060940802e-05
2019-12-01,7.498912078838875e-07,5.150525221652034e-05,1.2742844071651543e-05,-3.2872427190963383e-06,9.367049932220651e-06,-2.9839541652046956e-05,2.1942376638755626e-05,8.999127955465212e-05,-1.6671970359646913e-05
2020-01-01,-2.1028367663881683e-06,6.1030508394967045e-05,1.3138143844651145e-05,-4.29584016529481e-06,5.938175696269494e-06,-2.5691378702297903e-05,8.496490032927066e-05,6.770384131852164e-05,-1.831848555471932e-05
2020-02-01,-7.007618561792264e-06,5.765847091062673e-05,1.0316322266846544e-05,-4.657410618161136e-06,2.927708664795514e-06,-3.2191786626655575e-05,0.0001500318613907371,3.483237101663077e-05,-3.824226531121338e-06
2020-03-01,6.8185211467266385e-06,5.5064595922672645e-05,2.283170031425102e-06,-4.0285924392631774e-06,2.1967075318266355e-06,-2.599792756451067e-05,9.971068662442784e-05,4.428036415457263e-05,-2.8175210508944857e-05
2020-04-01,8.211677654873452e-07,4.0232347127917004e-05,-2.071395857443275e-06,-6.111552656862666e-06,2.157406395645509e-06,-1.7673946921348907e-05,2.88743187715726e-05,3.9289119859570066e-05,-3.877079682337549e-05
2020-05-01,-2.7159344908136803e-06,6.824619699782114e-05,5.120712063702149e-06,-2.4172458558371476e-06,-5.386515463794917e-07,-1.9222411686885137e-05,-3.695508433180762e-05,0.00010665912750125029,-7.844136368460056e-05
2020-06-01,5.6866484247103144e-06,6.400953451749613e-05,7.156510917884298e-06,-4.673131072633583e-06,2.314610940370002e-06,-1.026175263758921e-05,-8.751992614243985e-05,0.00015004758184520954,-9.054611362838629e-05
2020-07-01,1.029274158513787e-05,3.636511532769455e-05,1.0245580221720524e-05,-3.4469356237825586e-06,2.856966619669494e-06,-1.4189969968366365e-06,-9.585176701283783e-05,0.00014856199889756312,-9.20238363487965e-05
2020-08-01,8.170480231357256e-06,8.40766946515773e-05,9.986192722925118e-06,-3.0067628985539863e-06,-3.1875481249871526e-06,-2.1965630992327498e-05,-6.184056376169441e-05,0.00012359005696807788,-5.7423116054936226e-05
2020-09-01,5.663067743001641e-06,6.423748110734664e-05,1.032418249408277e-05,-8.037308329737668e-06,3.705871161181739e-06,-3.1783054810371896e-05,-6.772787396162655e-05,0.00011179971611374112,-9.322645111593887e-05
2020-10-01,6.763499556073072e-06,3.1185225579022605e-05,6.25258478571848e-06,-7.36918901465859e-06,4.688399565709803e-06,-3.256121730675813e-05,-4.432011725214998e-05,6.337285611136195e-05,-6.281523193898625e-05
2020-11-01,1.5836098074011235e-06,6.257111293326705e-05,4.279667749426124e-06,-6.944736743902464e-06,1.9373200330312227e-06,-2.962149232041016e-05,8.767857501310321e-06,6.980252199059359e-05,-5.449125129582449e-05
2020-12-01,1.5285882167475503e-06,6.622611859811145e-05,1.3256047253194511e-05,-4.16221630227899e-06,4.012420023394491e-06,-2.283811621554841e-05,3.9194797132735373e-05,0.00010769667749643193,-2.6532423016573934e-05
2021-01-01,-1.3390887155634415e-06,5.144206632926387e-05,1.1192870481259818e-05,-4.260331617995342e-06,1.8587215622466337e-06,-3.658414361531876e-05,7.398230742258459e-05,6.126020815518884e-05,-1.5677378582825346e-05
2021-02-01,8.561648265007757e-07,7.41119483797931e-05,9.43839619370456e-06,-4.804823638271101e-06,5.92080488811348e-06,-3.966095566640088e-05,0.0001577476512402473,2.826707376070225e-06,-1.4242685323051106e-05
2021-03-01,-5.409814771910844e-06,6.14071345733585e-05,6.283799568297328e-06,-4.251688887514765e-06,-1.909508927280904e-06,-2.9090896288666503e-05,8.048164074397154e-05,-1.5426739398888888e-05,-3.932388917765874e-05
2021-04-01,3.82062138133552e-06,6.35505317325393e-05,9.421110732743426e-06,-3.689911406277866e-06,1.106804010437247e-06,-3.1165151604002766e-05,6.7275548569664e-05,4.184863549583366e-05,-2.9946526606242717e-05
2021-05-01,2.939062872317602e-06,4.308454595455485e-05,1.927863406091181e-06,-3.7676959806029763e-06,4.399684323533559e-06,-1.0413955720159584e-05,-4.087093793368037e-05,0.00011881215042528956,-7.922737580644008e-05
2021-06-01,6.422083255986415e-06,8.089649180703878e-05,6.0936594977248405e-06,-3.2318466908077805e-06,2.6365673054977375e-06,-2.117415516846644e-05,-5.342018259146475e-05,0.00012634861140434464,-8.787010628700785e-05
2021-07-01,2.4550699654058133e-06,3.393189437563359e-05,6.3615841426224384e-06,-4.338116192320452e-06,3.051418368564993e-06,-1.8823332477752014e-05,-4.6799851043349843e-05,0.00010316016552498134,-0.00010214789704090577
2021-08-01,7.830848324318959e-06,6.342953350581135e-05,8.625979528531189e-06,-5.99752044458946e-06,-4.2295928462325713e-07,-8.322414943862181e-06,-6.055043523793316e-05,0.00010273667173143353,-0.00010194047150937214
2021-09-01,5.592381129851905e-06,3.417389082908949e-05,9.706320838602164e-06,-8.503912283954105e-06,2.9736337942398825e-06,-3.1683715432836835e-05,-6.37568882462238e-05,7.598742089407631e-05,-0.00010142190768053808
2021-10-01,3.4662694316322346e-06,6.909052197058323e-05,6.3010850292584614e-06,-2.912065663026762e-06,2.005647980416291e-06,-2.1684076266819945e-05,-1.1105374158605001e-05,7.937537124245887e-05,-5.6194499075727005e-05
2021-11-01,1.7463660659992566e-06,6.335174893148624e-05,1.1927502572108078e-05,-2.0477926149699847e-06,3.094632020967823e-06,-3.803612233605414e-05,2.464960183950382e-05,8.717975686641156e-05,-4.476016664993586e-05
2021-12-01,-1.244018680277191e-06,6.013665319271503e-05,1.713042632140987e-05,-4.925821864999055e-06,6.612223326558903e-06,-2.8183409588206895e-05,7.213276309974308e-05,5.059507874216823e-05,-2.7742630333697936e-05
2022-01-01,4.0426611995074174e-06,5.999616767809957e-05,8.590837284778454e-06,-4.389438449989912e-06,3.792589662172924e-06,-2.471556559395894e-05,0.0001253117273356517,8.400303526221062e-05,-1.9635987491852108e-05
2022-02-01,2.088977314081711e-06,4.986045568051102e-05,1.4787922569348789e-05,-2.2872745892718664e-06,2.3624930580413105e-06,-3.8383538056397154e-05,5.81362606191743e-05,5.823785218121644e-05,-1.8862328673223535e-05
2022-03-01,-1.3729505308926297e-06,5.210328478097973e-05,3.5425181248384445e-06,-3.1937839121093874e-06,2.5187877688753654e-06,-3.4601206054213e-05,7.98065222763162e-05,8.05958105660282e-05,-1.3024721223571522e-05
2022-04-01,1.3075037599114366e-06,5.751108177583807e-05,5.324277828346678e-06,-4.952099408992515e-06,1.752943685788495e-06,-1.9768837996061056e-05,1.378763642001083e-05,0.00013368912383635712,-2.8497897596143105e-05
2022-05-01,2.603291973232513e-07,7.596167238979842e-05,5.832235638557367e-06,-2.4513840356476233e-06,1.18246799124419e-06,-1.660387010167142e-05,-1.9972021120145324e-05,5.161095644185245e-05,-4.5901313647515274e-05
2022-06-01,5.1679831175126235e-06,8.787132935535351e-05,1.9952004875812863e-06,-4.217514268072453e-06,1.9639415454144644e-06,-1.9253065450308666e-05,-2.9771699489440664e-05,0.00011454302175918521,-0.00010493382592953832
2022-07-01,1.7920173634970054e-06,5.797215117279854e-05,1.127129157558252e-05,-5.569463516787046e-06,2.088977314081711e-06,-2.0840914651875855e-06,-8.252116439593466e-05,0.00016433851663091555,-6.353135702959682e-05
2022-08-01,5.019503142220271e-06,5.776896804871427e-05,6.269860828892723e-06,-5.944570822788772e-06,3.378408678462674e-06,-2.51688202553777e-05,-5.890503358890876e-05,0.00010312569313275741,-8.376370734706539e-05
2022-09-01,2.7297856285013483e-06,7.97674485986077e-05,7.0200754408961894e-06,-6.2727897155403e-06,1.0261732804101351e-06,-2.5973738016173094e-05,-1.9651616962935512e-05,7.541464090187922e-05,-7.437039522593861e-05
2022-10-01,6.2933050355178295e-06,6.905344617093313e-05,4.0582906705908216e-06,-4.287846887947785e-06,3.4018528850877938e-06,-3.501538703792325e-05,1.4858255189224114e-05,8.501113614709028e-05,-5.253602412242095e-05
2022-11-01,-3.663075326145436e-08,4.545294483499063e-05,-7.1324106251276085e-06,-6.3431223354156184e-06,7.145111209563436e-06,-2.520789393308621e-05,2.369672108689e-05,4.505439332236379e-05,-3.4343319781336807e-05
2022-12-01,-1.8511072855380718e-07,7.161667942861165e-05,1.104466424487314e-05,-6.390010748665844e-06,4.238029588049983e-06,-1.6697646928171846e-05,4.428854923927691e-05,9.440444826821706e-05,-2.5293856024044946e-05
