,vo500_cluster1,vo500_cluster2,vo500_cluster3,vo500_cluster4,vo500_cluster5,vo500_cluster6,vo500_cluster7,vo500_cluster8,vo500_cluster9
1980-01-01,-2.5432893339198117e-06,1.7970035849220015e-06,7.3548977615305055e-06,1.1007701534830578e-05,3.764583517413453e-05,1.5982115428376435e-06,-1.375386086674207e-06,7.2969167492559006e-06,3.5529999566671612e-06
1980-02-01,-9.8608500425901e-07,4.671205193391666e-06,2.1366066568161124e-06,1.9696570374267717e-05,1.8826855190148656e-05,7.95127388778358e-06,-1.5282546030825745e-05,1.9605457354979056e-05,9.831515285831454e-06
1980-03-01,-4.559728920340599e-07,6.373833394299156e-07,-1.1687723269800278e-05,1.4988155217954578e-06,1.875230817436702e-05,1.6810415603727916e-06,2.1945876690907174e-06,-1.3008390708925779e-06,2.5673227479988903e-06
1980-04-01,4.199074093441321e-06,5.988202472200543e-06,5.375260342440445e-06,5.872240447651333e-06,5.956265781393498e-05,2.6998507760551244e-06,-3.943116630263836e-06,2.06325495724149e-05,-1.3091220726460967e-06
1980-05-01,6.70515346443964e-07,1.610174761324225e-05,-6.353470140536675e-06,-9.028879706921995e-06,4.621045898726895e-05,7.4460107808191724e-06,4.240489102208902e-06,1.5232032429123181e-05,-4.725388955410841e-07
1980-06-01,2.1200406533090747e-06,1.632538866058715e-05,-2.1254590295110003e-05,-1.698884439204982e-05,4.0743677829949104e-05,7.71106683693164e-06,-1.3070984562637265e-05,1.565446551855244e-05,5.04855311373668e-07
1980-07-01,-2.9491564198420465e-06,1.7915724997262014e-05,-1.3766756709932524e-05,-1.9919983767509699e-07,2.2313998928378432e-05,9.955760312134183e-06,-3.6697775723978492e-06,1.3633413090694799e-05,-2.087724237476491e-06
1980-08-01,1.3662874937392237e-06,1.2324698813639455e-05,-7.562788396549847e-06,3.610980968941766e-06,4.44627456172773e-05,8.680178042092887e-06,-7.3888453597260455e-06,9.914345303366616e-06,-1.2511410603714918e-06
1980-09-01,-3.6863435759048734e-06,1.3393206039842874e-05,-5.641131989734391e-06,4.290187112729988e-06,4.128207294392758e-05,1.0750928480471615e-05,-1.9067877832182066e-05,-2.7255153724971455e-06,1.6158207916285158e-08
1980-10-01,-1.3293582364697315e-07,8.083801915839814e-06,3.6275469724487904e-06,4.132810079413197e-06,2.89072683241763e-05,1.7307395708938777e-06,6.12534334169359e-07,-5.400924938882466e-06,7.114690710678567e-06
1980-11-01,2.2360026778582846e-06,9.309686175360023e-06,-4.133625670594675e-06,1.2059642757526973e-05,4.355161542439066e-05,-1.2465282189346783e-07,-4.274436700404428e-06,3.3091227454985306e-07,6.622323446904587e-07
1980-12-01,3.1140008637308645e-06,6.642559610728222e-06,-5.111019877509441e-06,1.2291566806625393e-05,4.524963078386122e-05,7.1312567141856045e-06,-3.2639104864756144e-06,-3.0982504514053184e-06,6.924181670347728e-06
1981-01-01,-7.140631646287618e-06,1.105793725897067e-05,1.204119327125111e-05,5.9000095335334554e-06,3.4489427992297745e-05,6.491629676515752e-06,1.0482982472128723e-05,-2.732644947165986e-06,4.74176728177938e-06
1981-02-01,2.166969758095853e-06,-1.1215311222602316e-05,7.424889620375151e-06,1.3041114639671893e-05,3.378115035633302e-05,4.92508619932319e-06,3.941830187042749e-06,-3.690902925235909e-06,7.649871928269827e-06
1981-03-01,3.166891126516643e-06,3.200221838797335e-06,2.0879041160515386e-07,6.158322553708824e-06,3.402279802036804e-05,8.28315546160299e-06,4.025156967744483e-06,2.3448629549318238e-05,9.774704836164e-06
1981-04-01,1.667009073885465e-06,9.924693041427119e-06,4.108483748446217e-06,3.3668754002007955e-06,3.199795724931595e-05,-1.0785135506143117e-07,-5.6990783401476565e-06,8.316486173883683e-06,-6.82806141903385e-07
1981-05-01,3.3002139756394114e-06,1.670749299054811e-05,-8.732173157690711e-06,-1.0007072902427206e-05,5.004653794931113e-05,1.033725540552295e-06,-2.087288510593307e-05,2.158210966159944e-05,-8.99455771727887e-07
1981-06-01,2.421211238858392e-07,1.6157536237916675e-05,-3.4075918708500227e-06,8.420739449383104e-07,3.6080969503700825e-05,9.658047343181575e-06,-1.0373710737514826e-05,3.4252041466920118e-06,-2.457666570850281e-06
1981-07-01,3.2585505852885445e-06,1.6324189799320142e-05,-7.440608056813854e-06,-1.5914941654180016e-05,3.846411543177036e-05,5.1500685072178664e-06,-3.115948138393955e-06,1.4790977034408272e-05,-1.324422353306723e-06
1981-08-01,2.558605627393997e-06,1.4590992760724113e-05,-3.149704964540392e-05,1.0424653725637507e-05,3.803914885019153e-05,4.700103891428513e-06,-1.8014776527863665e-05,9.004026914295266e-07,1.1170523212540286e-06
1981-09-01,1.4212898704376968e-07,1.8823993220372103e-05,-1.1448626208567167e-05,2.5471494061337198e-08,4.966323475808316e-05,9.766372158093826e-06,-1.2581870426110726e-05,4.200143207218118e-06,1.0503908966926444e-06
1981-10-01,-6.307363839270296e-06,1.6574170141425336e-05,-1.9077098182188447e-06,-8.815499938392431e-06,4.2955428911593726e-05,6.033332382656224e-06,-6.5490115033053285e-06,1.3607736748443673e-05,-3.6616437523679995e-07
1981-11-01,6.504223493243258e-07,1.0782958882654959e-05,7.670798423067582e-07,1.7090796181776074e-05,5.2538008692292916e-05,6.39997021774385e-06,1.0274665520374389e-05,-1.0744420112015221e-06,3.254479045875728e-07
1981-12-01,1.5920149712538993e-06,-9.9944790856997e-07,9.008098453708062e-06,4.0751530361655245e-06,3.163131941422833e-05,3.4252041466920118e-06,3.658519132656863e-06,1.9398948007214057e-05,6.699946628270086e-06
1982-01-01,1.7547498628538687e-06,1.6516514604597164e-06,8.189808478955501e-06,1.096487381006475e-05,3.252962297750812e-05,5.242912477189336e-06,6.540234040649072e-06,1.4169515817816296e-05,3.4558735023573734e-06
1982-02-01,-2.2130284970070416e-07,-4.602984951452139e-06,1.88433100596845e-05,1.3791488342371068e-05,2.840568688174206e-05,7.055726052619833e-06,2.2340064207552808e-05,9.127795766349702e-07,6.6519239765760785e-06
1982-03-01,4.402452323284381e-07,5.904460559218478e-06,-1.8366621671071385e-05,1.5518386582473108e-05,2.5261185608720438e-05,3.7909433101383647e-06,-1.8675916878253842e-05,1.6265849999830708e-05,4.6601983292697275e-07
1982-04-01,2.64826935026985e-06,7.78600640291174e-06,-2.4629849616516095e-05,-7.386641816094236e-06,2.9221882567362424e-05,1.0158779790291224e-06,-3.5032686592478536e-06,-8.555090376561285e-06,2.046862002970631e-06
1982-05-01,2.9146068897880777e-06,1.8104438175859747e-05,-4.542844216722216e-06,-1.4027897236984166e-05,4.7221145318674724e-05,7.459528128663595e-06,-9.199455391524733e-06,2.0364011494998235e-05,7.66723506576589e-07
1982-06-01,-5.993303251459244e-07,2.0140631623144236e-05,-1.1192691171145e-05,7.055726052619833e-06,4.295115315285028e-05,9.023187231641559e-06,-1.6012541483071592e-05,2.551893161470581e-05,-2.6698899065617955e-06
1982-07-01,-1.9739756904012782e-06,1.7245284822575147e-05,3.3184089658318326e-06,-1.3950573435188548e-05,3.4840745497843686e-05,6.24812190053231e-06,-2.6322381722486746e-05,1.3602474604648458e-05,4.5298151939631245e-06
1982-08-01,-2.1286232939924998e-06,1.6661060542341623e-05,-7.747486224473762e-06,-1.5651697074692053e-05,3.817426050858792e-05,1.0604029401685217e-05,-1.0685790692707093e-05,1.7633413963867226e-06,-1.611621149707809e-07
1982-09-01,-1.2522868736422127e-06,1.8224719645319587e-05,-1.3744376630400257e-05,-9.68917280289696e-06,2.946244550628211e-05,3.9627739807952806e-06,-1.4766769120808925e-05,8.98022956397733e-06,-1.080456202985297e-06
1982-10-01,-3.24552265326248e-06,1.5002894570502354e-05,-8.563681910094139e-06,1.4392895689670287e-05,4.892226895817823e-05,8.268642413065123e-07,-6.508795263429938e-07,1.1447509820218093e-06,-4.3609118802184895e-07
1982-11-01,5.8529113580213954e-06,-1.1663715383137548e-06,1.029473419450276e-05,1.0674271802261917e-06,4.478974132887931e-05,1.9781297347078674e-06,-1.3296106754378303e-06,1.0767268538809293e-05,-3.99298607062008e-06
1982-12-01,3.0005222251165356e-06,1.003698818851738e-05,1.0079945856181616e-05,1.2193463105261723e-05,3.651609453674865e-05,-5.649641910145358e-07,7.098683720284062e-06,-1.3082828548371115e-05,6.385586437057851e-06
1983-01-01,1.4984355438939516e-06,-2.5523929328575418e-06,-9.12412325136425e-06,1.5766704286380745e-06,2.4838509492558655e-05,2.4111758659087714e-06,-2.361152103483007e-06,-1.1810187627579296e-05,1.8066845579705843e-05
1983-02-01,-2.8827180017771916e-06,-3.965872199082523e-07,5.83612526470724e-06,-4.908132240152938e-06,2.815045294672672e-05,5.2537100116120704e-06,6.80102217655148e-06,1.394122364235112e-06,1.0582374939184309e-05
1983-03-01,-1.2571709520936523e-06,2.185163976647961e-06,1.2381777288299245e-05,1.5592848986949369e-06,4.038986602669689e-05,-1.7439657905015548e-06,-1.2832492470083622e-06,-3.612910259389049e-06,5.192860656811085e-06
1983-04-01,1.872224437671449e-06,6.462004342660265e-06,3.162195077604672e-07,9.800026091743039e-06,3.127115557152025e-05,-1.2310926571789424e-06,2.454639690766619e-06,4.923384942692421e-06,-2.9227404024941266e-07
1983-05-01,-1.4310262515250494e-06,8.226635631888912e-06,-6.933546478528678e-06,4.714758583374748e-06,5.435913933600944e-05,5.96651673928079e-06,7.81807567822514e-06,1.4462789540645318e-06,-9.007675882592925e-07
1983-06-01,6.740172821750495e-06,1.4711438300679932e-05,-5.907800211883453e-06,4.462668399199228e-06,6.159151979235544e-05,8.73081600023996e-06,-1.2270904171072489e-05,8.869900239785074e-06,-1.4449703573272542e-07
1983-07-01,8.290926410830797e-07,1.930121820566874e-05,-1.3505276797035393e-05,1.2202670648037216e-06,4.1572082062830375e-05,9.087219364074319e-06,-1.196321597292667e-06,-1.7399635504298627e-05,-4.6299637610627015e-06
1983-08-01,6.044751624024913e-06,1.8631875302857876e-05,-1.067143541630366e-05,-1.6222670808995775e-06,5.0560401043433465e-05,8.522189640922287e-06,-4.177939982541081e-06,1.6406527470136022e-05,1.368044069320402e-06
1983-09-01,2.6893443449990014e-06,1.8918736546919678e-05,-3.4042839000713763e-06,1.3071947145194167e-06,3.0567041608823104e-05,6.24468521837102e-06,-2.228496941832081e-05,1.1999295629550176e-05,1.7505257280694717e-06
1983-10-01,-1.8308934402172568e-06,1.5041763369599575e-05,3.210910243293186e-06,-3.7693800288773015e-06,4.7083295054805576e-05,2.8892779393451085e-06,9.348002313221411e-06,-7.872365095458215e-06,3.2799687839550422e-09
1983-11-01,-1.6188256567586988e-07,5.384101486185613e-06,-2.2676143842041452e-05,6.305534573172005e-06,3.608694736576988e-05,-6.4119805802345e-06,-1.1758031037749876e-05,5.236324481668933e-06,7.0357268307838625e-06
1983-12-01,5.288481071498346e-06,2.5502601054538864e-06,7.983238212684964e-06,2.6632660500842915e-06,4.5301278235633784e-05,4.054108445535448e-06,-1.5069974491917947e-05,1.9805398574019788e-05,7.296509779930955e-06
1984-01-01,-4.98697158817986e-06,1.1017755965186778e-05,3.556535640615241e-06,1.0066021011188105e-06,5.053762625577447e-05,6.344244333312296e-06,-6.667795947011909e-06,9.960066490604654e-06,1.482152407520073e-06
1984-02-01,2.4414521635364163e-06,8.123458410710124e-06,1.9249061410660755e-06,8.894177872808726e-06,4.382252796366009e-05,2.4906470228192994e-06,1.1049918196845903e-06,1.1862267716209704e-05,2.4414521635364163e-06
1984-03-01,1.26897468396089e-06,6.9591800743484166e-06,2.302066728901558e-06,1.0271633932729617e-05,3.712382795797334e-05,4.187869668078985e-06,-5.388729605656798e-06,2.168484128635993e-05,3.10558276385542e-06
1984-04-01,3.2285699120626415e-06,1.1468708841946598e-05,-1.785962643386922e-05,-8.053451150146632e-06,4.4872018295028395e-05,-6.748565989093589e-08,-7.0285582484197684e-06,8.205449842848267e-06,-5.626504758857423e-06
1984-05-01,1.7527241335759574e-06,1.2510000030101085e-05,-4.232650412508895e-06,-2.1172714633446623e-06,5.077540140897511e-05,1.8668777973732532e-07,-2.5682243401044697e-06,1.4083601185957347e-06,-1.6171237273019447e-06
1984-06-01,-7.644128330651996e-07,7.401933807894419e-06,4.819203695542729e-06,5.425940293365031e-06,4.501140372966325e-05,6.409837479022816e-06,-4.962374158538419e-06,2.0766537246412658e-05,-1.3547511444598787e-06
1984-07-01,4.540432826273026e-06,9.62390161883825e-06,-7.618896559814434e-06,1.6133386989411127e-06,3.8976834324295504e-05,5.589923157641331e-06,5.860494883697215e-06,2.482447879605481e-06,-7.72611976279018e-07
1984-08-01,2.6300324574541576e-06,1.2223030017617564e-05,-1.1324909292458767e-05,-5.552712469933098e-06,3.2811078627506715e-05,8.574411287469945e-06,-2.6009574788401203e-05,5.458736866220291e-06,1.0475978171878888e-06
1984-09-01,-9.037982677000578e-07,1.7962430267287973e-05,-2.408277613315471e-05,-1.8745133900961226e-05,5.237423433566901e-05,3.4007519195527596e-06,-1.4129016271583446e-05,1.3239723776130609e-05,4.3266207615176816e-07
1984-10-01,6.024477747973515e-06,1.2764173469729346e-05,-1.3440288241623e-05,-7.881269142656514e-06,3.633671020944711e-05,6.294415132833278e-07,-7.05315567806121e-06,1.8618361724393166e-05,-4.856419637954968e-07
1984-11-01,3.4417476356218244e-06,9.29593589028565e-06,8.795788154242947e-06,1.2862563188295126e-05,3.0400530522645143e-05,8.344200936286924e-07,5.376745434082134e-06,7.393734664680601e-06,1.5067498371615145e-06
1984-12-01,3.3925527763389412e-06,6.770599780430662e-06,4.638822544838806e-06,1.3510295502186493e-05,3.4860864430960435e-05,3.4663450652632795e-06,1.6593173350580887e-05,-3.3553420886307084e-06,5.6883128762071105e-06
1985-01-01,-5.910220908648039e-07,-5.092581533053698e-06,-1.143996763225817e-06,1.6594393898604934e-05,2.7066351756441698e-05,7.902323267430192e-06,8.317054271700966e-06,1.551436524164982e-05,7.530793409437641e-06
1985-02-01,-3.036206970211168e-06,4.161103999737685e-06,-4.4413819351890897e-07,1.2317480417062696e-05,3.4159979975322864e-05,5.63858320245229e-06,7.176544009956359e-06,5.353455637016128e-06,3.5940312725569925e-07
1985-03-01,5.494881708798026e-07,-5.53278770150606e-08,-5.420910244768054e-06,1.691408238106365e-05,1.041662998082169e-05,3.53036726407591e-06,4.1697442289933265e-06,4.083341936436923e-06,4.446231565173847e-06
1985-04-01,4.112445027895493e-07,-7.897473637445354e-07,-6.207171107031379e-06,2.2253744061049717e-05,4.1409132320805574e-05,-6.500938901723169e-06,4.65359706730922e-06,3.141556947572062e-06,-8.367228420941595e-06
1985-05-01,5.690424577986126e-06,1.4365214750649584e-05,-1.907247246868067e-05,5.1547303641363964e-06,4.687839743962626e-05,-2.9584449069104067e-06,-1.0302639774205155e-05,2.0594820043966664e-05,-2.241305878692215e-06
1985-06-01,5.405297012549978e-06,1.3121021737837291e-05,-2.642530756523106e-05,-1.5460856639822775e-05,4.1581936905918394e-05,7.807280745618147e-06,-4.003912646842955e-06,2.1113233799305117e-05,-4.0957727649634226e-07
1985-07-01,4.8609625694446065e-06,1.3587594117641901e-05,-1.5927429019627385e-05,-9.136208824693637e-06,4.269652647989607e-05,6.511246357272018e-06,-1.3369921159957679e-05,1.2680370045799606e-05,-1.3513622653612038e-06
1985-08-01,4.394390189639997e-06,1.4676263003852657e-05,-2.730661094930643e-05,7.99736578924225e-06,4.060559100003097e-05,3.927817809835387e-06,-3.2262920138352715e-06,2.0854026921635894e-05,5.6995103308267654e-08
1985-09-01,4.8609625694446065e-06,1.839156158377824e-05,-5.153063137843189e-06,-1.9561783132560534e-06,5.006664203495775e-05,4.040140790158715e-06,-4.8852160309183245e-06,1.4330653833627017e-05,-1.9561783132560534e-06
1985-10-01,-6.691023945347272e-06,7.643116389760969e-06,-1.178011897691976e-05,-1.5789185351537132e-05,5.015304432751416e-05,5.267053344459725e-06,-1.2644141902483846e-05,4.912803944978443e-06,1.2611693735340107e-07
1985-11-01,-1.4809657041958154e-06,8.861388714806337e-06,-8.427710025731087e-06,2.363936314564392e-06,2.8275983852231417e-05,-1.4204840994063236e-06,7.625835931249686e-06,9.397082928656067e-06,3.99693964388052e-06
1985-12-01,-4.461844797391923e-06,7.2888669902796874e-06,-2.0339403765568285e-06,1.2118755144182951e-05,3.0254596351773185e-05,3.5562879518428352e-06,-4.643289611760371e-06,7.902323267430192e-06,5.8027475583094545e-06
1986-01-01,-3.636594745040953e-06,2.1972834637396833e-09,1.651671495129271e-05,1.0761125636975203e-05,2.9847289594180085e-05,-3.214452767638377e-07,-7.1091919453206566e-06,1.1399663661207997e-05,2.792520978398832e-06
1986-02-01,-3.1467573565883863e-06,2.3026835899462786e-06,-1.6160155176741609e-06,9.160407028282037e-06,2.8753902566384208e-05,-4.415086308831614e-06,3.343588040407951e-06,1.339400159990768e-05,7.787112921370414e-06
1986-03-01,6.37883042956932e-06,9.851427629849037e-06,5.60908596200102e-06,2.035669019291185e-05,4.7936284582035125e-05,8.944010981451847e-07,2.1441330124485366e-05,4.594422800206443e-06,3.352335136630325e-06
1986-04-01,5.215466631994502e-06,1.0883584984088348e-05,-3.8377779581553854e-06,5.62011441695233e-07,4.0667447621248114e-05,-1.668498095008366e-06,-3.566617975262013e-06,1.4942237631266654e-05,2.1714771466107728e-06
1986-05-01,2.3289248786133743e-06,1.3813862218581307e-05,2.3289248786133743e-06,-7.117939041543031e-06,4.6545496282678766e-05,7.96205484581775e-06,-7.74772996955345e-06,6.938644587800799e-06,-8.316291224007318e-06
1986-06-01,1.8653287788279168e-06,1.272922228700779e-05,-7.196662907544332e-06,-5.237313353734119e-06,4.0886125026807295e-05,6.133911735343043e-06,-2.0002411777089683e-05,1.438242347303516e-05,-2.23705934946222e-06
1986-07-01,5.0842601886589965e-06,1.4662330552150907e-05,-1.6862204233259918e-05,-2.2915194819137907e-05,3.362603516224265e-05,8.478133522937399e-06,-3.2167341263673264e-06,1.321031257923797e-05,2.558630739123906e-07
1986-08-01,6.728714278463993e-06,1.981437022712509e-05,-1.4273063751439271e-05,-1.1465245864059444e-05,5.0516677967633404e-05,6.483795584237716e-06,-3.5053883017054473e-06,5.801522078893091e-06,-2.945574143473954e-06
1986-09-01,-2.3857599852424607e-06,1.912334962555809e-05,-1.1780141328064661e-05,-3.84652505437776e-06,4.34840126048503e-05,1.253032043262232e-06,-1.2497403218298756e-05,-9.777056293142604e-06,-7.150646067703552e-07
1986-10-01,-3.4703999168159773e-06,1.0332517922079216e-05,-1.6013735899690317e-05,1.3579971979306286e-06,4.6554243378901134e-05,3.2386228857395408e-06,-1.2926010933194743e-05,-2.193323868350389e-06,-3.3042050885910015e-06
1986-11-01,7.0436097424692094e-06,1.2125672647664466e-05,-1.7343294525490097e-05,1.3988804143028643e-05,3.181538624421267e-05,-2.8318618925831832e-06,-5.401226823230186e-07,-2.6131844870240023e-06,6.781196855798198e-06
1986-12-01,2.442637129504145e-06,2.2676952050568086e-06,2.1212759280054628e-07,-1.7384748647872924e-06,2.8430260006156624e-05,1.3842384865977379e-06,5.294190497995803e-06,2.1729984299823473e-05,9.825186341181927e-06
1987-01-01,-1.5138590609548155e-06,2.9364333921085917e-06,6.991729473598322e-06,1.9693057243978495e-05,5.0801215929691937e-05,2.5063262319505853e-06,-3.639807348181144e-07,1.6901749551524526e-05,1.332922681306929e-05
1987-02-01,-5.613043628174954e-06,2.9715441806929145e-06,-3.690727953183071e-06,4.340864935481658e-06,3.2613827443010717e-05,3.384095946558756e-06,7.595644998803361e-07,1.1600020475291199e-05,5.806740358877298e-06
1987-03-01,1.6900003973649945e-06,3.305096672244018e-06,-8.588682960696643e-06,3.0768765464458963e-06,3.306148999746088e-05,2.4536600490740977e-06,-7.412471543121705e-06,1.0915360097896827e-05,3.331429763682262e-06
1987-04-01,8.764824297106822e-06,1.8567766431405497e-06,-6.877032017210723e-06,4.1214225068296156e-06,3.816133203933433e-05,4.849971369954396e-06,-5.47260047383765e-06,1.0151700446187724e-05,6.781064742092358e-06
1987-05-01,-1.269829118739137e-07,7.263838085126852e-06,2.8837672092320974e-06,1.31800059615859e-05,3.54929121069255e-05,1.742666580241482e-06,-1.548969849539145e-06,6.781064742092358e-06,-2.3916287755629864e-06
1987-06-01,-3.796060318936046e-06,1.8095516363391636e-05,-1.2292871156343105e-05,-4.094502021902827e-06,4.642114505379718e-05,9.695260194591473e-06,-1.1318546773128038e-05,-1.1160548224498575e-05,3.0242103635694088e-06
1987-07-01,-5.419934290961162e-06,2.1474929764633073e-05,-2.128297861180535e-06,-1.8410926067162037e-05,5.141565472991765e-05,7.5359466966553825e-06,-1.826170521567864e-05,-1.072166336719449e-05,-1.2154173579880347e-06
1987-08-01,-5.349712713792503e-06,1.4874101510779661e-05,-2.4004064727090654e-06,-1.9666136759051713e-05,4.357717117846672e-05,7.641279062408364e-06,-2.0175243193524444e-05,1.0492285057010244e-06,-3.681950256036992e-06
1987-09-01,-2.611071204215029e-06,1.827107030631327e-05,-1.4373185379964464e-05,-4.89327246219626e-06,5.2934196336189784e-05,4.727083609909249e-06,-3.1208808506149105e-05,8.536604171308693e-06,-3.918948078981193e-06
1987-10-01,-3.6643948617448205e-06,2.016705288986691e-05,7.244537112960066e-07,1.9779188253110408e-07,4.2102518057925e-05,2.943465511380137e-07,2.9627664835468355e-06,1.0053400199706158e-06,-1.1820521472783471e-07
1987-11-01,3.480650615165652e-06,1.5664094253927008e-05,-1.3951855916952537e-05,6.008627393237176e-06,5.0239443312342704e-05,1.5390339680069554e-07,-1.1046438161599508e-05,1.1793129812504998e-05,9.000076542176408e-07
1987-12-01,2.1025521632308294e-06,-7.965466463324844e-06,1.0836360823582095e-05,3.4367621294352437e-06,2.9673298899073358e-05,5.280078530112396e-06,8.65949193135384e-06,1.3390670693091856e-05,6.640621587755054e-06
1988-01-01,5.807853201455803e-06,4.030198083551169e-06,2.9905872779908694e-06,-6.175446923704887e-06,2.9091960861867373e-05,-6.1278311616181594e-06,-1.8379686112454538e-07,4.792050276938873e-06,1.1093202793082969e-05
1988-02-01,3.0461390004253913e-06,3.4191291367714554e-06,-3.2470775553709164e-06,1.575161151723484e-05,2.231465072485596e-05,3.4746808592059705e-06,2.3160306484288457e-06,1.0942419546474986e-05,1.2847050029944239e-05
1988-03-01,7.526464599145053e-07,8.54575952144285e-06,2.1300115626488232e-07,-6.445269575529702e-06,4.1011773304245756e-05,5.458670946153109e-06,1.661663119514379e-05,-3.0645504673717817e-06,-9.932648165989765e-07
1988-04-01,-1.6792494042896285e-07,-2.38205787746197e-06,1.3478434859986435e-06,1.137889736560336e-05,3.714696061487274e-05,-5.726589181661784e-07,-8.968904966126456e-06,9.791705296045649e-06,3.6334000661617416e-06
1988-05-01,9.307611714830548e-06,2.633469062340388e-06,2.8159961503395226e-06,-3.2391415950231285e-06,3.962298024338276e-05,1.7843213051270174e-06,6.3633704258010015e-06,1.2243917043512306e-05,1.3002277239119162e-06
1988-06-01,5.101552730502621e-06,1.0878931863692676e-05,2.7207646261660613e-06,6.561769434495712e-06,3.903571917764641e-05,4.276212854332614e-06,-4.604126774842758e-06,1.6926133648707546e-05,-2.0249396618114818e-06
1988-07-01,7.371237389970143e-06,1.3966020438982417e-05,-1.3936816143842073e-05,-1.2143289105241871e-05,3.760724631504447e-05,4.530163585461846e-06,1.8240011068659567e-06,2.3663763983980015e-05,1.4033952084331654e-06
1988-08-01,-2.326506155027448e-06,1.7830833128355438e-05,-8.40545178143347e-06,-1.0016451732034544e-05,4.548765494039849e-05,7.526464599145053e-07,-1.0532289154640797e-05,1.212487763829548e-05,-2.4217376792009095e-06
1988-09-01,2.6255331019926e-06,9.379035357960645e-06,3.069946881468755e-06,1.114875451551749e-05,3.412335972236531e-05,5.5380305496309946e-06,-8.40545178143347e-06,9.617114168394302e-06,1.9712923556930656e-07
1988-10-01,1.8716168689526908e-06,8.029922098836591e-06,1.2037582074469807e-05,1.814827154226698e-05,4.164665013206884e-05,1.0383410324348892e-06,1.1243986039690952e-05,-8.92922516438751e-06,1.3795873273898018e-06
1988-11-01,5.601518232413304e-06,-6.905555275701432e-06,8.053729979879961e-06,1.4807232235848007e-05,3.95991723623394e-05,1.7049617016491318e-06,1.5886522843147246e-05,1.4418370178806367e-05,6.990311293276298e-06
1988-12-01,3.173114365990011e-06,5.926892606672634e-06,6.5220896327567726e-06,1.765624200070409e-05,2.16639019763373e-05,5.252335977110604e-06,6.490345791365614e-06,8.982237340571218e-06,3.3794493350325092e-06
1989-01-01,-2.3452145784821313e-06,-2.0657322670473066e-06,6.169014409157855e-06,1.721854722195675e-05,4.779191579070387e-05,-3.0039943125785464e-06,1.46772267037892e-06,-3.4032547574854737e-06,4.801547385351669e-06
1989-02-01,8.688320030185426e-07,-3.6927185800429804e-06,-9.022845519550312e-06,2.615596449486292e-06,2.8657358968539904e-05,9.486840919999172e-07,1.6709490154700443e-05,-1.4832084992945946e-05,7.27696214377454e-06
1989-03-01,-3.4331992908534926e-06,4.4222499626900925e-06,-5.848724982540312e-06,3.483987917158839e-06,4.0974543693918274e-05,5.100992719031858e-06,7.746093166540173e-06,1.1582958255760493e-06,2.6455409828543108e-06
1989-04-01,4.542028096162168e-06,5.170863296890564e-06,-2.3252515562367944e-06,2.0252926603249325e-05,2.4834440208556185e-05,2.575670404995618e-06,6.757923565395551e-06,2.6455409828543108e-06,-4.4872746517428765e-07
1989-05-01,7.54646294408671e-06,1.0670675925483327e-05,-4.1418865805632635e-06,-8.084583474019045e-06,4.636455970016164e-05,5.190826319135901e-06,-1.0729683921527388e-05,1.6659582599087074e-05,2.4658737826461976e-06
1989-06-01,7.895815833380268e-06,1.092021370355016e-05,-1.716379377753735e-06,-2.6906026496617444e-07,3.524515630950403e-05,5.829643030986979e-06,8.734262767684783e-06,1.5032596286091387e-05,-6.477560183268708e-06
1989-07-01,8.05552001134303e-06,1.8875478068320457e-05,-1.6009903305421336e-05,-7.306025606450582e-06,4.082482102707818e-05,9.60265423535733e-06,-2.2553809783780747e-06,2.1720208738282236e-05,-2.7344935122663766e-06
1989-08-01,6.8178126321315885e-06,2.218933976104787e-05,-1.5590679838269072e-05,-3.922293335864449e-06,3.906807506948775e-05,8.215224189305793e-06,-1.8884578508751148e-05,1.9993407314059823e-05,-2.5049187564449077e-06
1989-09-01,1.0884252477173567e-06,1.2547200016545834e-05,-1.9503432198356862e-05,1.6074638260963323e-06,5.233350335152004e-05,6.089162320176467e-06,-6.238003916324557e-06,1.1209677526107667e-05,-1.9060280890845303e-06
1989-10-01,6.907646232235645e-06,1.140930774856113e-05,1.900892466767906e-07,-1.1673962660067405e-06,5.259302264070953e-05,5.150900274645214e-06,-1.7327462773614167e-05,1.0600805347624621e-05,2.40598471591016e-06
1989-11-01,-4.786719985423065e-07,6.991463139331114e-07,-7.082467543637755e-07,1.3186016728396899e-05,3.9866595959301576e-05,1.7971125374271276e-06,6.9276092544809956e-06,3.973081962169823e-06,-6.6372643612314845e-06
1989-12-01,-1.6065827554043416e-06,1.5375932482376126e-06,-4.042071469336525e-06,2.8950787609211437e-06,3.237048110617423e-05,9.323171923922492e-06,1.90052377129152e-05,1.3279815146614805e-06,5.939439653336373e-06
1990-01-01,-1.845829566821317e-06,-1.6208961820335052e-07,1.3932980941761889e-05,8.473329128173939e-06,2.6402658977071176e-05,9.048347056733787e-07,1.0173739769352478e-05,3.513798091403198e-06,1.6958711641506055e-05
1990-02-01,3.705511055849799e-06,-4.146385140180514e-06,7.3147159952140504e-06,-2.512657269244272e-06,3.7355303989368234e-05,1.2049071717637111e-06,1.747550311088385e-05,1.1132183626805521e-06,4.930806959051977e-06
1990-03-01,-1.3207027511632387e-06,2.163471993996709e-06,-2.3150974659234777e-05,2.2184973759245976e-05,2.2176638412965693e-05,-5.038388156951176e-07,5.380915658187476e-06,1.2140881491500197e-05,1.1232328746948917e-05
1990-04-01,7.547984726282125e-07,5.405921697028338e-06,-8.039112817854433e-07,-6.663659716827181e-06,4.0347693303991255e-05,3.130251197730035e-07,-2.2067379642797475e-05,1.089057954945715e-05,-3.621258324522436e-06
1990-05-01,2.730275541056222e-06,1.133235290231236e-05,-2.796059042774025e-06,1.1023945089941744e-05,4.288163857319849e-05,3.7138464021300817e-06,9.71529572393669e-06,-5.938484590442212e-06,-1.7708114502987306e-06
1990-06-01,4.5472600653788685e-07,1.6350231363045107e-05,-2.0091902574369466e-05,1.1382244015214143e-06,4.13395995113454e-05,9.465235335528081e-06,-1.2623432307232354e-05,8.339963587689345e-06,-3.788086214908136e-07
1990-07-01,4.497368952477058e-06,1.495822853423719e-05,-1.0522925044600041e-05,8.29828685628791e-06,3.1137135664274164e-05,8.990120597551727e-06,-3.042773196192528e-05,1.6883693524983475e-05,-2.3792917287596783e-06
1990-08-01,6.264462363897894e-06,1.4783186262351162e-05,-1.7099513259746445e-05,-3.087796162584068e-06,3.438792071358608e-05,9.590265529732385e-06,-1.3415290203859613e-05,9.115150791756031e-06,2.5218918840490484e-06
1990-09-01,5.405921697028338e-06,2.1701523674989333e-05,-1.6557715751527794e-05,-2.445974499001975e-06,5.005837172052556e-05,7.289709956373188e-06,-1.020618188594913e-05,1.3616237783110984e-05,-1.8124881817001653e-06
1990-10-01,-5.455155470965523e-07,2.1001354587445233e-05,-1.1214758785863851e-05,1.0698866585010556e-05,4.1681348708837165e-05,-2.8460711204557495e-06,-8.31405828032399e-06,9.081809406634886e-06,-1.2123432495195072e-06
1990-11-01,4.138949062424718e-06,9.240180985960335e-06,-1.3873855214055356e-06,1.4474778449980546e-05,4.5698985615935474e-05,-1.187337210678645e-06,3.4637860137214736e-06,1.0040374228867884e-05,1.8799492556869946e-07
1990-12-01,-1.1706665181180725e-06,6.581205522548799e-06,6.189444247375307e-06,9.873667303262145e-06,3.376276974256456e-05,1.4382968676117467e-06,-8.289052241483134e-06,9.348540487604067e-06,7.864848849712991e-06
1991-01-01,-7.831946731560904e-07,1.0321236228762739e-05,8.715832651690585e-07,9.006123235672746e-06,3.7677328356548676e-05,4.102754923688187e-06,5.174005904814481e-06,9.760955560106534e-07,8.213571696790695e-06
1991-02-01,-3.4047113017659516e-06,5.928838229248234e-07,2.735385785177397e-06,5.914301298275742e-06,3.4089073037654116e-05,1.8296125978836333e-06,3.4408437483581357e-06,3.2405285242450833e-06,7.002970994542283e-06
1991-03-01,5.531089565189912e-06,2.0734746098473458e-06,-1.629456050556193e-05,7.473276303329433e-06,1.8751894356650923e-05,-3.134721217091854e-06,-1.0110916630767921e-05,1.3787560541675443e-05,9.197729102215661e-06
1991-04-01,6.367187891922617e-06,1.478913666224067e-05,8.280364773183984e-07,-5.3904448277561465e-06,5.445155103662372e-05,3.316030958208497e-07,-1.082508395151877e-05,1.2576959839427038e-05,-3.648573313729664e-06
1991-05-01,-3.1260118595217165e-06,1.5372663619439546e-05,-9.422877382727458e-06,-2.8705395043000635e-05,3.33313589290526e-05,1.6467160889108558e-06,-8.09034567449719e-06,1.5944599434900583e-06,6.114616522388781e-06
1991-06-01,-4.563055858593565e-06,2.0615696876659262e-05,-1.1608926132830691e-05,-1.3568531586110488e-05,2.3507203589943227e-05,6.593631188746068e-06,-4.3453219193402516e-06,-1.1713438423672286e-05,-3.4482580896166116e-06
1991-07-01,9.398044326328707e-06,1.7994180248049407e-05,-1.3368216361997449e-05,-5.6255974821497215e-06,5.6785658865419206e-05,6.8897493461305646e-06,-1.470945742779784e-05,9.981571283527576e-06,-5.306233036222541e-07
1991-08-01,7.438438873048911e-06,1.7776446308796094e-05,-1.0433162860862816e-05,2.7440951427475346e-06,3.974144610067006e-05,5.9055919407056045e-06,-1.3524984798259828e-05,2.2810454984332633e-05,-3.0824650716710565e-06
1991-09-01,-5.1552921733625715e-06,1.8960918938334106e-05,-8.441601761470253e-07,-5.251095106634029e-06,3.8626648331693106e-05,6.149453952669317e-06,-7.585202935429518e-06,-5.741700914729141e-07,1.585750585919921e-06
1991-10-01,-3.5788984531686052e-06,1.528557004373822e-05,-7.794227517112694e-06,-1.1696019708532011e-05,4.2685208959374816e-05,-4.075331834666154e-06,-7.637459080850315e-06,9.546103405020955e-06,2.735385785177397e-06
1991-11-01,3.205691093964547e-06,1.1557965003721542e-05,-1.8228037886131328e-05,-3.186977362512638e-06,2.571938041275686e-05,-1.7760614361511879e-06,-1.7412240058706653e-06,1.4005294480928756e-05,3.858892911724488e-06
1991-12-01,1.3070511436756859e-06,-5.160863726496668e-08,2.5873267064851558e-06,2.1866962582590645e-06,2.428233641368501e-05,2.0096273226886962e-07,-1.2384058956572475e-05,1.2211166821481476e-05,2.8747355062995282e-06
1992-01-01,4.116660362871318e-06,-4.4898491725080443e-07,2.0865329118601686e-06,1.7436694904315772e-05,2.433227548686418e-05,6.241013138612943e-06,4.527825416240653e-06,3.696929370890101e-06,6.412331910850169e-06
1992-02-01,2.1807582365906438e-06,1.581142533760345e-06,1.4130242600137274e-05,1.7181975515501234e-06,3.750668907190699e-05,7.759443042453722e-07,-2.54763987715685e-06,9.213393836928843e-06,7.183266385917694e-06
1992-03-01,4.6734463726423e-06,-7.0104938939366285e-06,1.9751757099059695e-06,-1.9565901129384064e-06,3.5039698751690916e-05,6.303233478437251e-07,9.1106025735865e-06,1.1097900331538346e-05,9.350448854718622e-06
1992-04-01,1.272768743733327e-06,6.660744130594146e-06,-2.2215034929990585e-05,1.4961138645487826e-05,3.677858428989878e-05,5.298759891308178e-06,5.110309241847228e-06,1.0018592066443803e-05,4.1617488254719565e-07
1992-05-01,4.133792240095042e-06,1.4395786697104975e-05,-1.7409543368736353e-05,-1.132772695431476e-05,3.509109438336208e-05,3.200104931402146e-06,6.560211636793178e-07,-1.4163052634840883e-05,4.1617488254719565e-07
1992-06-01,4.322242889555992e-06,1.927837170586597e-05,-9.246203871632452e-06,-1.4061112722379987e-07,4.3108812924064335e-05,9.9757623733845e-06,-2.576989945391306e-05,1.6828513262873604e-05,1.615406288207793e-06
1992-07-01,2.35207700882787e-06,8.502420932144346e-06,-1.4677008951552561e-05,2.7118464305260465e-06,4.3271565757689706e-05,9.359014793330477e-06,-1.855737914272578e-05,2.0109267751216523e-05,1.1185818487198247e-06
1992-08-01,6.0354306119282685e-06,1.3761907239827228e-05,-1.557643250579801e-05,6.420897849462024e-06,4.0144998164360296e-05,9.67595452196935e-06,1.0757521556605215e-06,9.795877662535405e-06,1.9152141396229424e-06
1992-09-01,-2.6910020640172295e-07,1.0172778961457319e-05,-2.0570374716513204e-05,9.744482030864246e-06,2.9583195855935214e-05,7.859975536254744e-06,-1.3966036046768077e-05,1.705979360539387e-05,3.928209713410368e-06
1992-10-01,1.581142533760345e-06,8.947849739961129e-06,-1.7041208008426308e-05,1.5800600629450247e-05,3.193882897419709e-05,7.020513552292323e-06,-4.886141118195004e-06,1.3102329966713903e-05,-2.299227657412859e-06
1992-11-01,3.3971215194749516e-06,1.605757878780608e-05,-2.4362826752026507e-06,3.927358362529516e-08,4.329726357352529e-05,6.474552250674491e-07,-1.2895293720285403e-05,1.4447182328776147e-05,-1.9051944812672344e-06
1992-12-01,1.1357137259435487e-06,-1.099996251752275e-06,-1.016275930310161e-05,6.241013138612943e-06,2.7356051816851252e-05,-6.984796078101036e-06,-5.175124261457004e-07,1.3513495020083251e-05,1.0789526541511328e-05
1993-01-01,3.731994647128721e-07,3.635277473512064e-06,-2.677802908222833e-06,1.240451070893105e-05,4.107241979802509e-05,2.6566540708723024e-06,-8.6071094065696e-06,6.292911615974928e-06,1.4006766672076533e-05
1993-02-01,2.531927558771158e-06,-2.917661585340425e-06,-1.168689482075941e-05,4.2301269927636816e-06,3.453866943334201e-05,-2.5530763961216887e-06,8.65312099881199e-06,8.758658816743726e-06,1.652048560826886e-05
1993-03-01,1.7451910978254751e-06,6.139402062619678e-06,-4.902917729104423e-07,-5.5848900748879996e-06,3.9921098147860674e-05,1.8208622578846467e-08,7.81841280244278e-06,1.0984547340394933e-05,7.165997200682953e-06
1993-04-01,-1.3441886634490459e-06,5.333476907504574e-06,-1.4085481591935301e-05,-3.589265881269674e-06,3.015405281563252e-05,1.3806059086067388e-06,-2.3737394759146995e-05,9.487829195181186e-06,4.162966563170747e-06
1993-05-01,-3.7235867404555157e-06,6.033864244687928e-06,-1.5360756051431248e-06,-1.4593208284654932e-06,3.0010137609361967e-05,6.8973554823112426e-06,-1.8844277745948214e-05,1.9206902791985827e-05,1.8699176099266196e-06
1993-06-01,-3.5604828400155554e-06,1.3431105846994324e-05,-1.0660299682696149e-05,-2.1031788881260632e-05,3.562283065391351e-05,1.0082678714432803e-05,-3.119142874119201e-06,-1.8143116705995188e-06,-2.869689849916912e-06
1993-07-01,1.342228520267923e-06,1.2337350279338128e-05,-1.283821647092383e-05,7.137214159428834e-06,3.7695209624209454e-05,9.305536600571831e-06,-9.604921503378756e-06,1.3910823201229507e-05,2.8685034095054336e-07
1993-08-01,-3.167114609542714e-06,1.617508911321953e-05,-1.1466224837811226e-05,3.232314895954512e-06,4.0007447271623e-05,7.0892424240053215e-06,-7.119985608440549e-06,4.4995424139050364e-07,-8.644713092138758e-07
1993-09-01,7.569733481010163e-07,1.7700590299687383e-05,-1.916089119974345e-05,9.392659427103845e-07,4.7673330592301095e-05,3.875136150629642e-06,-7.139174302609971e-06,-9.124430446373887e-07,-1.0371695567385332e-06
1993-10-01,2.388786055270304e-07,7.17559154776765e-06,-8.482382894468442e-06,-1.2099451745401673e-05,3.103673274742524e-05,5.6586010917662245e-08,-1.2943754288855566e-05,9.286347906402423e-06,2.263285840399461e-06
1993-11-01,4.2780987281871945e-06,9.957952202331659e-06,3.7695983326979058e-06,1.0639150845345605e-05,5.7517130701206875e-05,4.489174364050668e-06,3.7120322501896957e-06,4.354853504864826e-06,1.6396532798937385e-06
1993-12-01,1.2558793965055943e-06,5.05524084204818e-06,-9.50897803253173e-06,1.3680558871196613e-05,3.2974790858535344e-05,2.685437112126421e-06,7.377072836546426e-06,8.701092734235503e-06,3.9806739685613925e-06
1994-01-01,-1.6636774849174035e-06,-5.7801114762742045e-06,2.017615492553901e-06,8.074778405840013e-06,2.421851002099193e-05,4.497919271701229e-06,1.4650913284626287e-07,1.1416661392480626e-05,6.899897668349168e-06
1994-02-01,-2.612284895187785e-06,2.713841114770694e-06,-9.417890352356954e-06,1.6499108434663225e-05,3.447913512841194e-05,7.557065522859595e-07,4.123697999759704e-06,5.033247642323712e-07,4.010561336149476e-06
1994-03-01,4.3151600458693205e-06,4.924357465309017e-06,-9.061074720970839e-06,-9.83562572568702e-06,3.772528709199774e-05,9.384657781178678e-07,-5.149052082596903e-07,1.5985642038278333e-05,5.86426205530169e-06
1994-04-01,1.260470128393136e-06,3.227307511155579e-06,-1.2211495661501842e-05,-6.9811006745981675e-06,4.431332204222416e-05,5.381360453432112e-07,-7.106137409648543e-08,1.8727030425756965e-05,-3.9438163976774065e-06
1994-05-01,4.2075289513742874e-08,1.025048347526749e-05,-6.4937427390464076e-06,-4.857612526836948e-06,3.626321328534247e-05,4.741598239477109e-06,-2.4556341301890084e-06,-3.917707936844275e-06,-2.74282719935343e-06
1994-06-01,6.99562869140398e-06,1.2826518277469629e-05,-7.903599624035424e-06,-2.1030649853984542e-07,4.399131769194889e-05,1.0024210148047033e-05,-6.7026104257114476e-06,1.778712583576429e-05,1.495446275891301e-06
1994-07-01,5.27247027641741e-06,1.408842721773757e-05,-9.29605086846901e-06,-8.020982774241186e-07,4.915209011663088e-05,7.352444322790088e-06,-3.447755641847938e-06,1.2095481374141996e-05,-8.108010977018269e-07
1994-08-01,3.3056328936549673e-06,1.1877910867199248e-05,-1.232463232511207e-05,2.2699972806074892e-06,4.252054106501592e-05,5.707611290302907e-06,-2.5013344290013138e-05,2.2599785449337886e-05,-6.235855381877712e-08
1994-09-01,-2.055304397414352e-06,1.972785475769361e-05,-9.104588822359387e-06,-2.609249400444917e-05,2.6881573025971168e-05,2.217780358941226e-06,-9.731191882354507e-06,-3.726245890734658e-06,-4.074358701843051e-06
1994-10-01,-6.554662480990386e-06,1.575066589078017e-05,-6.650393504045198e-06,-1.0766827495401992e-05,3.979655831809271e-05,4.946219439546629e-07,7.88331635973039e-06,-8.852207034305799e-06,-3.578297946013583e-06
1994-11-01,4.959168746419857e-06,4.854734903087337e-06,1.0093832710268713e-05,8.379377115559858e-06,3.6968141727836975e-05,-4.753178683504428e-06,1.705608893243666e-05,1.6333754849386733e-05,-1.2720505724204552e-06
1994-12-01,6.812869465572072e-06,7.543906368899705e-06,1.4097130038015279e-05,2.148157796719546e-06,4.0632029064752856e-05,9.301876064997108e-06,6.125346663632987e-06,1.260894777052688e-05,1.169515164136734e-05
1995-01-01,-2.0986719597530508e-06,2.164543767989649e-06,7.934371655827833e-06,1.5575047610597762e-05,4.281823782419239e-05,8.43933507212357e-06,6.485706117274491e-06,2.0061771735717265e-05,3.687712105668595e-06
1995-02-01,-2.686416263966121e-06,3.3483104652075272e-06,3.930327665587071e-07,-1.5274838331234486e-06,4.03182550090889e-05,8.190992408371567e-06,3.5387065074173946e-06,1.5268758325303627e-05,2.454276875700319e-06
1995-03-01,3.820161526336334e-06,3.3565885539992647e-06,5.591672527767282e-06,1.486313197450869e-05,4.675033000026575e-05,-7.769162782090433e-06,1.7175269732360482e-06,9.647936035716647e-06,1.676136529277381e-06
1995-04-01,4.416183919341135e-06,4.126450811630465e-06,3.480759885875266e-06,-1.0989339322074724e-05,3.1758711198436565e-05,-2.7691971518834554e-06,-8.199623399260565e-06,2.2156128200025817e-05,-2.049003427002653e-06
1995-05-01,4.788697914969139e-06,7.68602899207583e-06,-1.2471117215795002e-05,-5.741031028115744e-06,4.064937856075824e-05,2.777122338577925e-06,-1.5937085434573146e-06,3.4228132643331308e-06,1.4609062206923147e-06
1995-06-01,1.7258050620277789e-06,1.3116455239452944e-05,-1.691645089695584e-05,-1.171526015078906e-06,4.3761939946449996e-05,7.139675131821427e-06,-1.7843596841629977e-05,9.018801287544909e-06,-1.1963602814541116e-06
1995-07-01,1.0138894259387071e-06,1.6402856489771104e-05,-1.5840299354030494e-05,-6.808904482249358e-06,2.7627944891361597e-05,6.469149939691023e-06,-2.1634961508243877e-05,-1.9662225390853187e-06,-4.391702555063204e-06
1995-08-01,1.3532910663997816e-06,1.0086674741678517e-05,-1.2396614416669399e-05,-1.0434707373028583e-05,4.228844014152145e-05,3.042021179913389e-06,-1.0335370307527787e-05,2.0169386890009802e-05,1.8582544826955177e-06
1995-09-01,2.5536139412011213e-06,1.304195244032734e-05,1.8582544826955177e-06,5.668726311851063e-07,5.701516010201517e-05,5.3267736864318115e-06,-1.3489322137178212e-05,2.0525344708054338e-05,1.4029595991501794e-06
1995-10-01,3.7208244608355313e-06,8.257217118705436e-06,-1.1875094822790195e-05,-2.6367477312157233e-06,4.5533450947880944e-05,5.75150719976837e-07,3.439369441916599e-06,6.744877854776395e-07,2.9369570105790467e-07
1995-11-01,5.624784882934212e-06,7.743975613617966e-06,8.15215294937109e-07,-1.171526015078906e-06,4.789270625352496e-05,5.873127546686215e-06,-4.118525624936002e-06,1.4656179754715354e-05,3.3483104652075272e-06
1995-12-01,5.0867091114715395e-06,2.57844820757632e-06,1.9079230154459156e-06,1.585077552568316e-06,4.777681301044069e-05,2.3880521653664528e-06,-2.156618581295186e-06,7.396295884365161e-06,9.954225321010781e-06
1996-01-01,1.7110246424488458e-06,1.092658142073893e-05,-1.649509973497387e-05,1.5948339899533734e-05,5.1352637131753666e-05,2.0620077619344955e-06,1.6038335571196723e-05,3.0879584188925818e-06,4.905870986484956e-06
1996-02-01,-2.4017775525497645e-06,-4.921656359113466e-06,3.5019385085423304e-06,1.170954376420694e-05,3.4244459948619426e-05,3.3489458667152426e-06,-6.558615222877675e-07,-4.021699642483564e-06,1.1800501796372048e-06
1996-03-01,-2.1227909703944924e-06,4.059911672852861e-06,8.210298534874099e-08,2.1078093184324112e-05,2.731479323056926e-05,5.590800451625751e-07,9.225663226308434e-06,9.972627301111248e-06,3.7629259563649913e-06
1996-04-01,3.753926389198699e-06,2.8105582350947686e-08,3.213952359220766e-06,1.1160570167062701e-05,4.1813095935476815e-05,-5.928645521236821e-07,-3.4987623863360544e-07,1.1376559779053874e-05,-4.398719102965943e-07
1996-05-01,-4.4887147746289994e-07,1.7703255496962023e-05,-1.6576095839470554e-05,-1.0033410509571245e-05,4.877876092219218e-05,2.1340042992648865e-06,5.157858867141325e-06,4.572887001331904e-06,-2.581768895875742e-06
1996-06-01,2.4129908814201587e-06,1.9332177154062128e-05,-1.9833939153670764e-05,-1.1464341689012775e-05,3.484743094876145e-05,7.704736375203916e-06,-3.4277282095078373e-06,3.465940239877135e-06,-7.908550297822575e-07
1996-07-01,9.460614333134338e-07,1.5255373227728714e-05,-1.4866178077873766e-05,-1.284127546545651e-05,2.6459834349770858e-05,4.986867090981653e-06,2.259998239593071e-06,7.065767106396702e-06,-8.178537312811474e-07
1996-08-01,4.104909508684349e-06,1.7505265019303448e-05,-2.20208339750814e-05,4.806875747655675e-06,3.8069275994296466e-05,6.939773166068518e-06,-5.416632553259897e-06,-6.19863253622572e-07,-2.8697550451973065e-06
1996-09-01,2.421990448586451e-06,1.3716447242291598e-05,-1.0402392763389506e-05,7.974723390192883e-06,4.5943897264808016e-05,5.607837225456269e-06,-1.03933931962232e-05,1.307747797348437e-05,1.792020746945529e-06
1996-10-01,4.419894359504817e-06,8.181713435017764e-06,-7.38753776267936e-06,-1.3218294925938985e-06,3.70073270686732e-05,2.3499939112560597e-06,4.482891329668902e-06,-7.368576267844642e-07,4.698880941660089e-06
1996-11-01,-4.45367886646591e-06,9.522648942796304e-06,3.7449268220323935e-06,1.9000155529411155e-06,4.089514008451433e-05,5.859825106112638e-06,-8.314493180808152e-06,5.067863195478336e-06,4.104909508684349e-06
1996-12-01,3.258950195052254e-06,-1.9607987614011124e-06,7.64173940503983e-06,2.4443931304519908e-05,2.2122042975614782e-05,-6.468619551214754e-07,8.12771603201997e-06,8.964675778485773e-06,6.714783986911039e-06
1997-01-01,-2.36789348688852e-06,-2.95521741011266e-06,5.746965385658413e-06,1.8012246648989295e-05,3.980196420060506e-05,6.216824524237727e-06,1.6700556553788705e-05,1.079795112538605e-05,7.342528710417337e-06
1997-02-01,-1.2715554968701232e-06,-1.2226118366014392e-06,-7.73301863143586e-08,1.3352810191411088e-05,3.806935862709383e-05,4.464641486619022e-06,9.310063853218222e-06,1.0298725790645536e-05,1.6259091910356626e-06
1997-03-01,1.067951463972722e-06,-1.6375569055784365e-05,5.257528782971627e-06,6.451754093527378e-06,4.650627395640002e-06,-2.074231525276443e-06,7.155571100382326e-07,3.2400782788881487e-07,1.05630215560964e-05
1997-04-01,2.389430291227054e-06,1.6641824161466292e-05,-1.1295217119895514e-05,-5.559020136406369e-06,3.8274922000222284e-05,2.4187964873882537e-06,-1.8910850657701933e-05,1.2090063756479169e-05,-2.916062481897718e-06
1997-05-01,4.6105007664111106e-07,1.1992176435941815e-05,1.909782420593997e-06,-1.2176203004731731e-05,2.897562654917333e-05,7.900486437480278e-06,-6.009301810878213e-06,1.679844387432606e-05,-7.546132743314725e-06
1997-06-01,-5.226203246579364e-06,8.438866700435734e-06,-1.1745498794367358e-05,-5.5100764761376985e-06,5.610999180212881e-05,6.823725911569338e-06,-1.4525498697628319e-05,8.947880767230004e-06,6.950079449167981e-08
1997-07-01,5.883035933396786e-07,1.6866964998702214e-05,-1.063937207229522e-05,-3.640428653874168e-06,3.736456991922486e-05,9.368796245540635e-06,-1.2440498770182595e-05,-1.2832048052332026e-05,7.547120382531879e-07
1997-08-01,-8.212738223982793e-07,1.5702105884307662e-05,-1.6218949342924598e-05,-2.4989653263071825e-05,4.941449907737356e-05,8.781472322316495e-06,-1.8617188696089856e-05,3.4358529199628575e-07,-1.3302878891925359e-06
1997-09-01,-5.989724346770742e-06,2.3298161958006596e-05,-5.431766619707815e-06,-7.536344011260996e-06,2.5471260473935932e-05,2.1251345257761905e-06,-1.2254512861161615e-05,1.5573880666595077e-06,-4.110287792453483e-06
1997-10-01,4.112247132684546e-06,9.310063853218222e-06,-1.2518808626612492e-05,5.394571031723923e-06,2.8212105448981937e-05,7.616613207921943e-06,-4.002611739862386e-06,4.817035840553512e-06,-1.741414635449438e-06
1997-11-01,9.211204831666836e-07,9.114289212143513e-06,1.2099852488532911e-05,4.366754166081668e-06,3.7746330469320556e-05,3.887106295448624e-06,9.026190623659887e-06,1.8412612962178423e-06,-6.450766454310278e-07
1997-12-01,-5.4611328158690145e-06,1.322458497369857e-06,1.1287387728072836e-05,8.292035719629709e-06,4.267006269234963e-05,4.013459833046671e-08,8.840204714638907e-06,3.0746415349885487e-06,2.2132331142598027e-06
1998-01-01,-1.9306206157566585e-06,4.000401079819322e-06,2.7027179188195895e-06,4.296516700450134e-06,4.0614226642523286e-05,4.819073678033918e-06,1.0932990315764218e-05,-1.869655635038541e-06,1.596695586648803e-05
1998-02-01,-3.8118257350582796e-06,-2.1570619727096313e-06,-2.6622003843739593e-06,-1.6083771462466556e-06,3.9682333365832196e-05,2.07564954571904e-06,-8.270978610439924e-06,1.3458682374085858e-05,5.332921372657975e-06
1998-03-01,7.69257101759579e-07,6.821642721622771e-07,1.2866451132824228e-05,1.3614883430212023e-06,5.3669441799158215e-05,-7.548674161931334e-07,9.260807987496106e-06,1.4268645689340726e-05,1.5008934740917755e-05
1998-04-01,-9.350929697446419e-06,6.482546723342308e-06,6.029664009436356e-06,-9.342220414486684e-06,3.6041853088665155e-05,9.869891757528237e-07,-9.289964716728315e-06,-8.158323969112373e-07,-3.358943021152334e-06
1998-05-01,9.869891757528237e-07,7.501532829630693e-06,-7.96615370684939e-06,-1.655350670514294e-05,4.160708489993248e-05,5.6725834080874406e-06,-5.579810175883428e-06,9.54821432516719e-06,1.431162606699041e-06
1998-06-01,-2.758002496930976e-06,1.5244085380830456e-05,2.9204499928128273e-06,-2.9757345709242273e-06,4.574399430580412e-05,6.0819197071947386e-06,1.9275917354036342e-06,8.085054787932588e-06,-4.970160368702348e-06
1998-07-01,2.4501487129874254e-06,1.6149850808642354e-05,-2.7231653650920632e-06,1.3868018673193156e-05,4.194674693536194e-05,4.0265289286985136e-06,-7.6787473691783e-06,1.3432554525206667e-05,-2.7231653650920632e-06
1998-08-01,2.2846723367525565e-06,1.2970962528340986e-05,-6.180750700104786e-06,7.344765736355552e-06,4.466404321879763e-05,4.252970285651486e-06,3.1817284816047263e-06,1.0506235450737463e-05,2.554660108504177e-06
1998-09-01,5.742257671765279e-06,1.6898849143179118e-05,5.6551648421679775e-06,-3.0976645323604486e-06,3.646860795369191e-05,7.344765736355552e-06,-1.2312085903754535e-05,8.973401649825023e-06,1.161174834947414e-06
1998-10-01,2.241125921953909e-06,1.579220417014447e-06,9.121459460140428e-06,1.6123722959763163e-05,3.6938909233517325e-05,1.936301018363369e-06,1.0811060354328003e-05,1.9537195842828255e-06,3.512115196925461e-07
1998-11-01,3.6694483273495913e-06,7.858613430979608e-06,-7.382631748547489e-06,9.347900817093401e-06,3.8088534584201645e-05,-4.656626182152067e-06,-6.683406237448008e-08,1.6454675712232894e-05,1.0653727223903906e-06
1998-12-01,2.9204499928128273e-06,1.770258604979558e-07,4.54037662332257e-06,1.629790861895776e-05,5.024669359598441e-05,5.602343107260626e-07,1.0340759074502594e-05,9.130168743100157e-06,6.447709591503389e-06
1999-01-01,-3.478505654911439e-06,1.7826462838231813e-06,-2.418242974128274e-06,2.1164569380260777e-05,5.1550733936341775e-05,-1.4222386376350036e-06,1.0288844609197164e-05,1.5577420788085708e-06,1.8421996961220385e-07
1999-02-01,2.1842609356349815e-06,1.0276107384169883e-06,3.46942782143275e-06,9.919359129530304e-06,2.753417775799597e-05,3.0035548253310622e-06,1.0184424799726092e-05,4.25188760699288e-07,6.786764845398244e-06
1999-03-01,4.128075850404108e-06,2.7304568620990376e-06,4.974793980254126e-07,2.521617243156894e-06,3.877938800872644e-05,6.039761593028288e-06,-6.1050654777606206e-06,1.0610136330646603e-05,-6.884197902275524e-06
1999-04-01,3.0437162905122396e-06,1.300375965544495e-05,-5.406255983608085e-06,1.1903335509480608e-05,3.6658862647160126e-05,-2.2575971134035513e-06,-1.189302139584163e-06,1.0586039451537892e-05,-2.321855457693446e-06
1999-05-01,3.027651704439766e-06,8.441417210862872e-06,-2.461964932993306e-08,4.192334194693996e-06,3.791190036081295e-05,-7.876874877723561e-07,-5.189384071629718e-06,1.3782892079959847e-05,-2.715437816469009e-06
1999-06-01,1.397096218083848e-06,1.904404401869446e-05,-7.796551947361193e-07,-4.13715368388279e-06,4.69241331474698e-05,6.353021021441496e-06,3.742525784664775e-06,1.0995686396385936e-05,1.6782264743521095e-06
1999-07-01,3.059780876584713e-06,1.31483409300972e-05,-1.4233746030431507e-05,-3.4945702409839126e-06,3.8940033869451165e-05,5.718469871578849e-06,-1.270761035354666e-05,2.0337243197528466e-05,6.099315005327145e-07
1999-08-01,7.223836030400231e-07,1.4096151508373049e-05,-1.3004805195887396e-05,-1.2820062456053962e-05,4.840207506613724e-05,4.553787381324619e-06,-1.6635401648266098e-05,1.4361217178568844e-05,1.4613545623737357e-06
1999-09-01,-3.0126326588097443e-06,7.702446251529153e-06,-6.916327074420471e-06,-1.8238532894468106e-06,3.640986156303681e-05,4.9232728609914785e-06,-8.257720011471884e-06,1.126878435961796e-05,-2.1739468219959633e-07
1999-10-01,-5.467186966852787e-07,7.630155614203028e-06,-9.322687624246053e-07,5.9755032487384e-06,4.630564658367963e-05,1.7746139907869445e-06,-3.398182724549071e-06,2.3357385379153225e-05,-5.306541106128051e-07
1999-11-01,1.1239982548518233e-06,-2.7475669886139564e-06,-6.1934207011592256e-06,2.4814557779757166e-06,3.959868189842252e-05,4.120043557367871e-06,-3.5266994131288463e-06,1.1721920130692374e-06,-2.0005637362440002e-06
1999-12-01,1.694291060424583e-06,4.883111395810294e-06,-1.0482665182509279e-05,-5.566901844332808e-06,3.815286915190003e-05,5.461436494419291e-06,-6.3701311479564084e-06,1.3895344182467149e-05,9.204485049305295e-06
2000-01-01,-2.9892472103193213e-06,9.305820798257154e-06,4.672299690249097e-07,3.42416965391847e-06,3.980983618519723e-05,3.3435990902973953e-06,5.68820249167076e-06,-1.6114905723989015e-06,1.7402448742379458e-06
2000-02-01,-4.996167944280286e-07,1.7483019306000532e-06,-2.304397419540172e-06,-4.906826624500983e-06,4.323408513909304e-05,5.39009140627277e-06,-1.603433516036794e-06,1.0039012927208962e-05,5.1967220535821835e-06
2000-03-01,2.272010594137053e-06,6.074941197051933e-06,-9.499348750902423e-06,1.5952892296996076e-05,4.05994277086838e-05,1.5307614088231377e-06,6.864532720538493e-06,1.5807865282478135e-05,8.322859922080001e-06
2000-04-01,1.2883360181638196e-07,-1.136124247034533e-06,-1.0683736036132263e-05,1.4615420940886187e-05,2.664460608951311e-05,-7.557598167634439e-06,1.0715091961829978e-06,2.417037608655001e-06,2.9890886103646526e-06
2000-05-01,4.350731135560864e-06,6.9612173968837895e-06,-1.361721825173556e-06,-1.5389770651399207e-06,3.996292025607728e-05,3.641710175695379e-06,-3.1665024502856994e-06,9.064109107393923e-06,-1.1602954161208555e-06
2000-06-01,2.5540075668108284e-06,1.3269892528414184e-05,-2.8603343085256016e-06,-3.915808691961722e-06,4.193689906479369e-05,6.469736958795213e-06,-1.967541093624455e-05,2.4171089786346018e-05,4.21376117740503e-06
2000-07-01,7.968349442147258e-06,1.7677102358487145e-05,-1.5783852713346488e-05,2.0625271287222585e-06,5.241107233553381e-05,7.396298440437607e-06,-1.0023057414439423e-05,1.5227757224406376e-05,-3.6096405502016244e-06
2000-08-01,5.237007335392721e-06,1.3519661275639529e-05,-1.1997036223155837e-05,-2.8200490267150642e-06,5.327317736627934e-05,6.332767000639379e-06,-4.060835706479657e-06,1.0723862717988125e-05,-3.110103055750947e-06
2000-09-01,2.4163239088590023e-07,1.463959210997251e-05,-6.421553220577243e-06,-1.0860991276098641e-05,4.424121718435652e-05,3.319427921211066e-06,-9.96665801990467e-06,4.2540464592155745e-06,-2.610565561300256e-06
2000-10-01,-7.259280723630505e-08,1.0449922801676457e-05,-6.19595564243822e-06,-1.4342353324325234e-06,4.8994880438000106e-05,3.609481950246949e-06,-8.0249074366367e-06,-6.365867525838558e-07,4.334617022836649e-06
2000-11-01,8.34703109116633e-06,1.2166075806805418e-05,-9.20929472186654e-06,-1.5211801711636843e-05,3.904441583079699e-05,4.511158563006947e-07,-5.454706457124305e-06,5.237007335392721e-06,1.7644160433242682e-06
2000-12-01,2.2317253123265156e-06,4.334617022836649e-06,3.0857732867099424e-06,1.5018273758991575e-05,2.5089594211626304e-05,3.12605856852048e-06,-2.1432562922980088e-06,4.898610968184193e-06,7.299613764092317e-06
2001-01-01,-2.2033266221204828e-07,1.0197495831694764e-05,5.831478617430186e-06,1.7111145650378388e-05,3.536128702106787e-05,7.829807537625035e-06,1.879693971575603e-05,2.526185758908834e-06,3.757383671825103e-06
2001-02-01,-2.711140747573408e-06,-1.4231183155994812e-06,-4.99359226305663e-06,1.426991969749471e-05,2.507604907162895e-05,2.100001865976283e-06,1.3531200949744952e-05,2.753483835139534e-06,5.8977738896641316e-06
2001-03-01,-1.6409456386538938e-06,3.113372455838126e-06,-9.852088642487718e-06,1.5037050704773291e-05,3.735961594126272e-05,2.620893290671629e-06,3.776325178177651e-06,6.011422927779475e-06,1.1813388078772355e-06
2001-04-01,4.5150439259274096e-06,3.1417847153669616e-06,-3.004734096038054e-06,1.837075582282348e-05,3.185710834584467e-05,6.320351236530536e-07,1.437049143636758e-06,7.4036236446924845e-06,-1.3473522901892479e-06
2001-05-01,4.2119798242864896e-06,1.5917830750167243e-05,-4.2075197494254735e-06,1.006490528722686e-05,4.608217961661561e-05,4.789695768039494e-06,-5.959609087037075e-06,5.736771085667391e-06,-1.2431740052501786e-06
2001-06-01,-3.658216065201305e-06,1.2622008644822165e-05,-1.1386350657044907e-05,9.72982237999097e-07,3.10331528195084e-05,7.072147283522715e-06,-3.014204849214328e-06,6.9016737263497e-06,-2.5053391576357635e-09
2001-07-01,-5.760723270335224e-06,2.392061718412293e-05,-5.770194023511498e-06,-1.9237605040180127e-05,4.292841880891473e-05,5.926186149192967e-06,-2.2381895094704738e-05,2.095627143994762e-05,-1.7640654299455112e-06
2001-08-01,-2.474371918166434e-06,2.1013095959005292e-05,-8.601949223218901e-06,-1.659887145006442e-06,4.414067521547843e-05,7.896102809858981e-06,-2.0686630276150808e-05,4.2593335901678736e-06,-4.652645148710586e-06
2001-09-01,2.507244252556286e-06,1.3767969779151926e-05,1.5885811944572247e-06,-8.355709640635653e-06,4.212340478893102e-05,3.918386475821844e-06,-7.029804195956603e-06,1.328496136716169e-05,-2.2565445951120214e-06
2001-10-01,4.4848426723761796e-08,1.3256549107632854e-05,-3.279385938150138e-06,-2.322839867345967e-06,3.890334870899619e-05,1.437049143636758e-06,-7.98048605965066e-07,1.0102788299931983e-05,-1.5367673537148245e-06
2001-11-01,1.7211717389251297e-06,4.600280704513917e-06,6.627021884237616e-06,6.001952174603201e-06,4.211393403575474e-05,1.584974648391051e-07,6.693317156471562e-06,4.950698572036248e-06,-2.6543162285157365e-06
2001-12-01,-4.192184789139126e-07,-1.4041768092469195e-06,7.327857619282251e-06,6.93955673905481e-06,3.277577140394372e-05,6.740670922352959e-06,-6.181042956157634e-07,7.621450967746897e-06,4.628692964042753e-06
2002-01-01,-3.779588068729257e-06,4.965585805954923e-06,-5.386534912239888e-06,1.5875909111895546e-05,3.0372261163354634e-05,3.925299165155933e-06,1.8531834985238005e-06,1.0572984528310453e-05,1.4057521894238774e-05
2002-02-01,-1.6820995571995901e-06,-6.925586061956688e-07,-1.4207827321616686e-05,1.759280494996217e-05,3.226676691570401e-05,4.145197154267923e-06,1.0243137544642481e-05,1.1909287692914031e-05,1.3101811403098244e-05
2002-03-01,2.479047005996373e-06,1.371099445470614e-06,-4.270129736748293e-06,9.399958562794782e-08,2.550067494302766e-05,1.988505337977337e-06,-6.942736065955449e-06,3.384011807341827e-06,4.1113666944045385e-06
2002-04-01,1.9462172631481034e-06,5.963584371924694e-06,-3.982570827909548e-06,1.8057973773083673e-05,3.187771662727512e-05,-4.735298559869794e-06,-2.3584739804001693e-07,8.82225823038045e-06,-1.1492698143513342e-06
2002-05-01,3.197944278093235e-06,1.3000320023508098e-05,-6.037771264609995e-06,-4.70146810000641e-06,3.4897085170081946e-05,4.424298448140818e-06,-1.4072505482163163e-05,1.2645100194942585e-05,-5.251213072786365e-06
2002-06-01,6.344177045387728e-06,1.5317706524149748e-05,9.955578635803737e-06,-2.8238775775887197e-06,3.2495122519781836e-05,6.513329344704649e-06,-8.752665668646385e-06,8.847631075277984e-06,-5.893991810190623e-06
2002-07-01,-1.0139479748977976e-06,1.6856992447933617e-05,-1.1602881912136298e-05,1.8870139583871846e-06,3.707914983127007e-05,7.5620736004694756e-06,-1.4969012668542781e-05,6.657108799124021e-06,-1.6818647831326223e-07
2002-08-01,-2.9169113422130227e-06,2.054451257304223e-05,-4.887535629255016e-06,3.1389757473993787e-07,2.9924007570164825e-05,6.437210810012031e-06,-2.9389246185309252e-05,2.7851891903532693e-05,-5.775585200668785e-06
2002-09-01,-3.940282753080328e-06,1.5579892588090958e-05,-3.2636735558126863e-06,-3.779588068729257e-06,3.7637352419015864e-05,5.244687099827832e-06,1.709404044104428e-06,1.6138095175836756e-05,-2.358708754467232e-06
2002-10-01,2.969588674015409e-06,1.0530696453481226e-05,-9.573054320333386e-06,1.1934895311878574e-06,2.646484304913404e-05,1.2104047611195563e-06,4.449671293038353e-06,1.2467490280659835e-05,-8.76112328361222e-06
2002-11-01,1.049710076768485e-06,1.2771964419430272e-05,-1.258396524817437e-05,4.449671293038353e-06,3.161553056333391e-05,3.2235518970577374e-07,-7.264125434657578e-06,1.4556755951290675e-06,5.050161955613377e-06
2002-12-01,-3.7288423789341875e-06,-9.60688478019677e-06,-5.893991810190623e-06,2.3775556264062206e-06,2.8240942191961584e-05,2.5720807706206624e-06,-1.618690922362453e-05,1.9673378231560146e-05,6.665566414089857e-06
2003-01-01,3.997747770468886e-07,-1.7885566889840038e-06,-6.026277940662848e-06,8.102354183274633e-06,4.306355450962515e-05,3.8125298014521906e-06,2.9180927339871846e-06,1.28871583014612e-05,9.561241827295221e-06
2003-02-01,-1.4730808946084126e-07,-3.3255990282199713e-06,6.765040509589092e-06,1.308688696701164e-05,3.3928139024448615e-05,4.605617622144021e-07,1.0742246110549983e-05,7.260020245953224e-06,4.559341333510347e-06
2003-03-01,2.4491645626948543e-06,5.827184167004431e-06,3.161240674657279e-06,9.595977247390946e-06,4.065812666799597e-05,-1.1720029822848241e-06,-7.37810231088212e-07,1.6682002946919517e-05,1.8673462760914063e-06
2003-04-01,2.6315255181974287e-06,5.2627335904488425e-06,-5.296834118652551e-06,2.892041168915389e-06,4.259462633833282e-05,5.213487473819292e-07,-4.77580281721663e-06,1.0559885155047408e-05,-3.3169151731960486e-06
2003-05-01,1.7544561607802885e-06,3.7372321197509325e-07,-1.000348354162374e-05,7.818643980998964e-07,3.54391297986128e-05,6.304796193320691e-06,-2.862497698437544e-07,9.170468351218277e-06,-3.785843344488379e-06
2003-06-01,-1.7451374138643358e-06,1.2635326505767176e-05,-1.3763592766986331e-05,-2.5087339718193747e-05,4.129204808474301e-05,5.636139356477921e-06,-8.831163113392907e-06,9.830441333037111e-06,1.7284045957084932e-06
2003-07-01,-7.030748109924939e-07,1.987766159572652e-05,-1.5404841366509493e-05,-8.171190131574073e-06,4.06928620880917e-05,5.453778400975353e-06,-2.3790588306113746e-06,1.1245909701938045e-05,-1.6669827186489497e-06
2003-08-01,-3.811894909560174e-06,2.234387642252323e-05,-2.6355182551687838e-05,-6.113116490902171e-06,4.680629602493988e-05,7.581322881838705e-06,-2.9993717806715375e-05,6.791092074660887e-06,-3.2127089129088535e-06
2003-09-01,-3.0390318124302223e-06,1.5961242979933156e-05,-7.302804629180862e-06,-8.622750592818544e-06,4.838675763929552e-05,6.938717610067737e-06,-6.738354052625287e-06,3.1699245296812155e-06,-3.0824510875498767e-06
2003-10-01,-2.257484860276334e-06,1.6438855006249422e-05,-1.5674040872251384e-05,-1.010768980191092e-05,4.861253786991775e-05,1.198689439248636e-06,4.69828301389326e-06,1.2218501464618437e-05,-5.380815655377854e-07
2003-11-01,2.1365457818332963e-06,8.814430295237064e-06,-1.9188145143429807e-06,-9.829806441145094e-06,3.2217419584733996e-05,5.175895040209527e-06,-3.872681894727701e-06,3.864632931595781e-06,8.947545134110142e-07
2003-12-01,1.8673462760914063e-06,1.9889202464264537e-06,8.771011020117403e-06,8.519179224423372e-06,4.5990013652690264e-05,4.8980116794437005e-06,9.208060784828096e-07,-4.445816326307213e-06,9.691499652654198e-06
2004-01-01,7.32187868269016e-07,3.991416456050807e-06,3.602106924895679e-07,9.801726521219768e-07,3.34838925357067e-05,8.357719971747613e-06,8.473236607721749e-07,1.936685389840548e-06,6.019577723991108e-06
2004-02-01,-1.694520373720691e-06,3.0349037183322356e-06,1.6700636628515122e-05,7.2506450438325975e-06,2.7248846541689355e-05,5.4616119603219425e-06,1.5814976686183123e-05,-3.837817434164151e-06,7.534056225378844e-06
2004-03-01,-3.128908636827564e-07,1.5824214129077428e-06,-1.278298285171744e-05,2.4149417586998267e-06,1.4459916974415146e-05,3.7877146693144465e-06,1.0580726427000947e-05,6.302988905537341e-06,9.73049288236222e-06
2004-04-01,3.4068808941116837e-06,8.561421758483974e-06,-5.272586540742001e-06,1.7099183602564535e-05,4.0064345907233515e-05,3.14118291141208e-06,1.2635838336682236e-06,-2.5801803160527037e-06,-1.9779315552669377e-06
2004-05-01,1.2104442371282947e-06,8.508282161944045e-06,-1.3509224004429693e-05,-2.651033111439262e-06,3.290821357319089e-05,7.197505447292682e-06,3.1592769537296724e-07,5.966438127451179e-06,-4.289504004753472e-06
2004-06-01,-3.1470026791451838e-06,1.0952703602780395e-05,-3.2798516704949857e-06,1.1484480411650511e-06,2.3785916167171198e-05,8.596848156177246e-06,-1.5856222851609513e-05,1.8179688732209586e-05,1.0953084446251358e-06
2004-07-01,-3.5717386079935705e-07,1.0988130000473667e-05,-1.554624187179331e-05,4.13731132500487e-08,3.0127241354268383e-05,8.207157781551169e-06,-7.725864581001665e-06,1.2998578069567339e-05,1.5650890575320765e-07
2004-08-01,-7.858713572351467e-06,2.20677358790471e-05,-1.869033466707194e-05,-1.3925484177325728e-05,3.646856654136556e-05,7.728901412691876e-06,-3.880367195743185e-05,-7.4778797971487046e-06,-8.000038319653634e-07
2004-09-01,-2.296769134506457e-06,1.4672475360574835e-05,-5.3345827367052445e-06,-5.130880949968884e-06,2.5450956858755372e-05,4.815080202419576e-06,-8.655807520450279e-06,-5.795125906717894e-06,-1.2428338031313698e-06
2004-10-01,4.044556052590722e-06,7.525199625955516e-06,4.57595201798993e-06,1.3459121239579975e-05,3.554748020134027e-05,3.0171905194855927e-06,-2.0661167060291217e-07,3.8851372629709625e-06,-4.829756569576008e-06
2004-11-01,-1.791942967377207e-06,9.340802507736142e-06,-5.494001526325004e-06,-6.087393687687455e-06,3.497180123882447e-05,1.6267044100243434e-06,-4.86518296726928e-06,-4.484349192066518e-06,2.9109113264057484e-06
2004-12-01,5.665313747058303e-06,4.5848086174132444e-06,5.621030749941702e-06,-1.0033247752308148e-07,4.0020062910116915e-05,1.901258992147262e-06,1.105012619643691e-05,-1.4376789904444154e-06,2.0606777817670216e-06
2005-01-01,1.0726213468388411e-06,7.520853449203482e-06,5.393516285778947e-06,1.1320261067926676e-05,2.6195066058875644e-05,2.5046420833075043e-06,7.181472812236924e-06,1.4738900167126413e-05,9.375030587752489e-06
2005-02-01,-9.636624749605064e-07,-3.529711193488161e-06,4.400207104413404e-06,-6.968421173153148e-08,1.843069929120167e-05,5.724619346234131e-06,-1.3527085709953452e-06,6.007994856902166e-07,1.125404045583564e-05
2005-03-01,-1.6901512986807973e-07,1.7036550709848496e-07,3.6883355244347698e-06,4.921694424630316e-06,3.619437848462209e-05,9.085315409854205e-06,-8.272762534508618e-06,1.2090075683484966e-05,-2.8296329174625086e-08
2005-04-01,6.808981869224841e-06,2.7612469551602697e-06,-1.3858188770408703e-06,2.570862695398541e-06,2.7304261311400498e-05,-8.623936475428049e-08,-1.1765899822310772e-05,1.0798773747709764e-05,8.712824466842129e-06
2005-05-01,-3.2731063216353954e-06,1.62371415156861e-05,-1.2759209003676309e-05,6.585487303417594e-06,4.2882660305816725e-05,4.3422640688337485e-06,-1.39760127508491e-05,1.6104700291504026e-05,-1.4934273716887998e-06
2005-06-01,-3.306216627680907e-06,1.605503483243575e-05,-1.5788802006841206e-05,-3.216184834634987e-05,4.163274625259842e-05,1.1692752010938753e-05,-1.6086794761250865e-05,-5.13556103669579e-06,-1.0629933930970682e-06
2005-07-01,5.345788735991799e-07,1.4300188612023293e-05,-3.918757289523e-06,-1.1327188267207659e-05,4.603641695665232e-05,6.568932150394838e-06,-2.0275248476008898e-05,3.539339147229934e-06,-7.40167909153266e-07
2005-08-01,-5.375610755525793e-06,2.2536377240845904e-05,-2.1326500692954103e-05,-2.3884271834970363e-05,3.2444636324967175e-05,8.290668064761772e-06,-2.5630840478871447e-05,-7.77610794382585e-06,5.594116031333102e-07
2005-09-01,-5.458386520639579e-06,1.2454289049985668e-05,-5.615660474355796e-06,7.363579495487272e-06,3.8296882918512486e-05,8.91976387962662e-06,-2.5198468590998616e-06,3.1668482042178576e-06,-1.3527085709953452e-06
2005-10-01,3.249623969331657e-06,1.542593901757091e-05,-1.2212888953925266e-05,9.73924395425319e-06,4.555631751899231e-05,4.8803065420734165e-06,3.7793888660599503e-06,-1.0507708192581089e-05,-2.9999462967598674e-06
2005-11-01,4.0213764941710657e-07,1.0956047701425974e-05,-6.716578150369276e-06,7.645017096874174e-06,3.8180996847353175e-05,-3.653874841158853e-06,-5.557717438776141e-06,1.3621427338090177e-05,7.404967378044165e-06
2005-12-01,3.845609478150987e-06,5.87361572343896e-06,-8.330705570088273e-06,5.097461440650361e-07,3.028418885549712e-05,4.7663583801952453e-07,7.746285924291828e-07,1.1477535021642887e-05,6.651707915508631e-06
2006-01-01,8.854212139136654e-07,-4.640849180100176e-06,3.458452709366508e-06,1.3370371288069736e-05,3.728806955336163e-05,7.90599512246885e-06,8.082835775077294e-06,5.8723276174717535e-06,5.624750703819934e-06
2006-02-01,3.4605722345791904e-07,5.317399086967835e-07,3.750239786170442e-06,9.196931886510481e-06,1.3149320472309177e-05,4.386866135560837e-06,-1.0244578342575211e-06,4.802441669190674e-06,1.2212065013484435e-05
2006-03-01,-1.9528712604518437e-06,3.078245306258359e-06,-2.9873890782112356e-06,1.57135099351316e-05,3.4308304556909366e-05,1.964149194825165e-06,1.6014139044565954e-05,1.0125345312704804e-05,-3.818540145470909e-06
2006-04-01,-4.674097785409276e-07,-2.9254948497982807e-06,8.588951160223981e-07,6.0933784332323055e-06,2.8180775944026823e-05,-1.988239390973538e-06,3.0340351431062444e-06,1.4466783334242076e-05,1.5043634980432138e-06
2006-05-01,-4.384430233817936e-06,1.6677291491847617e-05,-8.814288581659424e-06,-1.736453413527764e-05,3.50775613957561e-05,2.194042043216144e-06,-5.569262606294498e-06,4.890861995494896e-06,-1.6964523141696042e-06
2006-06-01,-2.5894976098422324e-06,1.7375812069650967e-05,-1.570223200075828e-05,-1.7523690722625243e-05,3.2884737303411405e-05,5.386015822798535e-06,-2.2130389723075175e-05,2.09037830891894e-05,-2.191606141473243e-06
2006-07-01,-2.8105484256027912e-06,1.9400637542017636e-05,-1.027322396567908e-05,-1.5640337772345324e-05,4.3486334427287556e-05,8.799040418141485e-06,-1.4234454584108203e-05,3.255085958866803e-06,-4.755795604295665e-06
2006-08-01,1.3452069106956166e-06,1.4670150084741788e-05,3.548992560883392e-07,-5.0652667463604395e-06,4.4547378342938215e-05,6.411691607927507e-06,-9.610071518397417e-06,9.170405788619214e-06,-2.7840223277115307e-06
2006-09-01,-2.2867489751952842e-07,1.2185538915593167e-05,-4.939358764321881e-07,-2.143186914527183e-05,4.077183040974796e-05,7.198632512035079e-06,-1.9698830749709082e-05,5.138438909146716e-06,1.2500640769736024e-07
2006-10-01,-2.2446583372557775e-06,5.3506476922768475e-06,-4.561270886426381e-06,-5.993680172554762e-06,3.852595412162073e-05,3.759081818800862e-06,-5.586946671555339e-06,1.0797339792616887e-05,1.0346396128465363e-05
2006-11-01,4.970440289168698e-06,5.686644932232889e-06,3.759081818800862e-06,-6.354083985189382e-07,3.8543638186881576e-05,1.8902016132290927e-08,1.6281519548691235e-06,4.970440289168698e-06,3.325822219910178e-06
2006-12-01,9.296313770657731e-07,4.846651832342789e-06,-1.1573002762351131e-05,8.719462124467683e-06,4.0108677962466294e-05,3.971290601930994e-06,7.410841295165211e-06,3.5557150683011504e-06,7.888311057208003e-06
2007-01-01,7.33015478831102e-08,-9.060139120733134e-06,8.854703818137269e-06,8.45377119778045e-06,3.829880430336586e-05,5.18763716853224e-06,1.1182068785086584e-05,-2.3029576410609523e-06,2.0882682428841743e-05
2007-02-01,2.615801091609255e-06,9.783694036037203e-06,-5.921130068671233e-06,1.2922703088099103e-05,1.569989489739997e-05,6.194858141623762e-06,6.204636986022709e-06,-9.73034802804199e-07,7.17274258151843e-06
2007-03-01,4.796483392574381e-06,9.118732616908833e-06,4.229310417435466e-06,2.3317614684179472e-05,2.8011459995673903e-05,3.6621374422965506e-06,5.657021699681687e-06,1.4839356590292665e-05,5.881935120857464e-06
2007-04-01,2.7527049131945104e-06,8.209300087806779e-06,1.0218494545809377e-06,-5.226832116346023e-06,4.7109543106816856e-05,-1.7162269771241434e-06,7.485665602284728e-06,-4.992139850771299e-06,2.5277914920187336e-06
2007-05-01,2.136637716060861e-06,6.429550407198486e-06,3.535012465110242e-06,2.830935668386085e-06,4.485063005066016e-05,5.784146676867996e-06,1.1035386119102381e-05,-3.857793900493482e-06,1.1978686537619804e-06
2007-06-01,2.0095127388745524e-06,9.705463280845628e-06,-5.803783935883871e-06,-5.5299762927133605e-06,3.7252467952678555e-05,3.583906687104976e-06,1.0316282989798845e-06,-9.293880689898565e-08,-1.843351954310452e-06
2007-07-01,1.0165068967596128e-05,1.8037038708748247e-05,-7.603091305290072e-06,1.787079835396615e-05,4.664993742006636e-05,6.625127295177408e-06,-8.39517770160475e-06,-2.591791616810815e-07,-8.850252032136777e-07
2007-08-01,6.233973519219549e-06,1.1553664872246562e-05,-1.824247401134411e-05,1.2766241577715954e-05,3.155140166809262e-05,1.9899550500766724e-06,-5.0312552283670865e-06,1.2247962824571786e-05,-2.494003172821347e-07
2007-09-01,4.874714147765956e-06,8.874261506935162e-06,-8.590754589583686e-06,-1.628217377533622e-06,4.834167750108415e-05,3.300320199535532e-06,-9.167706409121549e-06,1.8770452038669244e-05,-2.0050609528740062e-07
2007-10-01,2.9821496905888694e-07,9.754357502840362e-06,4.170637351041785e-06,2.713589535598723e-06,4.782339874793997e-05,5.32907234633597e-07,-8.315996250003884e-08,3.857714330275487e-06,-1.3544097343631112e-06
2007-11-01,3.994618151860742e-06,8.766694218546747e-06,-2.0389288422893883e-06,9.685905592047734e-06,1.5562991075814716e-05,-4.0586182766528373e-07,-7.4075144173111354e-06,9.089396083711992e-06,3.310099043934479e-06
2007-12-01,8.067148778041078e-07,-1.1490540019852281e-06,8.717799996552013e-06,1.6120385206554684e-05,2.9380498211526443e-05,4.057822574473019e-07,-6.449187666214361e-06,3.6034643759028697e-06,7.691021334662611e-06
2008-01-01,3.72169230061612e-06,-4.806225326141278e-06,7.402510286946902e-06,1.4391928710428959e-05,2.409439949237505e-05,5.334635013727359e-06,5.897097088043078e-06,1.749374162025827e-05,7.774727836126421e-06
2008-02-01,5.946726094600346e-06,4.184896361817296e-06,-8.900618367115968e-06,1.7237325086379045e-05,4.735386056554846e-05,1.8936905590900442e-06,1.1215672290763743e-05,1.3159475047590112e-05,4.110452851981391e-06
2008-03-01,1.4635725022603773e-06,-2.5481055277855354e-06,-3.313432348941818e-07,8.659778453064386e-06,4.108406273714681e-05,-1.2246653529250252e-06,5.144390488591166e-06,8.750764965086042e-06,8.064230374377157e-06
2008-04-01,3.7713213071733878e-06,4.4578558978822735e-06,-3.8550027004602874e-06,4.871430952526182e-06,3.280429014317576e-05,6.77779898436949e-07,-4.0700617288751175e-06,1.4921304780373162e-05,-1.9072771631525707e-07
2008-05-01,-3.234640118494421e-06,1.636054597053396e-05,-1.4492153105901617e-05,-5.831891461658167e-06,5.319354033712045e-05,3.506633272201283e-06,-7.651621702091363e-06,5.806110576021414e-06,-1.1628420647935176e-07
2008-06-01,4.3790636674348156e-07,9.53655756890947e-06,-4.450550779147516e-06,8.692864457435895e-06,5.543511713329043e-05,2.2907226115481945e-06,-7.0064446168468665e-06,-1.4109870975798913e-07,-7.449182895380904e-07
2008-07-01,3.260281319245208e-08,9.743345096231429e-06,-2.3069699739216276e-05,-1.1067751653450047e-05,4.342489754643133e-05,6.558817175473333e-06,-1.0869235627220975e-05,2.2886760332814837e-05,2.3817091235698513e-06
2008-08-01,-3.61512916876682e-06,1.712979557217163e-05,-1.3673274497706679e-05,-1.203551728131679e-05,3.340810972295587e-05,1.1575269618238838e-06,-2.250331488441921e-06,7.667198321919006e-06,-3.565500162209552e-06
2008-09-01,-3.441427645816379e-06,1.420168418529276e-05,-3.342169632701836e-06,-4.59943779881932e-06,4.459945070162003e-05,4.482670401160911e-06,-4.057867447300871e-07,7.460410794597049e-06,-5.629452654947769e-07
2008-10-01,2.315537114826832e-06,1.5798083896218247e-05,-1.143996920262956e-05,7.63411231754749e-06,4.404526012839719e-05,2.7621981738422502e-06,1.7321833177138358e-07,8.80866547273619e-06,-6.952892829808225e-07
2008-11-01,1.447029500074619e-06,4.217982366188806e-06,-2.366132503742215e-06,1.0669753218633782e-05,4.6841027497790016e-05,-7.0560736234041345e-06,4.879702453619061e-06,-4.5541575128735506e-07,2.0177630754832174e-06
2008-12-01,2.0839350842262436e-06,4.929331460176329e-06,1.0876540745955733e-05,1.0744196728469687e-05,4.0215555122394606e-05,7.683741324104765e-06,-1.8532994359837706e-06,1.0247906662896994e-05,4.763901438318767e-06
2009-01-01,-1.8470337005567744e-06,1.0161479670744442e-05,-9.815374351999818e-06,1.928186957299852e-05,3.281844827002827e-05,1.8811256805400763e-06,8.529409898762128e-06,1.033089426470835e-06,2.0891345730476244e-06
2009-02-01,1.9931304688133714e-06,2.2971434655551725e-06,2.032191403553627e-05,1.8489835713065935e-05,2.8474262553428297e-05,5.689288481832131e-06,1.814582100622652e-05,5.649286771734526e-06,4.977258042094748e-06
2009-03-01,1.5451113157201842e-06,7.55336817238055e-06,1.321101739173594e-06,1.149753678800447e-05,1.9473877781467034e-05,-6.955036066912264e-09,1.6745761152810325e-05,1.5931133678373106e-06,1.2010966088807777e-06
2009-04-01,1.0010880583927507e-06,2.2091397033404406e-06,-1.0991424628869417e-05,-1.6470251500687406e-06,3.810667434493173e-05,-3.1510894497387173e-06,2.4171485958479887e-06,7.201353123521622e-06,2.6811598824921844e-06
2009-05-01,5.073262146329001e-06,1.717777962186447e-05,-1.6807673277061283e-05,5.850702733776477e-07,4.992317950776444e-05,2.8171656968240428e-06,-9.75937195786317e-06,-8.431315182622658e-06,7.450771137680761e-07
2009-06-01,2.921170143077817e-06,1.980989214628692e-05,-9.519361697277538e-06,-1.4311566566970693e-05,2.9866322064824976e-05,7.63337159257576e-06,-1.2823502951339758e-05,1.0777506006247565e-05,-3.143089107719196e-06
2009-07-01,4.057218709849817e-06,1.465767188571531e-05,-1.7271693114193506e-05,8.865424263582014e-06,3.681861927978884e-05,9.497451283124186e-06,-1.3631537495311387e-05,1.3257612032299114e-05,-2.7430720067431354e-06
2009-08-01,-1.5030189937173611e-06,1.7353787146293934e-05,3.6091995567566365e-06,-1.811172902624322e-05,4.2882878530585845e-05,5.961300110495848e-06,-9.583364433433707e-06,1.0721503612110918e-05,2.8731680909606903e-06
2009-09-01,6.0413035306910586e-06,1.603373071307295e-05,-4.7111561435453416e-06,1.5931133678373106e-06,2.2418003644650805e-05,5.649286771734526e-06,1.4171058434078469e-06,-7.48727482431917e-06,1.2090969509002988e-06
2009-10-01,2.849167064902127e-06,2.0969941739117483e-05,-1.3847546729838456e-05,1.4731082375444944e-06,3.213041885634946e-05,3.1211786935658506e-06,2.561154752199368e-06,-8.959337755911049e-06,2.9851728792339854e-06
2009-11-01,-4.295138358530232e-06,8.281399296156975e-06,2.729161934609311e-06,-9.063342202164823e-06,4.6147018074550466e-05,-1.5670217298735298e-06,-5.95920949859063e-06,-4.023126729866515e-06,2.3851472277699044e-06
2009-12-01,-1.807031990459169e-06,6.7453336284089204e-06,-6.207220101195784e-06,1.0169480012763963e-05,3.435451393777633e-05,5.577283693558836e-06,3.92921323753748e-06,-1.2407485166324662e-05,1.5209695485062271e-05
2010-01-01,-2.708028431472971e-06,2.2690621422437144e-06,-8.465355976316866e-06,2.3023365574227323e-05,1.6658274493979086e-05,3.4845892130524087e-06,-5.648289859510225e-06,4.560494931133082e-06,1.2559977140374093e-05
2010-02-01,1.6695116275880744e-06,-5.98502371020723e-06,6.802649595530202e-06,1.6066937000072155e-05,4.225004714695136e-05,5.053276176055526e-06,2.3922574534743246e-06,1.6600783348738134e-05,1.1328024028067981e-05
2010-03-01,3.829536084498123e-06,-7.110207552780143e-06,5.644613669962457e-06,-1.4230896541909462e-05,2.7614444172754763e-05,4.798672532845593e-06,8.330271454789778e-06,-3.6689518590717394e-06,9.221267394557009e-07
2010-04-01,1.7762808973212702e-06,9.250129778645009e-06,-2.8312237427035846e-06,1.2026130791708111e-05,4.620872314782832e-05,1.488825171116512e-06,-9.450918466161754e-06,1.4005468792146594e-05,-5.943958606463692e-06
2010-05-01,8.814839678963517e-06,1.2732450576096947e-05,-2.0522070435419336e-05,1.0925586011381318e-05,5.4126075149582266e-05,3.542080358293361e-06,2.006245478285076e-06,5.932069396167215e-06,2.3101272459872522e-06
2010-06-01,3.813110043000705e-06,1.528670002894495e-05,-9.393427320920798e-06,7.270791778206523e-06,2.937203061297815e-05,5.677465752957286e-06,-5.697567984002465e-06,1.2026130791708111e-05,-1.7881701076177405e-06
2010-07-01,9.878309054453588e-07,1.6756830742963576e-05,-2.6336889125504172e-05,1.810376614575159e-05,3.5679630547985436e-05,5.644613669962457e-06,-3.0982637285041127e-07,2.5072397439562292e-06,-3.077614365164805e-06
2010-08-01,2.1048017272695663e-06,1.0457443828704998e-05,-1.7220436094438956e-05,3.377819943319213e-06,4.123163257411164e-05,3.5667194205394844e-06,5.151832425040013e-06,1.644872565341951e-06,-4.079602896507111e-06
2010-09-01,-7.943945970241499e-07,3.2546246320886027e-06,-1.0407852194853703e-06,-1.4534778309611632e-05,2.8714988953081556e-05,1.809132980316099e-06,-1.574631568151349e-06,7.804638126872505e-06,-8.436727215163899e-07
2010-10-01,4.158056914446419e-06,9.21727769565018e-06,-6.75704766058572e-06,1.0712047471914927e-05,3.946583311313955e-05,-9.011638667573457e-07,4.84795065733784e-06,-2.7573065559652178e-06,2.6304350551868394e-06
2010-11-01,-6.547732442961185e-07,1.2592829223368922e-05,-1.783641265059201e-05,9.003739156183785e-06,3.98600581090775e-05,2.5893699514433016e-06,7.1229574047297895e-06,6.030625645151705e-06,5.554270441726676e-06
2010-12-01,1.275286631650117e-06,-4.987258500706827e-07,6.5644719938176874e-06,1.6576144286492014e-05,3.8570613851530443e-05,5.981347520659462e-06,8.527383952758755e-06,6.1291818941361956e-06,7.065466259488837e-06
2011-01-01,2.5246132132166057e-06,-5.735019283153482e-06,8.837815920483077e-06,2.2327420632792416e-05,3.947292825333114e-05,7.898451978785255e-06,1.6200398166222806e-05,1.5218720533457507e-05,4.149458950207432e-06
2011-02-01,2.7446444067674486e-06,8.066773558773258e-07,-1.0728034829114903e-05,1.059806546888982e-05,4.485522975711328e-05,-2.6968962645091587e-06,6.75598231996357e-06,5.977410404322126e-06,3.895576803802613e-06
2011-03-01,2.7615698831944365e-06,5.66428909042285e-06,-1.1736033860802465e-06,1.6902805437942804e-05,3.51992454555167e-05,6.543480680344345e-07,1.657275864761654e-05,8.5246946065838e-06,4.9788072951298395e-06
2011-04-01,-4.796588525737421e-07,2.9562128621047907e-06,-7.825315621886483e-06,6.451323744277788e-06,3.5833950821528744e-05,-4.364055692567461e-06,-1.7500027688795963e-07,-1.4867246999795297e-06,4.5124235091059315e-07
2011-05-01,6.543480680344345e-07,1.1952103583048846e-05,-6.235254022031461e-07,-4.592549624331805e-06,3.99383788550733e-05,1.3652180779679269e-06,-3.2131232955322832e-06,1.2028268226970292e-05,-2.2991475684749495e-06
2011-06-01,4.098682520926468e-06,1.141048833738524e-05,-1.2090535681487423e-05,1.4617866120299442e-05,4.1918659597030885e-05,8.389290795167904e-06,-9.281839778889285e-07,-1.419022794271578e-06,-1.833696966732775e-06
2011-07-01,3.819412159881174e-06,1.5963441496244975e-05,-1.3038362361398746e-05,1.1545892148801143e-05,3.85504897880603e-05,8.77857675298862e-06,-6.572830366289377e-06,5.27406994832032e-07,-1.072050527518319e-06
2011-08-01,-9.535721925294036e-07,1.7080522940426177e-05,-1.0296435180226718e-05,-1.3715381418478263e-05,5.1820063306818794e-05,4.394878358398763e-06,-1.794675052522524e-05,1.8713831415630504e-05,1.551398318664794e-06
2011-09-01,1.289053434046488e-06,1.7486734374673887e-05,-1.906383196940643e-05,-9.983313866327435e-06,5.5484428953261663e-05,1.7883549886426247e-06,-1.3444573795646456e-05,9.489446762922112e-06,2.8038835742618995e-06
2011-10-01,4.267937285196347e-06,1.4372446712108118e-05,1.0182458112146815e-06,7.957691146279712e-06,4.500755904495617e-05,-4.685639744680232e-06,5.781834241129957e-07,1.4363983973894624e-05,-5.558234964951945e-07
2011-11-01,1.2805906958329873e-06,3.0239147678127424e-06,-5.692705592086019e-06,8.997674762257661e-07,3.475072033020152e-05,-7.089057397312515e-06,1.0521900824968374e-05,8.956294255471992e-06,6.9336998224469435e-06
2011-12-01,-1.461336485339041e-06,5.351167776523574e-06,-3.407766274442651e-06,4.707999672298033e-06,2.7912827853698414e-05,9.42174485721416e-06,1.4660179811366912e-05,1.1791311556992461e-05,4.877254436567912e-06
2012-01-01,-3.52957200600559e-06,2.909819477773395e-06,5.278945528513666e-06,6.891020021686551e-06,3.239920426725089e-05,1.5827526298023523e-06,5.76880241870432e-06,3.3729569012263822e-06,9.43827585067796e-06
2012-02-01,1.7697888969660529e-06,1.006173007455698e-05,-6.896224814952282e-06,2.384336631932517e-06,2.4018198200534394e-05,8.14683495835714e-06,-2.0291584139438574e-05,7.4343158453525545e-06,7.193840644713505e-06
2012-03-01,-2.006562401958277e-06,-5.043675121140347e-06,6.312098242370324e-06,1.9033862306544182e-06,3.899000606254335e-05,-5.102722646486318e-07,-5.791820189795163e-06,1.1558020211866618e-05,-2.5053257810614876e-06
2012-04-01,5.955838685868021e-06,4.138914947706323e-06,-1.115352651515471e-05,2.5104789847866394e-05,3.391330738238564e-05,-1.1693524441778753e-06,-3.0753410714651588e-06,2.2655505396913114e-05,3.007790855811537e-06
2012-05-01,-4.301138644356153e-07,1.1584739678604292e-05,-1.2222305184661592e-05,-5.1149270324408075e-06,4.4262647498777323e-05,3.916252724892386e-06,1.0839892506991417e-06,1.1032537366025733e-05,-2.1045337799964053e-06
2012-06-01,1.5204072074144476e-06,1.5467968844479306e-05,-6.691375569963456e-06,1.2443060511251747e-06,3.831311290518899e-05,3.7915618801165763e-06,-7.418409763751253e-07,-7.074354593203426e-06,-2.3984479141108035e-06
2012-07-01,7.09916716371727e-07,1.7730217028268886e-05,-1.4270797634549783e-05,1.2332884747259108e-05,4.343434402990949e-05,6.107248997381498e-06,-5.293056810691952e-06,-1.1248199996150959e-06,9.592984059233323e-07
2012-08-01,-1.3207627556913523e-06,2.0811862192013735e-05,-2.854789936137927e-05,6.921037385466153e-07,3.8455616727789914e-05,4.432829081820708e-06,-2.353354610360947e-05,1.3953865729344556e-05,-1.3742016891667012e-06
2012-09-01,4.067663036405863e-06,1.2840554615274881e-05,-1.5197072481455757e-05,1.9568251641297534e-06,5.365899330152536e-05,3.0256038336366487e-06,1.4313423182888752e-06,1.6483308580510853e-05,7.455426720219505e-07
2012-10-01,-2.9651653074726355e-07,8.503094514859436e-06,-2.754707470613093e-06,-5.533532011331002e-06,4.225868749345191e-05,2.651531299309234e-06,-8.998156198315822e-06,9.758909451530025e-06,2.1115333726851645e-07
2012-11-01,4.575332904421629e-06,8.031050602493893e-06,-7.555304994481525e-06,9.058594724479835e-07,3.043087021757571e-05,4.931592460923932e-06,4.797995127235567e-06,8.894980027011963e-06,6.329911220195436e-06
2012-12-01,6.000371130430814e-06,-1.6324898676308623e-06,1.3374943950028322e-05,1.171833701229265e-05,2.7571887276644793e-05,2.6337183214841223e-06,-2.3417110835935884e-07,1.426559284128406e-05,1.1914279768368914e-05
2013-01-01,3.396386802417061e-06,-1.3582722758265624e-06,6.225006016762001e-06,2.2769607860209743e-05,1.3800225565150153e-05,5.00813564249965e-06,1.430053217516309e-06,1.3655832639130025e-06,7.063115413604946e-06
2013-02-01,2.6146886149770103e-06,5.758263322725395e-07,-1.5758583692377127e-06,9.626460538923585e-07,3.654200169871543e-05,9.367916254923042e-06,-1.6725632996426691e-06,4.82278452589015e-06,9.79502969754493e-06
2013-03-01,1.131879682101034e-06,2.131163962952235e-06,-1.1826580992162954e-05,1.2535002725685327e-05,2.3567423536050622e-05,4.75831457228685e-06,4.25061368766083e-06,7.4982876004272466e-06,4.983959409898413e-06
2013-04-01,6.725312626774959e-07,3.96855764064638e-06,-3.9122297177701144e-07,-6.129048842471017e-06,3.1239348014843726e-05,4.25061368766083e-06,3.823500245038949e-06,1.272035384229482e-05,-1.03592250781005e-06
2013-05-01,3.3722105698158234e-06,1.0891018908801087e-05,-1.6524828861003697e-05,1.0657315326989112e-05,5.21034367497128e-05,8.659411234874021e-07,-3.0257678557246747e-07,1.518699403720853e-06,-2.405909021880245e-06
2013-06-01,2.042517776747691e-06,1.3614874448540659e-05,-1.986114895997465e-05,1.5460326870435217e-05,3.481743043982707e-05,9.021390254305285e-06,-2.583201394289326e-06,7.071174157805358e-06,-6.974552513927057e-07
2013-07-01,4.581022199877762e-06,6.482885831175214e-06,-1.1270527642334466e-05,6.241123505162826e-06,3.2569040807911865e-05,5.89459750454507e-06,-2.4616557616958016e-07,1.2954057424106796e-05,2.937702852580894e-07
2013-08-01,7.989870996652435e-06,1.2164300492466326e-05,-1.349474104164843e-05,1.3582639471739002e-05,3.6848233978331126e-05,8.231633322664822e-06,-2.610667571529467e-05,1.8974603811402596e-06,-3.0257678557246747e-07
2013-09-01,-4.798691579815554e-07,1.7442777943736797e-05,2.3568088005637976e-06,-8.03091247376847e-06,4.227982756940944e-05,5.427190340921119e-06,-9.610426337049402e-06,-3.4938394889359896e-06,-1.5436233924360628e-06
2013-10-01,-4.0901865597665465e-06,1.2768706307497295e-05,-4.686533630597103e-06,-6.088755121468955e-06,3.736399360715755e-05,2.7033348011815543e-06,-4.4763418117990553e-07,2.5099249403716414e-06,1.325954012498264e-07
2013-11-01,2.888685917791048e-06,8.384749462472666e-06,-1.4429555368896332e-05,1.458192375259021e-05,4.390769389789285e-05,-1.8659731604525753e-06,-8.885139359012239e-06,1.832990427536953e-06,-2.712141301495939e-06
2013-12-01,2.9692733597951794e-06,8.095299140845148e-07,1.1399384263014465e-06,1.08990776530015e-05,2.7927204148474013e-05,1.8249316833365405e-06,-1.7363687836586113e-07,1.5951910266660405e-05,9.762794720743273e-06
2014-01-01,9.206336716066806e-07,-4.929120227467745e-07,-1.8370812413037399e-06,1.0067426777765468e-08,2.3034385331737367e-05,5.421432538903865e-06,5.7943310963099885e-06,1.153523446846941e-05,9.549332848794926e-06
2014-02-01,-2.1839636202861882e-06,-1.8110650628800647e-06,-3.84032697992735e-06,3.262089729738163e-06,3.169777274682386e-05,4.849076613582835e-06,8.500013652373032e-06,3.045288242874131e-06,7.0084194227485375e-06
2014-03-01,4.2632628155668995e-07,-1.030579710169566e-06,-5.080431484789574e-06,1.783114964700073e-05,8.786191615033553e-06,-4.929120227467745e-07,-1.819737122354614e-06,-1.8392042778240798e-05,6.76560175746083e-06
2014-04-01,7.5027268127985145e-06,8.508685711847594e-06,-9.876080374221843e-06,1.5220859745157852e-05,2.8454422503338023e-05,9.032895526575547e-07,4.736339840413545e-06,7.329285623307297e-06,3.7303809413644513e-06
2014-05-01,8.078968984373764e-07,9.514644610896674e-06,2.585669090722392e-06,4.294064807210918e-06,4.130641464463751e-05,4.484850115651261e-06,2.351523484909248e-06,1.2523849248569365e-05,2.1867543548925933e-06
2014-06-01,-3.0771857461659775e-06,1.5827903908377126e-05,-5.383953566399208e-06,-4.005096109944005e-06,4.7741082774761806e-05,5.915739928953842e-06,6.349342902681892e-06,-3.3026592925045588e-06,-5.06369895441613e-08
2014-07-01,3.027944123925005e-06,1.756231580328934e-05,-1.4663057204179536e-05,-1.22001923134042e-05,5.4080358250665946e-05,9.254482826659855e-06,-2.797466849763076e-05,2.2618126476958436e-05,-2.8256960214037075e-06
2014-08-01,3.916380436584519e-07,1.6816518688477087e-05,-1.1402362841744589e-05,-1.3830539494621687e-05,5.536382305290098e-05,4.467505996702149e-06,-1.532213372424618e-05,1.9526087490794356e-06,5.342772415056643e-08
2014-09-01,1.1721233963689505e-06,2.0085885110386603e-05,-7.395871364497382e-06,3.600300049246035e-06,4.05519454703507e-05,7.190532671714318e-06,4.363441283007408e-06,1.3789969931855278e-05,2.75043822073906e-06
2014-10-01,-4.2826020131299635e-06,9.835510811455434e-06,-8.852777356223638e-06,-1.0361715704797258e-05,5.708956288833863e-05,-2.6609268913870395e-06,7.77156065650991e-06,3.912494190330232e-06,3.496235335551307e-06
2014-11-01,2.5683249717732798e-06,9.479956372998436e-06,9.566676967744052e-06,1.053794762889488e-05,4.4601797244970706e-05,-2.5742062966414375e-06,4.562898650922314e-06,-4.837613819501867e-06,6.245278188987165e-06
2014-12-01,3.6436603466188494e-06,-9.61591858998501e-06,4.614931007769678e-06,1.1136319732639598e-05,3.158503597365457e-05,-2.3140445124046047e-06,-1.2040208996607835e-06,7.77156065650991e-06,3.869133892957431e-06
2015-01-01,-1.933914284875805e-06,9.970844034324678e-06,-1.2843033119557714e-05,1.0417165182557139e-05,2.199576573958774e-05,2.9241197516544624e-06,-1.6935875127506336e-06,9.730517262199507e-06,3.5678521769897422e-06
2015-02-01,-4.105438333006816e-06,5.8595396111833456e-06,-7.804754003933571e-06,8.855041163743518e-06,9.267029915958102e-06,-1.0155226913974644e-06,7.3100833429388425e-06,1.5017706248953283e-05,5.713626928107346e-06
2015-03-01,4.142919810289257e-06,4.992646611731832e-06,-4.508843986216924e-06,-3.0497171554569585e-06,1.0417165182557139e-05,6.753478124832038e-07,2.984201444685745e-06,1.3850404784345309e-05,2.194556336274466e-06
2015-04-01,8.813421885904994e-07,6.271528363397923e-06,-2.3630692350993203e-06,4.743736740602192e-06,2.8604751973029966e-05,3.6536831670344453e-06,1.91131406912695e-06,4.683655047570896e-06,-6.053801807021607e-06
2015-05-01,3.387607097895867e-06,1.149863565712041e-05,-1.0371100606270235e-05,-8.49140192429121e-06,2.3506391164374534e-05,6.391691749460509e-06,-3.942359451921879e-06,2.3901213718580173e-05,1.4049112278631868e-06
2015-06-01,6.554770630545446e-06,1.8339365563683344e-05,-6.946444103486527e-06,-1.0062109042109299e-05,4.424315835917509e-05,6.305860759415799e-06,2.2203056332878863e-06,1.1129562399928184e-05,-3.444539709662598e-06
2015-07-01,6.581816144742659e-07,2.014181635462213e-05,-1.8791120729655714e-05,-9.813199170979658e-06,2.7669194181542694e-05,7.507494620041662e-06,-1.265420494145937e-05,2.700959177538229e-06,1.8254830790822468e-06
2015-08-01,-1.418928344607573e-06,1.3163756863987678e-05,-1.0748756962466923e-05,-1.8395001958266329e-06,3.2321233841965666e-05,6.331610056429219e-06,-1.9812509511187696e-05,5.816624116160987e-06,-7.796170904929102e-06
2015-09-01,-7.186770875611698e-06,2.6458977221912362e-05,-1.3349435960821463e-05,-3.2029167203535727e-07,3.384044236575693e-05,4.220167701329491e-06,-1.0062109042109299e-05,1.1593049746169588e-05,-2.2514889480412104e-06
2015-10-01,6.324323174608591e-07,1.772138243536147e-05,-2.773761770130125e-07,-1.0954751338574219e-05,3.122259716939345e-05,1.0787534656933124e-06,-2.088410066956273e-06,4.614990255535131e-06,-9.554409983661682e-07
2015-11-01,-9.897733943840575e-07,4.065671919249023e-06,-9.71310979191374e-08,9.653269371159273e-06,4.342776395375039e-05,-3.985274946944237e-06,9.653269371159273e-06,2.778207068578463e-06,-1.0326888894064023e-06
2015-12-01,1.2332492477737806e-06,4.237333899338429e-06,-1.5924365662162596e-05,-2.7750579873138978e-06,3.427818041498492e-05,6.520438234527563e-06,6.983925580768968e-06,-4.594674976261641e-06,1.2820432903808859e-05
2016-01-01,2.5937654456714807e-06,6.6330998110696154e-06,7.230921297148539e-06,1.782434951634013e-07,2.8833281483297737e-05,4.427623247562239e-06,9.134023496658691e-07,1.834716947072419e-05,8.59621631265311e-06
2016-02-01,-4.5189266583870813e-07,2.3837200586707775e-06,3.6197563744826123e-06,1.1173311637777117e-05,2.4406171018821388e-05,3.4662616685974856e-06,1.245781996597372e-05,2.5776081082098912e-06,9.105172442693271e-06
2016-03-01,1.1205626312700296e-05,6.423054424068912e-06,-1.881817031189643e-06,-2.956279972385543e-06,3.211322098800102e-05,4.152948510715165e-06,3.361238975097134e-06,9.492948541771492e-06,7.432888015418448e-06
2016-04-01,5.841390275451585e-06,2.084809315631319e-06,-1.195130189071957e-06,-1.561555387354328e-05,3.224247968769376e-05,1.1880770865129435e-06,-3.9661135637350715e-06,1.9114643000149836e-05,4.047925817214813e-06
2016-05-01,6.285717055645375e-06,1.03412087585051e-05,-3.828776195311534e-06,-1.6843511520624307e-05,3.995760832560419e-05,5.170860770795495e-06,-4.2246309631205564e-06,-7.3349184244771165e-06,-2.423087836152997e-06
2016-06-01,2.836125507595376e-06,1.0720906188852525e-05,8.361934919460016e-06,8.612373650114699e-06,4.245391696342023e-05,6.851223866801113e-06,5.647502225912471e-06,1.0179635383889171e-05,-3.198640034309425e-06
2016-07-01,-1.3001528825723154e-06,1.5091465972213297e-05,-1.0340183192333318e-05,-1.0978398022066236e-05,4.730111820189799e-05,4.686140646947717e-06,-7.553042480208614e-06,1.1124839625392335e-05,4.621511297101346e-06
2016-08-01,-1.4051755760726602e-06,1.8524900182801714e-05,-1.323234659795838e-05,-1.4778835946498262e-06,4.938541473444342e-05,5.736367581951233e-06,-1.6964691551586255e-05,1.7535838976686816e-06,7.195143001267554e-07
2016-09-01,2.230225352785651e-06,8.426564269306387e-06,-5.95346607151095e-06,-1.9315584152247963e-05,4.959546012144412e-05,3.030013557134483e-06,-4.43467635012126e-06,1.6970332165531051e-06,-9.770061333404592e-07
2016-10-01,-2.9724373098471323e-06,7.974158820381795e-06,-3.2309547092326173e-06,5.902556004340129e-07,5.0136730926407476e-05,5.211254114449475e-06,-2.966435879639798e-05,9.864567303388123e-06,-8.800621085709091e-07
2016-11-01,-2.520031860922547e-06,4.726533990601698e-06,1.1932706498471962e-05,9.638364578925824e-06,4.197727550830325e-05,7.32208016630565e-08,-3.5137081148104864e-06,3.337002968904743e-06,6.826987860608729e-06
2016-12-01,6.423054424068912e-06,1.2142751885472665e-05,-1.3127323904458036e-05,9.93727532196529e-06,3.7267411638249035e-05,2.8280468388645815e-06,3.7086217305213676e-06,2.4725854147095465e-06,1.80205591005345e-06
2017-01-01,8.896224652878891e-07,6.7180523098105485e-06,3.86738724566706e-06,-5.111299851268936e-06,4.337724189264932e-05,7.162901316635486e-06,1.0721693371234988e-05,1.933655848652537e-06,3.204653011009502e-06
2017-02-01,3.9938070266448255e-07,2.0989534732847335e-05,3.041239090135033e-06,1.3408944514504e-05,3.0440306490087345e-05,2.3694263043177782e-06,-1.5071150408709649e-06,1.6568280318077027e-05,7.181058418954866e-06
2017-03-01,6.799759270247776e-06,5.465212249772963e-06,8.170620495361362e-06,1.3953657584085559e-05,3.2119838454630475e-05,3.2863599714467296e-06,6.999487395761017e-06,9.41438200423925e-06,1.7066920696602199e-06
2017-04-01,1.797477581257144e-06,5.8465113984800524e-06,-2.151692173209144e-06,9.559638822794333e-06,2.0290486293550998e-05,2.9043808874816546e-07,8.052599330285362e-06,5.192855714982177e-06,4.058036820020605e-06
2017-05-01,-3.931088200508895e-06,3.4225382388421225e-06,-8.261557103682272e-06,1.3354473207545842e-05,3.522470295124535e-05,5.292719777738798e-06,-1.2873461092806118e-05,1.0721693371234988e-05,-2.9415261241023987e-06
2017-06-01,3.7039733247925914e-06,1.6368552192563792e-05,-1.9146739944153715e-05,-2.387734503361144e-06,3.4153433914401626e-05,3.1229460505722607e-06,-2.1053235687689163e-05,1.6749851341270882e-05,1.933655848652537e-06
2017-07-01,4.992447654211032e-07,1.7739413417677378e-05,-2.3577072910083713e-05,-2.932447572942702e-06,3.3835684623812384e-05,8.960454446254617e-06,3.5677950573971984e-06,8.343112967395513e-06,2.1061483206866888e-06
2017-08-01,7.017644498080397e-06,1.2510167949694429e-05,-1.2537554699897498e-05,-3.0777043914977917e-06,3.108488362242552e-05,6.808837821407473e-06,-2.2596589384836914e-05,1.2673581870568898e-05,-3.722961459093929e-07
2017-09-01,-3.3598194127062054e-07,1.811163401522477e-05,-1.7957449742233978e-05,2.3603477531580817e-06,3.069450592255874e-05,3.88554434798644e-06,-1.4180772459801856e-05,1.2436859605158892e-06,-1.5434292455097372e-06
2017-10-01,-3.1049400449768675e-06,3.0775532947738054e-06,-7.689608380621638e-06,7.553279016502259e-06,3.59055942882223e-05,2.7779611065039436e-06,-7.263596411374065e-07,-2.294157432890523e-05,1.6068280069035993e-06
2017-11-01,2.814275311142716e-06,7.317236686350259e-06,-4.903173109853929e-07,5.637704721807115e-06,5.203817969899607e-05,2.678097043747323e-06,9.387146350760168e-06,8.007206574486893e-06,5.374426738176039e-06
2017-12-01,9.003002797696585e-09,5.8192757450009765e-06,-1.53519055594022e-05,1.8892389414958336e-05,2.9959143278623634e-05,4.629985543081239e-06,4.493807275685846e-06,2.4965260205534747e-06,9.58687447627341e-06
2018-01-01,-6.256568341702154e-06,6.0083545323360524e-06,6.255872112953387e-06,1.1129407924418814e-05,4.095954393330088e-05,5.64988079489027e-06,-4.014972967541895e-07,1.1982916823099273e-05,5.8717931085471784e-06
2018-02-01,5.530389549075e-06,-5.488410332889736e-06,1.226457475966383e-05,1.2366995827505482e-05,1.7206391283023686e-05,-6.148745214243026e-07,1.2042662446006908e-05,1.1923171200191645e-05,5.001214031893122e-06
2018-03-01,5.018284209866726e-06,3.473433103255095e-06,-4.3563765270141137e-07,7.075240655686631e-06,1.810257562663817e-05,7.570275816921301e-06,1.620778587156755e-05,3.239852671241977e-07,4.497643781671643e-06
2018-04-01,7.4507845711060315e-06,1.1095267568471599e-05,-8.879973690020506e-07,5.325547413391696e-06,2.895920881785362e-05,2.983800001637847e-07,-8.883203361185208e-09,5.64988079489027e-06,4.84758243013063e-06
2018-05-01,3.34540676845303e-06,1.245234671737353e-05,-1.0677744436866934e-05,-9.841305716160072e-06,4.299943020114718e-05,3.541713815149525e-06,-2.051870203865263e-05,1.6895995050129377e-06,-2.3816379416928557e-06
2018-06-01,-1.7500413566693253e-06,2.003150573765601e-05,-1.8999456199001412e-05,2.1004505882151732e-05,5.6988441050519915e-05,7.519065283000475e-06,-1.1343481377837686e-05,2.0552146165851093e-05,-4.276427696763474e-06
2018-07-01,2.278520645102451e-06,1.3254645082133163e-05,-2.3053623467733588e-05,9.811871191081547e-07,4.783882565666539e-05,6.77651254114847e-06,-2.3258465603416905e-05,1.4816566366718405e-05,-9.423409322923315e-08
2018-08-01,-1.1696553055666074e-06,1.4995803235441296e-05,-7.172955892659682e-07,7.934151613984546e-07,4.9306860962395776e-05,8.61155667331146e-06,-1.765091213908629e-05,1.8930479258358216e-05,-1.7756466236297383e-06
2018-09-01,-1.7244360897089123e-06,1.7846522957034032e-05,-1.2196990276518152e-05,-1.684861377432665e-05,2.946277906807509e-05,5.3426175913653e-06,-3.7813925355288175e-06,3.481968192241904e-06,2.978397942020425e-06
2018-10-01,-1.1573928780481417e-05,1.169272379754792e-05,-9.392079029228766e-07,-1.4001027082103382e-06,4.4569886574719224e-05,2.944257586073203e-06,-1.1403227000745321e-05,-1.2806114623950684e-06,-1.6390851998408643e-06
2018-11-01,5.632810616916652e-06,7.971424999301114e-06,-2.058698275054706e-05,-2.3645677637192515e-06,4.960558907693394e-05,2.278520645102451e-06,-4.575155811301635e-06,5.291407057444474e-06,5.786442218679144e-06
2018-12-01,2.85037160721836e-06,3.669740149951604e-06,-6.640647346108349e-06,1.657479469800015e-05,2.7960603406397483e-05,-1.454446271500592e-07,1.5445029922372548e-06,1.0224688491817529e-05,3.362476946426634e-06
2019-01-01,-2.5962907022537596e-06,3.957882714653016e-06,1.2170340971981973e-05,1.1064817745033852e-05,2.1024397530664766e-05,7.205357193813139e-06,9.189376556461125e-06,1.0561409847048534e-05,1.5082210185818568e-05
2019-02-01,2.5759786809678454e-06,-1.0344824033988419e-05,-1.44141375981687e-06,9.238730271949881e-06,7.98514589853548e-06,2.9214546893891347e-06,-6.514975712060964e-06,9.860587087108207e-06,1.892192925084377e-05
2019-03-01,1.0953672163051769e-06,1.0262720146209109e-06,5.241079317360662e-06,2.360066147917782e-05,3.570219251702074e-05,1.6974825452679927e-06,-1.8855971992156706e-06,4.214522035194543e-06,-1.9250801716066778e-06
2019-04-01,7.817343265873716e-06,6.218282884038026e-06,-1.984304630193182e-06,-3.7537350525974325e-07,3.1941439396777546e-05,5.228641166356063e-07,-1.866586046539265e-05,6.366344030504293e-06,6.018300614176207e-07
2019-05-01,2.41804679140383e-06,3.898658256066499e-06,1.2631698489669406e-06,-5.172554650766814e-06,1.8438262839053963e-05,2.023217067493785e-06,3.1978354961261716e-06,2.625332396456601e-06,4.441549126442824e-06
2019-06-01,4.5376891495135384e-07,6.672337066534575e-06,-1.3671264457930555e-05,-3.257630489803093e-06,4.014402691100876e-05,7.392901312670413e-06,-3.6327187275176276e-06,1.470455454019725e-06,2.6154616533588526e-06
2019-07-01,3.7407263665024834e-06,1.7066229548466554e-05,-1.0137538428935648e-05,2.4970127361858445e-06,3.5218526105230934e-05,5.744487215345967e-06,-9.979606539371633e-06,9.357179189122889e-06,-1.836243483726915e-06
2019-08-01,6.64272483724133e-06,1.5575747340706124e-05,-2.455869409475009e-05,-2.5940598128435248e-05,4.3786331114078935e-05,7.175744964519893e-06,-1.2407809341418406e-05,-1.1650329530798467e-06,-9.774888342225726e-07
2019-09-01,-3.099698600239064e-06,1.7944725684166407e-05,-7.768560085475365e-06,1.0620634305635038e-05,2.6709945554969437e-05,2.65494462574986e-06,-1.636597732361663e-05,9.830974857814948e-06,5.228641166356063e-07
2019-10-01,-6.248465648421689e-06,1.3552245005667144e-05,-5.9029896400003996e-06,-1.2003108874410613e-05,4.800113841681869e-05,3.2471892116149272e-06,-9.683484246439085e-06,-2.941766710675049e-06,-2.586419959156011e-06
2019-11-01,1.9456218650301693e-08,1.5457298423533116e-05,-6.912372843877873e-07,6.573629635557064e-06,2.755882946137603e-05,-4.274317028871451e-06,-8.429899873024698e-06,6.800656726805345e-06,5.626038298172959e-06
2019-12-01,-8.491691739518026e-07,1.6579995728769855e-06,3.3755088718856973e-06,8.824159061844339e-06,3.347140457692898e-05,1.1644624179894293e-06,-5.942472612391407e-06,5.320045262142677e-06,4.550127300518084e-06
2020-01-01,-7.351572272851046e-07,-5.341250387712668e-06,2.180987077354182e-06,1.8876109727095032e-05,2.987256763057311e-05,6.024638195867967e-06,1.5999266558636865e-05,-2.871242748203124e-07,8.484889320806235e-06
2020-02-01,2.5268370757480614e-06,-7.023339016264711e-06,7.91895295979807e-06,1.6934633599747576e-05,3.061142899077821e-05,5.026389336867456e-06,1.3004519981635325e-05,4.688399565709803e-06,1.2108454076705734e-05
2020-03-01,5.340798426316435e-06,3.5250859347485725e-06,-7.219844697170324e-06,-6.889715153248891e-06,2.0974790399166974e-05,-1.0181254077891907e-06,6.637735920293479e-06,-5.474874250728481e-06,2.5818586664016346e-06
2020-04-01,-4.398023119365723e-06,8.673534774475621e-06,-1.683290260707289e-05,-6.213735610933586e-06,4.500350506030528e-05,8.761893561409184e-07,-3.559700326112624e-08,1.9137393513225494e-06,2.408933667204695e-06
2020-05-01,8.146899549648582e-06,1.2988799527162878e-05,-9.153460597281553e-06,6.32522311817959e-07,3.844021531805782e-05,6.535552966222559e-06,-1.6840762834309122e-05,1.2139894985650633e-05,-1.8494132074939259e-07
2020-06-01,5.460598122194858e-07,6.669176829238379e-06,-1.3618069667457063e-05,-8.878352644013693e-06,4.775458459298386e-05,6.433370012151639e-06,-1.6494912835915243e-05,2.0683961991426668e-05,1.5207279895113236e-06
2020-07-01,1.0412541281016314e-06,1.5826341559439925e-05,-2.1226769632122393e-05,-1.823988328235708e-05,4.2566834617075686e-05,6.8814029646164384e-06,1.1748779911174444e-06,4.0045597961582715e-06,2.7095185895162637e-07
2020-08-01,-3.1856518376520556e-07,1.6840310872912883e-05,-2.3946408255856067e-05,5.381995849832659e-07,3.7913580093230776e-05,5.584465470639395e-06,-6.850414017067771e-06,6.4019291032067394e-06,4.6745753985723927e-07
2020-09-01,-2.142137902569295e-06,4.8770450193791895e-06,-3.824226531121338e-06,9.404535907444506e-06,4.031880962751548e-05,1.1119961732276512e-06,-2.692353809105007e-06,1.0787935901020016e-05,1.536448443983777e-06
2020-10-01,2.919848437559287e-06,8.563491593168481e-06,-2.142137902569295e-06,8.327684776081749e-06,4.127775735033487e-05,-1.662664041159596e-06,1.4264052626766305e-06,2.4205343793255243e-05,1.473566626093977e-06
2020-11-01,1.294677686995867e-07,1.0693613174185323e-05,6.2683052401909265e-06,1.6622120797633633e-06,2.966034149519505e-05,-1.0835549225833589e-05,2.0020981382560653e-07,2.8884075286143872e-06,8.840495833771384e-07
2020-12-01,4.476173430331737e-06,-6.323778792240732e-06,1.8429973061965296e-06,1.2603648392587879e-05,4.1505703940185375e-05,6.18970296782868e-06,9.514579088751646e-06,4.609797293347557e-06,1.1746883623839408e-05
2021-01-01,1.9970052499357143e-06,9.944485141898563e-07,-1.001639011805347e-05,1.695757171179851e-05,4.14078562413247e-05,2.930420141837039e-06,-8.16684579521196e-06,9.714963569082728e-06,9.343326158418316e-06
2021-02-01,-1.926794388242044e-06,-1.5634164930422502e-05,-8.789122389812843e-06,1.0484166581853261e-05,2.7086851835023923e-05,2.0229334413774178e-06,1.5177169232801554e-05,5.635594782254748e-06,1.1806504345380124e-05
2021-03-01,1.314229541970861e-06,7.441925452693407e-06,-1.7578779288550248e-05,1.1875646189224671e-05,2.2367920992633928e-05,-2.3243599903481594e-06,-1.1316631840298138e-06,6.456654177908682e-06,-2.4453582170761134e-06
2021-04-01,1.4957268820627853e-06,3.889763225180053e-06,-4.9517500564407585e-06,2.5501400006920503e-06,2.9014180732190536e-05,7.009788928665018e-06,1.3574431943737047e-06,1.2316425443733623e-05,-2.5577137133234905e-06
2021-05-01,5.108388222940116e-06,7.32956995644603e-06,-1.3196914934902404e-05,8.78154867718141e-06,3.747541387266637e-05,6.456654177908682e-06,-5.98023498362832e-06,6.992503467703885e-06,1.7550087964798199e-06
2021-06-01,2.662495496939441e-06,1.2843632003048256e-05,-2.4367154865955365e-06,8.475220960202124e-07,3.015502115562548e-05,5.713379356579859e-06,2.7489228017451146e-06,1.6948928981317945e-05,-8.205248867293723e-07
2021-07-01,9.931031831096925e-06,1.3915330582638661e-05,-2.0932158715010544e-05,1.573030398355789e-05,4.1511569007091515e-05,5.1948155277457895e-06,4.788607195159111e-06,1.7960128447544373e-05,-2.3330027208287227e-06
2021-08-01,2.8872064894341952e-06,1.9412107168279754e-05,-1.50464592577439e-05,-7.864350228392096e-06,4.1355999858441294e-05,7.493781835576814e-06,-3.0071356983130126e-06,2.2390017033916223e-06,-8.205248867293723e-07
2021-09-01,4.0674284151125356e-07,1.441660895051159e-05,-1.2712922027990602e-05,-1.123020453549237e-06,5.215077022867043e-05,2.7921364541479582e-06,-2.5749991742846307e-06,6.0331603843608635e-06,1.7290806050381164e-06
2021-10-01,-6.90883929520855e-07,1.1037301332609597e-05,-2.2120044941007823e-06,1.1166942289818115e-05,3.9895378407225344e-05,-1.89605561647926e-07,1.5099384658476443e-05,9.835961795810675e-06,-6.563130075985883e-07
2021-11-01,3.3020575525014506e-06,6.141683730448812e-07,1.530681019001007e-05,1.4952458240306792e-05,3.8495256069373364e-05,2.999561985681586e-06,2.662495496939441e-06,5.7565930089826956e-06,2.6884236883811444e-06
2021-12-01,-2.760328664535997e-07,-6.73215253543772e-06,4.728108081795127e-06,1.7726774724569042e-05,3.736305837641899e-05,6.767792475209124e-06,1.2981915690737343e-05,-4.260331617995342e-06,7.5888518708630575e-06
2022-01-01,4.081734877215928e-06,7.481144837856652e-06,3.620665480255465e-06,-2.506087184439538e-06,1.98206122582054e-05,3.964513844090397e-06,3.995772786257205e-06,5.5587198945977674e-06,8.028176325775851e-06
2022-02-01,-2.412310357939113e-06,6.432512388666932e-07,7.5983658709821966e-06,1.756996842219499e-05,3.219133862072096e-05,5.3946104482220105e-06,9.747418144950475e-06,2.964227694752424e-06,1.0849295856330568e-05
2022-03-01,3.4629128828198756e-07,2.1983836116655535e-06,-1.3063794901280046e-05,1.6264907586730622e-05,4.2545863213477186e-05,1.362206908703351e-06,1.073207482320503e-05,2.5656761821255913e-06,1.987385752039584e-06
2022-04-01,3.229928703170321e-06,6.715300754769782e-06,-9.250203956929072e-06,1.8226406207698024e-05,3.3816803613395144e-05,-1.4901715640181743e-06,1.8749993488992116e-05,4.034846463965715e-06,1.0965059002854537e-06
2022-05-01,4.667840042843637e-06,1.1466659964125092e-05,-1.2040064545316967e-05,-1.529099453066534e-05,2.937021909016624e-05,6.496488159602097e-06,-9.79723544484827e-06,1.785129890169629e-05,-4.365994243364806e-06
2022-06-01,-3.467299656068987e-06,1.0474188550328835e-05,-6.421269690832653e-06,5.410239919305415e-06,3.681766206140902e-05,2.9017098104188073e-06,-1.4564224125286979e-05,1.2123097749628127e-05,-2.693640837440401e-06
2022-07-01,4.409953769967455e-06,2.6125645953758037e-06,6.043233498183336e-06,9.114424566072547e-06,2.840119188299509e-05,5.488387274722435e-06,4.480286389842774e-06,1.560846980122758e-05,-1.8809083411033183e-06
2022-08-01,3.956699108548681e-06,5.761903018682035e-06,-4.8895815246588985e-06,1.1591695732792339e-05,3.512967918440121e-05,3.386223414004376e-06,5.082021026553887e-06,3.81603386879803e-06,3.3315202652124616e-06
2022-09-01,1.1512090490773817e-06,1.264668503092222e-05,-7.327779013670174e-06,7.840622672774988e-06,3.437164983685604e-05,4.183326439258068e-06,-7.335593749211876e-06,1.1411956815333171e-05,-1.2791737043921914e-06
2022-10-01,4.869565280326383e-07,6.543376572852323e-06,-7.663812641963403e-06,9.059721417280619e-06,3.693488309453457e-05,-4.873952053575494e-06,-3.663075326145436e-08,8.981574061863598e-06,-5.133296213053211e-07
2022-11-01,7.520218515565176e-06,-6.085236062539423e-06,2.4250109423749406e-06,1.0950887418372708e-05,4.6515748868662215e-05,-6.053977120372615e-06,-2.4904577133561337e-06,6.8637807300621345e-06,3.394038149546078e-06
2022-12-01,6.666954454917994e-07,2.690711950792838e-06,1.4090953219535635e-06,5.660311456639894e-06,4.367118513148239e-05,4.073920141674226e-06,1.077114850091354e-05,2.0422346894916514e-05,4.230214852508281e-06
