,vo600_cluster1,vo600_cluster2,vo600_cluster3,vo600_cluster4,vo600_cluster5,vo600_cluster6,vo600_cluster7,vo600_cluster8,vo600_cluster9
1980-01-01,1.71868208429527e-05,6.054466486228667e-06,6.369220552862221e-06,2.7308648985747924e-05,3.983716047849939e-06,6.592861600207136e-06,1.9033930233986526e-05,-1.3588200831671828e-06,3.105717861977359e-06
1980-02-01,9.094328129768628e-06,1.2805112915343319e-05,5.574052384524803e-06,4.136490296146273e-05,1.1090531552365726e-05,1.8255328069156125e-05,9.259988164838937e-06,4.845148230215481e-06,-1.325688076153121e-06
1980-03-01,5.814259435376728e-06,5.366977340686926e-06,-3.5124005390810585e-06,4.147258198425842e-05,1.260632087325896e-05,1.1893982722456677e-05,2.8882419318915757e-05,-2.406148464426642e-07,8.050669908825752e-06
1980-04-01,-1.4582161042093686e-06,1.6396265516052108e-06,1.8549845971966065e-06,0.00015469293295305374,-7.87292962174652e-07,1.3293810018800688e-05,3.343807028334896e-05,6.410635561629802e-06,7.4708597860797155e-06
1980-05-01,3.0146048426886923e-06,-1.325688076153121e-06,5.159902296849049e-06,0.00014752813643626334,-6.046999075656626e-06,1.4834448344954465e-05,2.6231858757790986e-05,4.820299224954938e-06,8.837555075409665e-06
1980-06-01,-1.2267533392546328e-05,-1.772970170842923e-06,5.640316398552913e-06,0.00010031502644122835,-5.458905951157071e-06,1.2051359755773454e-05,3.200511097999088e-05,1.1231342582175479e-05,1.6466199690396903e-05
1980-07-01,-1.010934009519553e-06,-8.949719849703431e-07,3.934018037328839e-06,0.00011868672433052441,-1.1638025259279192e-05,1.655731270968557e-05,3.8449286344225475e-05,9.566459229718986e-06,1.831330908143073e-05
1980-08-01,5.516071372250198e-06,-7.541609551605901e-07,4.215640096948345e-06,7.344496875282597e-05,-4.3572667179395764e-06,4.083112068892111e-06,3.941839754938672e-05,6.741955631770394e-06,1.2747131903068714e-05
1980-09-01,-4.448379737228243e-06,-4.394068885270222e-07,2.7578317883297294e-06,7.541632317016252e-05,-1.2101873357476018e-05,8.042386907072246e-06,4.745290925029618e-05,1.5899285410841247e-06,1.2291566806625393e-05
1980-10-01,1.4809599339693922e-05,-1.9883282164343186e-06,1.2171934621759518e-06,0.0001087885372350741,-6.651658203663205e-06,8.746442056121011e-06,4.174592104212441e-05,6.7916536422914936e-06,1.3915035150314305e-05
1980-11-01,1.010118418338075e-06,1.6064945445911488e-06,1.2337594656829895e-06,8.882650300910317e-05,-1.3422540796601587e-06,9.272884008029269e-07,2.5312445563150826e-05,5.15161929509553e-06,9.160592143796751e-06
1980-12-01,-1.292556069139059e-06,5.681731407320494e-06,5.524354374003703e-06,4.566378087153696e-05,-2.3196482865749107e-06,1.1181644571654393e-05,2.6637725843713214e-05,7.669651828164073e-06,1.0750928480471615e-05
1981-01-01,6.308310758971942e-06,2.416950100201054e-06,1.052464586247959e-05,5.993742681860673e-05,-6.299031161200128e-06,9.14142130283083e-06,6.1499898756386495e-06,3.6835171668673806e-06,-4.9522608570214924e-08
1981-02-01,1.2924457146689475e-05,9.616383952830708e-06,7.974846373006587e-06,2.9731468814228836e-05,9.241413439672914e-06,4.700103891428513e-06,2.9581480608965718e-05,-7.232291105059533e-06,4.383462124761928e-06
1981-03-01,6.316643437042117e-06,6.874932867743721e-06,-8.411270252366707e-07,5.2296361028257896e-05,3.766843947569114e-06,5.2333952879196e-06,3.991826255463791e-06,-1.7077255445346922e-06,-1.932707852429362e-06
1981-04-01,1.9753181624818686e-06,9.503987598505614e-07,1.5503515809030325e-06,8.389387627035472e-05,7.674869962480352e-06,1.4732648287917056e-05,1.924895980195094e-05,6.266647368621075e-06,7.966513694936412e-06
1981-05-01,-3.9908793357621445e-06,4.6710343178052265e-07,2.000316196692386e-06,0.00014785551313700428,-1.1411034357629063e-06,9.674712699321918e-06,3.092304177826361e-05,8.941437029146678e-06,1.740743794844266e-05
1981-06-01,1.0879827476307081e-07,-1.1910995041839546e-06,2.3002926072186215e-06,8.811854405193253e-05,-5.815735833130075e-06,7.508216401076884e-06,2.4715196615984564e-05,7.741531387041736e-06,6.099993807217615e-06
1981-07-01,-6.915649338392948e-06,1.2087117800259301e-06,2.2836272510782856e-06,0.00010802531196157633,-7.290619851550736e-06,1.089128369756721e-05,1.624086301861841e-05,5.516706342305486e-06,1.96655937054596e-05
1981-08-01,9.491393781778108e-06,1.775333888797716e-06,2.6169343738852066e-06,9.477635383000092e-05,-5.565755491024888e-06,4.458456227393487e-06,4.869664410194307e-05,1.0724630136163742e-05,1.937394997300354e-05
1981-09-01,-2.113119812610844e-05,-1.1827668261137731e-06,7.308232127392725e-06,8.576872883614368e-05,-5.890729935761641e-06,4.000158933533966e-06,4.705510652211894e-05,9.03309648791858e-06,1.6849148517741055e-05
1981-10-01,5.05007637037579e-06,-1.8077176813767617e-06,4.391794802832103e-06,0.0001189827836238541,-3.957548623481459e-06,8.11650190019953e-06,3.836412329492829e-05,8.474807057216975e-06,1.981558191072272e-05
1981-11-01,1.1949533812479209e-05,-1.9117813576316478e-07,-1.757721612955727e-06,8.361056521596883e-05,5.046952827185457e-08,1.3874382446689216e-05,2.4556875732651272e-05,4.191810529147943e-06,9.841366260725385e-06
1981-12-01,1.3074445351952592e-05,4.000158933533966e-06,-2.245088480438501e-07,4.8013364500188864e-05,1.8669933475696176e-06,-4.615830191025133e-06,3.052307323089529e-05,8.874775604585294e-06,1.7503358545871986e-06
1982-01-01,1.1927125565743495e-05,5.028124138868191e-06,-4.103165874233143e-07,4.0493974562456336e-05,3.0262968257150703e-06,7.992203207700044e-06,2.1833163729114894e-05,4.091646983787981e-06,7.48530272926213e-06
1982-02-01,1.3645432272312687e-05,7.201782122678215e-06,2.691227017934079e-06,5.2178460167126843e-05,7.605584198721976e-06,5.474883882576175e-06,1.6059653195042404e-05,2.820100020926766e-06,-1.2034661457363898e-05
1982-03-01,6.145023498138158e-06,4.950800337072574e-06,-2.102848693393965e-06,5.060620953061604e-05,8.258540747218271e-06,2.6310862832041557e-06,1.944471740698372e-05,-2.3949608335107275e-06,4.521223660430271e-06
1982-04-01,-1.6656906498035027e-05,-1.1491884712480605e-06,-4.0172505389046037e-07,5.4755920226980635e-05,3.851084044868288e-06,5.156997141860878e-06,3.4204972016413085e-05,1.3337647197444194e-06,1.0286142660969914e-05
1982-05-01,-1.9739756904012782e-06,-5.220065233503069e-07,3.335592032897527e-06,0.00010621061455519512,-4.456928881393758e-06,1.0354874929232684e-05,2.4685552862019754e-05,1.0131495057378692e-05,1.5088809905830812e-05
1982-06-01,3.619112639481449e-06,-8.656678646641521e-07,5.242912477189336e-06,0.00015178010841341013,-1.4723811453144696e-05,1.6609511341144547e-05,2.5312734809917507e-05,1.082740927353921e-05,2.2614993280603876e-05
1982-07-01,-8.220020568780294e-06,-5.066927762225831e-06,7.151743053795061e-07,0.00015193475601700136,-1.3959164968721402e-05,1.0062762789115922e-05,1.19099424986778e-05,1.3877403677699533e-05,1.5097401439363659e-05
1982-08-01,-1.643352662618104e-05,-2.9963681808099465e-06,3.876858645466823e-06,0.00011910650638799692,-5.3074907011455106e-06,1.969538201175027e-06,3.911932919720098e-05,9.581636911276549e-06,2.2735274750063722e-05
1982-09-01,-1.9911587574669725e-06,-3.288480320926709e-06,5.517841550240404e-06,0.0001302239507794996,-8.409034306502904e-06,3.7909433101383647e-06,3.479778783017946e-05,1.300106725734924e-05,2.0149223156677083e-05
1982-10-01,6.265304967598004e-06,1.2908070520801905e-06,2.046862002970631e-06,0.00010746497845099064,-8.494949641831362e-06,2.4077064113501705e-06,3.320835412660295e-05,1.2674588983101095e-05,1.599951246031248e-05
1982-11-01,-1.4756667454962115e-06,-1.6217228155545926e-06,-4.645942619116368e-06,0.0001093637073617496,3.679253374211372e-06,4.340801456240514e-06,2.5544706215304353e-05,8.404596817276653e-06,5.620939952634556e-06
1982-12-01,1.0320508795101302e-05,5.028124138868191e-06,-3.5017585269339103e-07,4.7186779184543335e-05,8.44047308372193e-07,2.9146068897880777e-06,2.4333299987173068e-05,-3.580592461043471e-06,1.1935717099276342e-05
1983-01-01,-8.811183712387744e-06,8.65258111549583e-06,8.852514709841937e-06,6.485130665669409e-05,4.619138168687481e-06,1.4033402632897488e-05,1.1981910099607038e-05,-2.9227404024941266e-07,-6.43805887514921e-06
1983-02-01,-1.3340114262575561e-05,1.13038744318246e-05,5.94043844436608e-06,4.3371484411945305e-05,8.42656922623502e-06,7.68768420365159e-06,1.7666978391013636e-05,-9.876952379749877e-07,1.2724236546331346e-06
1983-03-01,1.1712434385488373e-05,5.30586660144149e-06,9.434929962937107e-06,7.741235204061234e-05,1.5766704286380745e-06,-4.038855742995966e-06,1.2590403647616918e-05,2.1190632810162756e-07,-1.1841874081801551e-07
1983-04-01,8.95682788950077e-06,4.031471574761624e-07,-2.369844868454579e-06,0.00010290823170222633,4.3791821736244454e-07,4.340969689597251e-06,2.8567705665362067e-05,2.2929185804477202e-07,3.567313607127546e-06
1983-05-01,1.0043423510946986e-05,3.4716931924402784e-06,2.640629179310474e-07,0.00012383171698879464,-9.355386481455747e-07,-2.8305614119477718e-06,3.355735275904309e-05,-9.876952379749877e-07,7.557292729078047e-06
1983-06-01,1.4984355438939516e-06,-5.704425193396427e-07,-2.0534639053371747e-07,0.00013523662463149416,-7.967985510145482e-06,8.217942866917347e-06,3.0210638244988744e-05,1.1721127150459946e-05,1.6041431341330097e-05
1983-07-01,2.0547725020744116e-06,-4.864668415295084e-06,1.115953885144882e-06,0.00010409044773835983,-1.2670771359764703e-05,5.7318120850484075e-06,3.9155493400733993e-05,9.087219364074319e-06,1.5476401618178064e-05
1983-08-01,4.4661098233401676e-07,-9.094603532308648e-07,4.158421625194288e-06,0.00012805640076497755,-6.10773380622956e-06,3.767247201473646e-06,4.88566191090058e-05,3.5325425472412637e-06,1.5380781203490797e-05
1983-09-01,-6.959624773443388e-06,-1.7057533064743533e-07,3.2717595980941714e-06,9.682329622212753e-05,-4.117090627740089e-06,1.28251083018493e-05,4.382350819046693e-05,1.4115078941782496e-06,1.224269304875413e-05
1983-10-01,1.924381027500869e-06,1.9156882625292966e-06,1.0551045303438966e-06,8.619204466189776e-05,-1.926513854904524e-06,-5.443642244249328e-07,3.327918427995286e-05,9.078526599102747e-06,9.704405677055771e-06
1983-11-01,3.984566325762891e-06,1.2724236546331346e-06,1.4028151292066842e-06,3.597394142113947e-05,-6.74230564915415e-06,7.061805125698572e-06,3.798197012957208e-05,-2.4011745041999284e-07,7.40951572456136e-06
1983-12-01,5.853510794650378e-06,5.8969746195082325e-06,4.288813099767831e-06,3.706053704258568e-05,2.454639690766619e-06,1.3346674200143485e-05,9.582706967453794e-06,8.209250101945775e-06,1.0582374939184309e-05
1984-01-01,5.860494883697215e-06,1.2197798246779934e-06,6.97557836077604e-06,3.736160311117397e-05,1.0469634759916868e-07,7.155959511479963e-06,2.0627151811777807e-05,5.6309188737103954e-06,1.251819917331489e-05
1984-02-01,5.089775421598613e-06,-5.512351095060167e-07,1.2607755407470717e-06,4.010011694458814e-05,1.129589249326032e-06,1.336271092433783e-05,3.82061148621969e-05,4.9175934141085085e-06,5.10617370802625e-06
1984-03-01,5.056978848743353e-06,2.7448204624475606e-06,2.7448204624475606e-06,7.072391684818671e-05,8.77938986781531e-06,1.8642959154034607e-05,2.2537552180596675e-05,-3.765299249321451e-06,9.599304189196795e-06
1984-04-01,-1.4947709202909254e-07,-3.1831600811405903e-06,3.5483364974014226e-06,6.259036678008235e-05,-1.3307880560145579e-07,6.6804092050787e-06,9.541910186700093e-06,3.3597562034836813e-06,9.287736747071832e-06
1984-05-01,4.376449961996726e-06,-2.1507023773961243e-07,-1.8290800608052743e-08,0.00014520493380248105,-1.7811065915782445e-06,2.7940153217304573e-06,2.6456742636800185e-05,9.23034274457513e-06,8.082462694641046e-06
1984-06-01,-4.306442701433233e-06,6.950346589938477e-07,1.933105284279894e-06,0.00014495076036285279,-4.462226422495715e-06,7.582314958598342e-06,3.760757740758842e-05,6.032676891187333e-06,1.0706188523061815e-05
1984-07-01,6.434434908664257e-06,1.1623858221812918e-06,8.016235207734324e-07,0.0001192218489579017,-4.191654696439817e-06,1.2510000030101085e-05,2.6013988903254182e-05,9.222143601361312e-06,7.090366365769443e-06
1984-08-01,4.87659769803943e-06,2.4086555906811563e-06,5.589923157641331e-06,7.649611367071238e-05,-6.8481770977158455e-06,9.00896587780213e-06,5.1144362853596775e-05,1.2952753763647087e-05,1.736389281267949e-05
1984-09-01,-9.012750906162975e-06,-3.708539588020938e-07,3.991090230947425e-06,0.00011612257282307967,-2.6666140586702495e-06,2.8760067538686004e-06,4.420788769470939e-05,1.2575593175811605e-05,2.37100296601722e-05
1984-10-01,1.5389120688206537e-07,-2.478668105948724e-07,2.482447879605481e-06,0.00011510587906456663,-1.1078934996044311e-05,9.39432560885143e-06,2.8588519872392054e-05,1.0829175671269036e-05,1.4076036383939717e-05
1984-11-01,1.458438326319624e-05,8.754158096977707e-07,6.294415132833278e-07,9.328795897260524e-05,-1.0677811319763575e-06,1.0304430505584877e-05,3.0630106532631956e-05,2.498846166033118e-06,6.6394134890096355e-06
1984-12-01,1.055040480199932e-05,6.81159549649974e-06,2.9497990427929387e-06,6.374644597323024e-05,9.771486196686913e-06,2.0012216070741693e-05,1.0279833075943436e-05,9.10735559636791e-06,3.843505653098762e-06
1985-01-01,8.930510548851457e-06,8.152889915843787e-06,9.906856454738885e-06,4.930630186046135e-05,-1.290880660571712e-06,2.104411196525999e-05,1.965303505510181e-05,1.534474306022859e-06,4.41167064815128e-06
1985-02-01,1.1715846772859491e-06,3.1501971768277035e-06,-8.415887392783855e-07,3.377116965881903e-05,6.329801542903556e-06,1.274949187984474e-05,3.781479695045896e-05,-9.279910318347887e-07,1.940565081037977e-06
1985-03-01,1.2879095318679351e-05,1.000189897655093e-05,-2.543713902639647e-06,7.206466571981946e-05,1.615374220656725e-05,6.398923376948676e-06,2.0257851102996673e-05,-1.558727767496577e-06,3.4439649715194934e-06
1985-04-01,1.9048219007206946e-05,-5.965244687873439e-06,1.9578455395492605e-06,6.62411512015175e-05,-5.6801171224372775e-06,8.48121862755813e-06,3.10408572140365e-05,5.267053344459725e-06,1.350983205434114e-05
1985-05-01,3.4353247422638517e-06,-2.3277081712486184e-06,1.6554375156018289e-06,9.645603290849369e-05,-1.4032036408950403e-06,1.7492977741191587e-05,3.720134067330846e-05,7.237025614745851e-06,1.692272261031929e-05
1985-06-01,-1.2471337317371026e-05,-1.4032036408950403e-06,2.579942045955407e-06,9.510815714461371e-05,-5.913403312339589e-06,-5.446830932534979e-06,2.7982216057539627e-05,8.852748485550695e-06,1.8538445481124135e-05
1985-07-01,-1.2842867175363577e-05,-2.11170243985759e-06,2.484899524143362e-06,8.598407505065693e-05,-1.4032036408950403e-06,1.3820880307544213e-05,2.9978109015592672e-05,1.2473004543664233e-05,1.9013658090184386e-05
1985-08-01,9.05147375843044e-06,-9.279910318347887e-07,4.126543082715132e-06,8.602727619693514e-05,-5.515952766580113e-06,6.761813005685599e-06,4.180658286656506e-05,7.5135129509263575e-06,1.6248784728379294e-05
1985-09-01,3.8068546002564168e-06,-1.2822404313160703e-06,1.387590408676964e-06,0.00010384342892206665,-4.168077002700133e-06,1.1617621847355775e-05,3.9015788816993046e-05,5.8545889338433045e-06,1.6594393898604934e-05
1985-10-01,-5.478209445865955e-07,5.15372777441759e-09,1.7504800374138873e-06,0.00013340165320561414,-4.824734426128833e-06,-3.0016460531886015e-06,1.935926726041002e-05,3.8154948295120584e-06,1.122881153085194e-05
1985-11-01,-4.8592953431513995e-06,2.2775340220079754e-06,2.0387900065416261e-07,6.98786877181423e-05,-2.92388398988784e-06,9.397082928656067e-06,3.094581469222445e-05,2.0788087491282304e-06,1.029566677124272e-05
1985-12-01,1.0710397775513493e-05,4.82640165242204e-06,5.543540680640231e-06,5.709978864904943e-05,2.9773925917148835e-06,-1.8956967084665752e-06,7.0210198833548225e-06,1.4307915549551724e-06,1.1099208092017328e-05
1986-01-01,1.0883584984088348e-05,4.655652473763009e-06,4.550687319094599e-06,4.308164617862142e-05,8.705558024718954e-06,9.790197956292457e-06,1.743516005464125e-05,2.608831957729121e-06,6.230129793789079e-06
1986-02-01,1.0551195327638396e-05,6.002705292007537e-06,1.0367506306968686e-05,3.8008330369648534e-05,6.571266546461391e-06,1.118973335187119e-05,1.0559942423860757e-05,4.2445389513117565e-06,5.57409757711155e-06
1986-03-01,1.192448943455002e-05,3.0549338650698435e-06,2.9237274217343377e-06,4.938830255494806e-05,4.06959702686442e-06,-2.9893096245857848e-06,2.0496643732469716e-05,2.8624977481777583e-06,2.49511970683835e-06
1986-04-01,-1.668498095008366e-06,3.011198383957999e-06,1.596450154663548e-07,9.391976942301866e-05,3.466047387521096e-06,5.556603384666815e-06,3.5078053135155576e-05,3.859666717527613e-06,6.973632972690269e-06
1986-05-01,-4.345109539052674e-06,-8.648680880457256e-06,2.3814074559475794e-06,0.00010151224894403325,-8.631186688012521e-06,1.3026623558568272e-05,2.6068544026117526e-05,5.014283418880056e-06,1.0866090791643613e-05
1986-06-01,-4.038961171269831e-06,-1.1086839367768726e-06,3.6672306006355282e-06,0.0001283308459618106,-1.0599283338045109e-05,3.33484094418559e-06,2.2246062976943122e-05,1.3219059675460343e-05,1.7181494264192614e-05
1986-07-01,-2.0081135643090984e-05,-2.4032541776871958e-06,5.862751752449657e-06,7.914592390344073e-05,-3.1030218754765556e-06,-2.9368270472515797e-06,1.7443907150863625e-05,3.7109660817473725e-06,1.1985719108106586e-05
1986-08-01,-4.55503984838948e-06,-2.34202450413063e-06,5.714051116669416e-06,0.00013136608835097197,-7.992648663779727e-06,-9.182253750021654e-06,3.362603516224265e-05,8.504374811604508e-06,1.2851681634120922e-05
1986-09-01,-8.858611189794076e-06,-2.30703611924116e-06,5.337925979107634e-06,0.00010515978806876031,-7.537799660216644e-06,6.938644587800799e-06,4.659797886001297e-05,2.9237274217343377e-06,1.8449823216435828e-05
1986-10-01,-4.537545655944759e-06,-8.11282665216391e-07,6.623749123795596e-06,9.26077049896636e-05,-4.633763714390795e-06,1.786604912826616e-06,3.7159862036078934e-05,1.0288782440967385e-05,1.4539871205037762e-05
1986-11-01,1.2055695877885526e-05,3.247369981961915e-06,4.541940222872238e-06,0.0001301939774571748,-1.0562013594426676e-06,5.661568539335211e-06,2.662835818434902e-05,9.177901220726772e-06,1.639425560417958e-05
1986-12-01,1.1976972011884225e-05,1.628929044951117e-05,3.6322422157460582e-06,3.012719667329583e-05,-6.356941670197092e-06,-1.1683923269618625e-05,3.810454842809458e-05,1.2011960396773695e-05,-5.490979144182756e-06
1987-01-01,2.066738162719356e-05,1.1108469435110626e-05,5.481965564472274e-06,3.795944500497445e-05,8.23816246834192e-06,4.393531118358146e-06,3.845977374230111e-05,6.570400010586401e-06,5.569742535933091e-06
1987-02-01,1.1984493571844216e-06,1.5233987093769008e-05,3.471872918019573e-06,3.676567819310735e-05,1.5391985642398478e-05,9.870814137513108e-06,3.160439227121132e-05,5.912072724630273e-06,3.0242103635694088e-06
1987-03-01,-4.981049433657077e-06,6.517733827709914e-06,-3.8153612911028597e-07,5.109965763265871e-05,3.120765032176305e-06,1.7990183997638654e-05,2.4046795028435006e-05,5.639964113101743e-06,1.256556716136018e-05
1987-04-01,8.808712782837223e-06,8.273273256926242e-06,2.416803682615126e-07,7.857384969989434e-05,1.3740033001060557e-06,5.244967741528066e-06,2.7926537167003102e-05,6.500178433417749e-06,8.93160054288237e-06
1987-05-01,9.291486125871717e-06,-3.023622970080864e-06,3.68253764952553e-06,0.00010313384631463085,-4.605354034250105e-07,8.993044422904943e-06,5.06256619867703e-05,1.1240134892301851e-05,9.97614650326609e-06
1987-06-01,-8.39557362348285e-06,8.385637741950742e-07,5.517076353056603e-06,5.379441065650578e-05,-6.025595394040789e-06,5.139635375775091e-06,3.083195492235614e-05,1.6445309299928283e-05,1.9333171660989147e-05
1987-07-01,-8.70279302359571e-06,-1.0135303236281636e-06,1.9094428260170372e-06,0.00014472257539276578,-5.841263753973076e-06,3.294573397223297e-07,3.670423431308477e-05,1.1117247132256705e-05,2.4933342440189256e-05
1987-08-01,-5.332157319500345e-06,-3.7433941360595586e-06,3.190986609344957e-06,0.00011826659619447565,-8.64134914357313e-06,1.4442248772747013e-06,3.2122276402830144e-05,1.3496003058844838e-05,1.8165737940560288e-05
1987-09-01,-5.955373816872144e-06,-3.12017763868776e-06,2.637991689141811e-06,9.639257490644013e-05,-7.184251417323569e-06,5.75232859812623e-07,4.262040218954382e-05,1.7788296963278776e-05,2.4828010074436274e-05
1987-10-01,-6.604923405682179e-06,1.3388925115217262e-06,4.964081432853457e-06,0.00010031620553073863,-4.6474969421059665e-06,4.964081432853457e-06,4.245362594376827e-05,1.244267940131504e-05,1.186335138967365e-05
1987-11-01,-4.375388330577436e-06,1.3827809972521347e-06,1.5758903344659269e-06,6.837416561614744e-05,-5.902707633995656e-06,1.9182205231631162e-06,2.3555243988254433e-05,9.440706977355108e-06,1.2574344858506266e-05
1987-12-01,1.0415031360570175e-05,9.028155211489266e-06,4.832415975662231e-06,4.91422311690825e-05,6.7635093478002e-06,9.642594011714986e-06,3.403581438067594e-05,4.577862758425859e-06,7.46572511948673e-06
1988-01-01,9.82789310000374e-07,1.1124946634474127e-05,2.6017252209492364e-06,5.5074295040527045e-05,7.339493548578992e-06,1.3545414540549626e-05,3.862304923956141e-05,2.764888390471921e-07,1.2922917635641284e-06
1988-02-01,-1.572589921987539e-06,1.1870926907166248e-05,6.680808839712544e-06,2.9734773650038245e-05,1.1926478629600764e-05,1.852919763896083e-05,2.0394148320691136e-05,5.101552730502621e-06,3.082326804383436e-07
1988-03-01,-5.318363206143728e-06,4.355572457810499e-06,-2.3141262321127264e-07,5.4812408349050025e-05,2.5064936967757683e-06,1.2180429360729996e-05,2.9028473179085067e-05,1.2526119618251822e-06,3.815927154160883e-06
1988-04-01,-2.9296391414593742e-06,9.589814289570037e-07,1.316099644607492e-06,8.381040745986934e-05,-1.3662549529450338e-06,1.1275729881082104e-05,2.8917369734216026e-05,3.4826168195537584e-06,6.4109861878877355e-06
1988-05-01,-1.6598854858132124e-06,8.478779840879666e-07,3.5699123833794386e-06,8.784187531654593e-05,-4.9771169111888225e-06,-2.7471120534602395e-06,3.1480684926551724e-05,1.2367400411296065e-06,5.926892606672634e-06
1988-06-01,1.5346877539497623e-05,-8.345456096432055e-07,-1.5963978030309026e-06,9.594449083163802e-05,-6.635732623876624e-06,1.0545621529085558e-05,3.025854703299229e-05,7.4585329537958165e-06,1.3902532756200114e-05
1988-07-01,-6.540501099703163e-06,1.6573459395623978e-06,3.284217810859048e-06,0.0001030154315015176,-4.675550417972856e-06,9.39617510480574e-08,3.425827104827771e-05,7.73629156596842e-06,4.871409880416759e-06
1988-08-01,-1.1389372872201962e-05,2.1300115626488232e-07,-2.9490030599358243e-07,0.00011357025876407637,-2.4534815205920678e-06,-8.905417283344147e-06,1.2624843140206158e-05,3.554040462683856e-06,1.5132606610107337e-05
1988-09-01,6.5697053948435e-06,4.1140016495959955e-07,1.6335380585190342e-06,8.509603303621108e-05,-2.6439445689389903e-06,7.99817825744544e-06,6.288328002275097e-05,5.466606906500897e-06,1.0696404775693541e-05
1988-10-01,1.847364591652631e-05,1.316099644607492e-06,-3.3502450398921723e-06,6.887493008533131e-05,-5.5326341355340145e-06,8.410848195530443e-06,4.404331015710098e-05,-1.6519495254654245e-06,7.315685667535628e-06
1988-11-01,1.6807094243490714e-05,4.482547823375119e-06,5.458670946153109e-06,4.209899987189279e-05,1.3081636842597041e-06,8.045794019532174e-06,1.4331074614980693e-05,1.7367055430402833e-06,4.474611863027331e-06
1988-12-01,1.4402498258110791e-05,7.268069905448894e-06,3.125498603903277e-06,3.197271446811461e-05,2.2887307696045807e-07,6.625257117278022e-06,8.275936869618036e-06,3.0302670797298156e-06,4.593651268244156e-06
1989-01-01,7.2969251660198904e-06,4.851454940965025e-06,1.228166403434769e-06,2.1231114693271265e-05,6.797849609886252e-06,2.376040182542141e-06,8.145353611447087e-06,4.132786140132586e-06,9.293227390554473e-06
1989-02-01,-1.6924515373943584e-07,8.414854411759257e-06,-2.0158247114339238e-06,1.0720583481096696e-05,1.0590823836501953e-05,1.0201544902717707e-05,8.784170323298152e-06,3.72354418410299e-06,4.8714179632103756e-06
1989-03-01,5.300622941485308e-06,1.7771495151817636e-06,-3.1736800016639777e-06,4.8620381213885713e-05,-5.9485400937670505e-06,5.061066674541157e-06,5.1109742301545265e-06,-6.283946653824009e-07,-7.880988433451501e-07
1989-04-01,1.3515406595445106e-05,6.392572471970736e-07,-2.0258062225566057e-06,5.0427034727089514e-05,-4.740777247923641e-06,1.7897289978298516e-05,4.39490340084748e-05,3.1346350278652947e-06,7.3967402772466155e-06
1989-05-01,-7.725249073602819e-06,2.0366688043712785e-06,1.8270570707951464e-06,8.481334054469765e-05,4.1966400249825956e-07,6.428533698347343e-06,2.007325940304121e-05,1.1299511126211723e-05,5.630012808533516e-06
1989-06-01,4.502102051671481e-06,-3.6428110244296247e-06,1.457741159256238e-06,8.694938392494966e-05,-4.940407470377091e-06,1.0780472547832734e-05,2.7539429722800538e-05,1.7571864929364267e-06,1.1598956459891912e-05
1989-07-01,2.0765948488619523e-06,-3.2435505795226974e-06,2.555707382750254e-06,0.0001039878234113523,-4.97035200374511e-06,6.208940453648543e-06,3.780042315690829e-05,6.757923565395551e-06,1.4264019929645578e-05
1989-08-01,-6.8768206281756355e-06,-3.832459735760393e-06,1.2980369812934617e-06,0.00010262035638754612,-8.054638940651026e-06,2.2009672560839756e-05,3.7131661911689204e-05,1.5092485352827424e-05,2.1510597004706104e-05
1989-09-01,1.5575562704829766e-06,1.0684622254719927e-06,-5.585240875236811e-07,9.482479620073859e-05,-3.373310224117455e-06,2.0007075779944548e-07,5.6246255711607816e-05,1.2880554701708068e-06,1.8306531934328098e-05
1989-10-01,8.874003923402209e-06,6.592202694424105e-07,6.019291742317761e-06,8.958450286133531e-05,-4.90048142588639e-06,-5.429501515388075e-06,3.6123529288299244e-05,3.8732668509430844e-06,1.0311341525067114e-05
1989-11-01,-1.0011015120694935e-05,-1.0120811743044328e-05,4.242582762481979e-06,5.516825251035914e-05,-1.037636621411983e-06,1.4503576196589729e-05,3.521521177613601e-05,9.0274135450052e-08,-2.7904177608885643e-07
1989-12-01,1.0990084281408866e-05,6.568274854064769e-06,7.07733192132109e-06,5.611649606701306e-05,5.979365697827074e-06,6.208940453648543e-06,2.0213000558758624e-05,1.8370385819178013e-06,5.031122141173138e-06
1990-01-01,6.7812538332756824e-06,1.3049434236051471e-05,-8.105674623316816e-06,4.513218206887597e-05,8.206598047204751e-06,1.1282340824630642e-05,3.0320271728806046e-05,-4.738194726080883e-06,3.0803600848282786e-06
1990-02-01,1.20741987212579e-05,6.164438208534452e-06,-5.580064700389866e-06,5.2000507403832414e-05,3.730517094690661e-06,8.131458965902265e-07,4.197296486386725e-06,-2.4376391527216855e-06,-1.45418925642778e-07
1990-03-01,9.106815445475742e-06,1.0015368190027022e-05,7.364728072895768e-06,7.911538885360588e-05,6.264462363897894e-06,1.2557648805514544e-05,2.4602224180529195e-05,-9.064239445549814e-06,2.0217711072318323e-06
1990-04-01,1.963423683269825e-06,-2.921089236978329e-06,3.838876596334386e-06,0.00010521335805718434,8.615030014938815e-06,1.713363294861217e-06,2.653602451755577e-05,4.422350835954478e-06,6.9979728365631455e-06
1990-05-01,9.48190602808866e-06,-3.8714396777109645e-07,1.871734874186666e-06,7.740664286614706e-05,-5.655082816912459e-06,1.0882244203176867e-05,3.11788123956756e-05,-5.455155470965523e-07,5.655982085436946e-06
1990-06-01,-2.081707770075442e-05,1.1298890552411314e-06,2.030106453512122e-06,6.458688028706572e-05,-8.372405704286003e-06,1.368292055335328e-05,3.847224039092669e-05,8.356634280249918e-06,1.5625056236660145e-05
1990-07-01,1.5799977543766233e-06,-3.2211617030686616e-06,3.1137014699494236e-06,7.854024996026608e-05,-9.981127536381377e-06,8.3066222025682e-06,2.5594130387883344e-05,1.0023703536307312e-05,1.9484321564433005e-05
1990-08-01,-7.188786532485253e-06,2.3635203047235994e-06,4.430686182234761e-06,9.8144984411501e-05,-9.57269556864732e-06,-1.2874823308220548e-07,3.8605605931411275e-05,6.164438208534452e-06,1.0065380267708746e-05
1990-09-01,-1.2831815964239528e-05,-1.2123432495195072e-06,3.0886954311085615e-06,8.63921461562964e-05,-5.696759548313894e-06,2.0717952813915473e-05,4.1773037517920324e-05,9.856996610701573e-06,2.175987109895134e-05
1990-10-01,6.847936603517979e-06,5.380794693407562e-07,1.179901132922849e-06,8.729236355456738e-05,-3.362862589833538e-06,1.4641485375586285e-05,4.0030950145340344e-05,8.706718824021967e-06,1.7125418567111794e-05
1990-11-01,2.0376203616423706e-05,-5.538387968988431e-06,5.931048512686416e-06,8.144095046580595e-05,-1.807474877454002e-05,7.331386687774623e-06,1.18824857568113e-05,2.1300096440956162e-07,1.243261861131024e-05
1990-12-01,7.781495386910122e-06,6.089420092011865e-06,4.464027567355913e-06,6.291147568472804e-05,8.481664474454222e-06,7.1230030307674496e-06,2.1084708050248102e-05,3.5971515542060673e-06,9.606936222292965e-06
1991-01-01,7.499404376039832e-06,9.110635526514334e-06,2.880563079701897e-07,5.811819057364947e-05,6.489118897904473e-06,-7.773670997536541e-08,2.204403151816098e-05,-3.892435325693363e-06,1.0277689440912079e-05
1991-02-01,1.4899476526484634e-06,7.3165078670670545e-06,7.403601442768375e-06,3.571772290326888e-05,7.839069321275002e-06,1.4571402722987364e-05,1.8612544635528806e-05,-3.128893643689404e-07,1.629297373770581e-06
1991-03-01,-5.416572900466545e-06,6.785237055288983e-06,-4.522390854910579e-07,5.157746303848002e-05,2.8224793608787308e-06,1.5076545462055043e-05,1.3352092663168822e-05,7.403601442768375e-06,1.0991856761662941e-05
1991-04-01,-5.216257676353493e-06,-9.486724669886067e-07,1.7338096646121758e-06,9.758899908148959e-05,-5.915888066131754e-07,1.4170772274761272e-05,2.9682138107167112e-05,4.668863165746795e-06,1.5886515716077356e-05
1991-05-01,-6.270089942339525e-06,3.179563021254162e-06,3.2840753120957434e-06,0.00012529346551208082,-3.85759789541284e-06,-1.3542403513400089e-05,2.103374604002562e-05,1.0565098240726451e-05,2.2845292414613162e-05
1991-06-01,-1.4265280191721089e-05,-2.559903617463109e-06,4.721119311167592e-06,0.00010047179643720343,-5.5385039064484014e-06,5.025946826122226e-06,2.6424838375937585e-05,1.6635520467108748e-05,1.966637690151483e-05
1991-07-01,-3.2392335079334353e-06,-2.1070170238162204e-06,5.252390122945677e-06,9.204984766688539e-05,-1.0128335345908183e-05,8.727423793428511e-06,2.4909410158734547e-05,1.111378776764479e-05,1.83686826235651e-05
1991-08-01,3.5105186089191945e-06,-3.0040808535398603e-06,4.869178389859847e-06,0.00012495380056684567,-5.843331421403035e-06,2.1838144740913092e-07,4.832016330725049e-05,8.161315551369904e-06,1.6731323400380206e-05
1991-09-01,-5.120454743082035e-06,4.015661347986867e-06,3.6847057603218346e-06,9.590809307045404e-05,-2.176691884377279e-06,1.2777275063540084e-05,4.5332853660695076e-05,1.344789559644028e-05,2.1329864197410124e-05
1991-10-01,-3.6398639561595266e-06,3.571484111910116e-06,3.3014940272360047e-06,9.586454628260338e-05,-5.233676391493768e-06,4.320488862941501e-06,5.020138454239909e-05,1.289920606952194e-05,1.744549072113106e-05
1991-11-01,1.2286669255444897e-06,4.668863165746795e-06,-5.764947203271839e-06,9.171018272165022e-05,-3.5643615221960044e-07,1.9953785701329197e-05,3.570901354569875e-05,-9.225443942782079e-07,9.720290556423602e-06
1991-12-01,8.170024908940034e-06,-3.8256422492999916e-07,1.2286669255444897e-06,7.68520187070043e-05,3.96340520256607e-06,1.0869925755681085e-05,2.6285488654815467e-05,6.497828255474611e-06,6.9942616369721595e-06
1992-01-01,1.0027158005055672e-05,1.1637554464085604e-05,6.6093484989229745e-06,4.0376278506880557e-05,5.298759891308178e-06,1.1234955349328124e-05,1.616893598976028e-05,-2.556205815768705e-06,-1.5539909981809267e-06
1992-02-01,9.204827898316975e-06,9.016377248856024e-06,-2.8645796057957096e-06,6.550017645546999e-05,6.506557235580644e-06,6.343804401955273e-06,2.6028331332012732e-05,2.5747914127362682e-06,7.588124270216482e-07
1992-03-01,3.362857765027517e-06,9.667388583357495e-06,-4.911838934030583e-06,5.298534014354051e-05,2.137928543531327e-06,1.0361229610918269e-05,1.8293288765501903e-05,6.866326657278821e-06,2.172192297978775e-06
1992-04-01,1.5620715918601152e-05,3.3885555808630964e-06,3.9047706671161645e-07,9.19860586433454e-05,2.300681377156698e-06,9.615992951686323e-06,3.681284804434622e-05,7.054777306739771e-06,1.6100408480865396e-05
1992-05-01,-9.528879845823878e-06,4.590045756064988e-07,-1.0314687428573791e-06,0.0001487268360083152,-3.0615961938685286e-06,-3.4641953086260083e-06,3.4611401821097843e-05,8.493854993532477e-06,1.6100408480865396e-05
1992-06-01,1.9346047863879744e-07,-3.975892855796325e-07,3.251500563073318e-06,0.0001672121315327121,-8.535230966847954e-06,1.74966564745988e-05,3.6495908315707346e-05,9.615992951686323e-06,1.2622637404449672e-05
1992-07-01,5.1360070576828205e-06,1.5297469020891731e-06,2.300681377156698e-06,0.00010431244430581394,-7.0276257711603525e-06,2.9002970799869968e-06,3.3874731100477766e-05,6.249579077224798e-06,1.0798092480123197e-05
1992-08-01,8.1340855718343e-06,-3.547595925203293e-07,3.4827809055935715e-06,0.00010332736136544987,-7.036191709772208e-06,1.2922445255864821e-05,5.11693611578259e-05,3.774022818396852e-06,2.0203493075946998e-05
1992-09-01,7.011947613680468e-06,2.534220489218246e-07,2.960258650270024e-06,6.875523312797733e-05,-5.108855522103402e-06,1.9766630206742057e-05,4.745174380027806e-05,6.549386928639947e-06,1.3419269695352776e-05
1992-10-01,1.3316478432010446e-05,-6.342350682211434e-06,5.0674795487879246e-06,9.022147528930196e-05,-1.2201452692724629e-05,5.975469041645228e-06,4.310024698545248e-05,5.418683031874246e-06,1.3504929081471396e-05
1992-11-01,2.5576595355125442e-06,-1.5711228754046507e-06,3.2086708700140013e-06,7.451154387514818e-05,-8.586626598519126e-06,1.1971626069948201e-05,2.7887140010786655e-05,9.324751038883029e-06,1.748809053598693e-05
1992-12-01,1.151763132351955e-05,1.0952279375136699e-05,-2.1878704554586733e-06,7.409181288316697e-05,1.6374518516444953e-05,1.1774609481875396e-05,2.8666640424466042e-05,4.48499572318135e-06,1.9666097712941008e-06
1993-01-01,8.029488438306267e-06,2.023427163281869e-06,6.676685499363072e-06,3.213048831508144e-05,6.715062887701888e-06,2.238263167702269e-05,2.179737650485577e-05,6.081835980111455e-06,1.0476046944905658e-05
1993-02-01,2.6278710296181974e-06,1.4073927101669468e-05,7.223563283191163e-06,1.2644369386048641e-05,6.206562492212599e-06,1.812274157141433e-05,1.6683589508708805e-05,2.685437112126421e-06,2.253691493314764e-06
1993-03-01,-3.925068029234292e-06,7.799224108273373e-06,1.8699176099266196e-06,4.680024500759307e-05,4.863353900354115e-06,9.727687872298777e-06,2.7947352986150707e-05,1.783568486164291e-06,1.3421511499909627e-05
1993-04-01,-6.035824387869065e-06,5.2279390895728376e-06,3.5297396555803275e-06,9.857134187665311e-05,-2.1309251243947422e-06,1.240451070893105e-05,2.335166073257774e-05,3.5777113910038404e-06,1.0581584762837395e-05
1993-05-01,2.8485410125663813e-06,-2.3515951073429126e-06,3.7120322501896957e-06,0.00011924715984418915,-6.160550899970209e-06,1.4045144060415349e-05,3.275412087558716e-05,1.0821443439954973e-05,2.5683087074160685e-05
1993-06-01,-1.8297399962120136e-05,-3.953851070488397e-06,5.6586010917662245e-08,0.00012218303005210842,-1.0295714493477413e-05,1.1905604660526471e-05,1.845854371937896e-05,8.537988833795543e-06,1.0236188267788066e-05
1993-07-01,3.3378527138862486e-06,-2.5722650902910966e-06,5.37185429584339e-06,9.739123718523459e-05,-5.038012291059895e-06,1.2807473286488601e-05,3.363680080737988e-05,9.411074418503568e-06,2.0473356607166694e-05
1993-08-01,-2.3420007602582154e-06,1.5533041561314098e-06,5.112806924556404e-06,8.198271576720077e-05,-9.902346263004571e-06,4.393230893203642e-06,5.081068208899913e-05,1.4457700985057598e-05,1.0898198216632604e-05
1993-09-01,-6.333249147494867e-06,-6.150182850115868e-07,1.8027571803336988e-06,8.496655771054357e-05,-9.211553272905914e-06,-6.5539191304430505e-06,4.022811725457119e-05,1.3718936259535429e-05,1.771977899385679e-05
1993-10-01,-5.268276621092776e-06,-2.5818594373758073e-06,7.473016307393452e-06,8.677988930955253e-05,-7.666863392268654e-06,2.762191888804039e-06,4.2108609283173065e-05,1.1080490811241973e-05,1.0428075209482131e-05
1993-11-01,1.5215654404749176e-05,-7.773484826819298e-08,3.8271644152061294e-06,7.771323131450773e-05,-9.800715905614217e-10,1.2222218114321681e-05,1.9955261864592708e-05,5.05524084204818e-06,8.106243214983885e-06
1993-12-01,1.0015518284839882e-05,6.638308111024256e-06,2.2249084520606453e-06,5.7104573776564626e-05,1.313445479013818e-06,-3.406973286660306e-06,2.4368661523556305e-05,2.1673423695524216e-06,1.257720895645572e-05
1994-01-01,9.53685221249528e-06,1.0624704747209021e-05,2.3048085617183292e-06,3.592380329451179e-05,5.150630792529474e-06,1.4201563881347799e-05,2.3243794149888416e-05,6.795463825016648e-06,7.892019180008105e-06
1994-02-01,1.6533919715774065e-05,3.018439824490539e-06,3.2056553840046286e-07,4.291216797751286e-05,4.793815161143365e-06,1.063340756748673e-05,3.3373876953142774e-05,4.289051585036189e-06,4.184617741703669e-06
1994-03-01,-1.3368970758437256e-05,3.0793595664345107e-06,1.2517673081154277e-06,3.585418073229011e-05,1.530257557002141e-06,1.0224375014434365e-05,3.151147341371285e-05,1.399715252836496e-06,2.2003747183858092e-06
1994-04-01,-1.2807533926981635e-06,-4.526905356283971e-06,1.3387955108925243e-06,0.00010110792717455915,1.878370368110541e-06,2.6834861673420625e-07,3.531460587507209e-05,2.365728303662294e-06,6.7345440830726835e-06
1994-05-01,6.773811697865712e-07,-2.438228489633585e-06,-1.367781595475267e-06,0.00010757412264089764,-7.129048619319243e-06,1.4519321745027527e-06,2.557614998431468e-05,9.423715548885051e-06,9.284470424441691e-06
1994-06-01,4.236834663369932e-06,2.087238054775581e-06,2.8617890594917624e-06,8.525138862857167e-05,-5.597352250442296e-06,1.8944600932699713e-05,1.8405026075481696e-05,1.0572487825542758e-05,1.6394674591330705e-05
1994-07-01,-1.190689695178199e-05,1.4650913284626287e-07,3.1663877692116073e-06,0.00010639053908312909,-1.3194914352883063e-05,7.073954073903368e-06,4.741152606108889e-05,1.0398431419988565e-05,2.0250023974356203e-05
1994-08-01,-2.9342892454630533e-06,2.635515732271306e-06,2.679029833659854e-06,9.9732881570681e-05,-7.163859900430076e-06,3.1186271812275456e-07,4.872565192302309e-05,9.388904267774211e-06,1.4619299254677879e-05
1994-09-01,-2.008754801282933e-05,-6.606879402656636e-06,2.2351859994966492e-06,0.00011672078675277078,-1.1027912103733282e-05,-1.0331686481516495e-05,3.57584497092353e-05,8.997277355277263e-06,2.297400672127941e-05
1994-10-01,-1.4413309191762443e-05,-1.1066969871439635e-06,3.497094939764584e-06,9.490281631655199e-05,-4.248415107397251e-06,-4.474688434617708e-06,3.796026323949591e-05,1.4480054130234519e-05,2.1172522923793453e-05
1994-11-01,1.1033737300261386e-05,-3.482566922958778e-06,2.879194700047179e-06,7.641802604669609e-05,-4.544310996839388e-06,1.6751490222716813e-05,3.5201469211461864e-05,4.297754405313904e-06,9.066899917498943e-06
1994-12-01,3.601528783097104e-06,1.0694327309430701e-05,1.6520970408900843e-06,5.2024020808275156e-05,4.5936502947560405e-06,7.448175345844893e-06,2.2991412361834827e-05,1.0428996214503877e-06,-2.538205999283937e-07
1995-01-01,1.7023713149151108e-05,6.353256696606752e-06,3.224139133331526e-06,5.582311531600556e-05,7.065172332695824e-06,1.1546169353981767e-06,1.6411134578562835e-05,8.811849067751573e-06,3.4476475307083297e-06
1995-02-01,1.7506393284029846e-06,7.2224560197387615e-06,9.36648101679771e-06,5.897706714565599e-05,6.717492603443025e-06,2.934406025620856e-06,2.109653283468394e-05,-2.3610198161303717e-07,-2.8188656846338532e-06
1995-03-01,1.515286508221936e-05,1.7837516835699142e-06,1.1215045802312403e-06,4.966421725495591e-05,6.402925229357157e-06,5.93107416822835e-06,2.6469012460518918e-05,3.952610947004066e-06,6.932722912028092e-06
1995-04-01,4.896313069261672e-06,2.056928613697116e-06,2.1314314128227194e-06,7.831468256314521e-05,6.709214514651288e-06,1.0186011807179319e-05,2.8397807148992804e-05,1.0873093176893192e-05,7.801922235160101e-06
1995-05-01,-1.0012524844650181e-05,1.038723692313906e-06,8.41450080574837e-06,5.068242217633912e-05,1.1297826690229778e-06,6.9823914447784895e-06,2.868754025670347e-05,6.154582565605154e-06,9.937669143427316e-06
1995-06-01,-1.1188013453076322e-05,-1.055632771994642e-06,5.144655733013675e-06,9.521026178707309e-05,-4.035744737018668e-06,1.2503876668864671e-05,1.9018732547958857e-05,1.0243958428721451e-05,2.1195869900184742e-05
1995-07-01,2.313549366240856e-06,-2.231121380420783e-06,3.1827486893728588e-06,0.00014192351683882468,-3.742785061143229e-08,-1.9910568054605176e-06,3.007825917371468e-05,1.2429373869739071e-05,1.6460803111313236e-05
1995-08-01,-2.976149371676791e-06,-2.52913257692319e-06,6.4277594957323555e-06,0.00013849638807904703,-1.0970232159533092e-06,8.621453025541706e-06,2.7122981475065858e-05,1.0111509008053719e-05,1.2032025607735868e-05
1995-09-01,4.217509788339537e-06,-3.271609583221021e-07,4.043669923713131e-06,9.674170821354376e-05,-7.876777936382966e-06,8.960854666002774e-06,3.594742412705367e-05,1.1965800897401998e-05,1.4101547805669217e-05
1995-10-01,-8.1085644225515e-06,1.446901028067044e-07,5.517169728641679e-06,8.521860861545087e-05,-3.6715088301823945e-06,2.3714959877829846e-06,4.8323166870695096e-05,6.485706117274491e-06,6.162860654396885e-06
1995-11-01,9.631379858133182e-06,5.740678126018483e-06,3.7787710823776666e-06,8.80993835149741e-05,-1.3950344124557097e-06,8.323441829039302e-06,2.158494007339621e-05,5.873127546686215e-06,1.0227402251137986e-05
1995-12-01,-4.513322901981035e-07,7.984040188578231e-06,8.48900360487397e-06,4.193248232347691e-05,3.919498591837136e-06,9.118138353045708e-06,1.0219124162346252e-05,6.907888645652893e-06,1.0221675147304446e-06
1996-01-01,1.2501505674841241e-05,3.006962314395885e-06,-1.528819537418766e-06,6.007321771589732e-05,2.2150004037615833e-06,-1.689225348055351e-08,2.8502736096520725e-05,4.257902150511437e-06,1.3491458063134119e-05
1996-02-01,1.2942484465989894e-05,2.3589934784223654e-06,2.1070055977659967e-06,5.3575530221829504e-05,8.028720793190676e-06,1.018057970643825e-06,1.8801202691250487e-05,8.010721658858078e-06,1.531033299122868e-06
1996-03-01,1.6713303108669133e-05,6.021817315106018e-06,2.565983523247233e-06,3.601737468038031e-05,7.2007606138911785e-06,7.839729882698406e-06,2.5892861618294035e-05,3.0159618815621907e-06,7.038768404897799e-06
1996-04-01,8.406702614175243e-06,-9.528472387756374e-07,4.392895658005913e-06,8.367008282593309e-05,1.5670315677880636e-06,1.6857296183329915e-05,3.412746557545754e-05,-2.508809998043245e-07,-1.8618035225718315e-06
1996-05-01,-9.331444270599932e-06,7.390713884885527e-07,1.9720120902715066e-06,8.463303651272706e-05,-5.587624329419583e-06,7.452748494547547e-06,3.419046254562163e-05,8.56065761650445e-07,7.659738539372428e-06
1996-06-01,1.5409952267913206e-07,2.0440086276018977e-06,4.320899120675522e-06,0.00010986782284702923,-2.527771492877949e-06,-7.612526941836839e-06,3.1373598022570076e-05,1.1979530779195906e-05,1.5840345093538148e-05
1996-07-01,-3.904705269321685e-06,-1.1598372836005185e-06,4.257902150511437e-06,9.973431021777664e-05,-4.9486550606123555e-06,-1.2337299704143773e-05,3.254354175418893e-05,6.255806061429789e-06,1.9368175422727324e-05
1996-08-01,-2.536771060044241e-06,-1.0158442089397229e-06,3.6909294190346002e-06,0.000137559491017731,-2.8697550451973065e-06,-4.848697461280955e-07,4.925573798200602e-05,1.170954376420694e-05,1.5489361974052484e-05
1996-09-01,2.3589934784223654e-06,-9.168489701104419e-07,4.167906478848448e-06,6.334906016443013e-05,-2.527771492877949e-06,1.0944580555071528e-05,5.27655691768626e-05,1.640731782501497e-05,8.325706509678546e-06
1996-10-01,5.742830732950759e-06,1.0630558064753261e-06,8.631691793332708e-06,8.322010446761813e-05,-1.0158442089397229e-06,1.4220423003604335e-05,2.7971761633709084e-05,1.2690496585333525e-05,1.0170617778769824e-05
1996-11-01,8.964675778485773e-06,3.8079237921964925e-06,1.4230384931272815e-06,5.545643975958598e-05,-5.281639045765421e-06,1.7982242079117282e-05,2.6234845170613393e-05,7.038768404897799e-06,1.471539919775078e-05
1996-12-01,1.566035375021217e-05,7.614740703540927e-06,-3.3187710430100767e-07,6.738086625493204e-05,3.5019385085423304e-06,9.639643315958183e-06,3.11396092762463e-05,1.8910159857748234e-06,-1.2678320895961052e-06
1997-01-01,1.318640174649758e-05,6.5790076102259455e-06,7.21527519371877e-06,3.0032809610976784e-05,7.127176605235144e-06,1.3264711602927463e-05,5.443514691992607e-06,-8.809061938203728e-09,-4.08092159629227e-06
1997-02-01,2.001893672000512e-05,3.104007731149762e-06,-2.7202878408230094e-06,4.330633027584246e-05,4.415697826350352e-06,3.720697850535115e-06,3.29106968347751e-05,-4.433315950226759e-06,-1.3498653533000068e-06
1997-03-01,4.582106271263861e-06,9.202387800627125e-06,-7.26225951375639e-06,4.673238649464997e-05,1.1277598996019107e-05,1.0543444091988928e-05,1.224668346933895e-05,-8.711891836808727e-08,4.337387969920468e-06
1997-04-01,-1.0140146737554705e-05,-1.4575414058910899e-06,-1.3606257863677126e-07,3.483907704936104e-05,-1.9763442047390886e-06,9.789711723851279e-06,2.091950006894881e-05,8.027739954178845e-06,8.849993446692636e-06
1997-05-01,-1.2352400181698983e-05,-3.2684568358322077e-06,2.0957683296149774e-06,9.517682142858817e-05,-1.986132936792831e-06,-4.26690750531325e-06,2.070414796376663e-05,1.3166824282390108e-05,1.3117880622121424e-05
1997-06-01,4.414726125336402e-07,1.1266838562951347e-06,-6.89028769571443e-06,0.00014100766490417893,-2.2504287022436946e-06,8.115838542662457e-06,2.7252809707715837e-05,9.261120192949538e-06,1.2354359521930033e-05
1997-07-01,-1.3889231114135495e-05,9.700641434353676e-07,2.5460500040868213e-06,0.00012197836979171663,-8.123667934485136e-06,3.6228105299977606e-06,3.37329503272889e-05,1.5016894640546154e-05,2.1800485953785026e-05
1997-08-01,-2.5537822258081024e-05,-3.817525809941683e-08,4.151402060899488e-06,9.876928609230917e-05,-8.74035805387049e-06,1.2823318681409247e-07,4.4931259796762595e-05,1.676907767816486e-05,2.4590274589099715e-05
1997-09-01,5.130275266273059e-06,-1.4966963341060452e-06,-2.7398653049304802e-06,0.0001426521718892065,-6.616203198209837e-06,1.2539373729937022e-06,6.0172315604429146e-05,1.454703550196684e-05,2.2397598609062908e-05
1997-10-01,2.614571128462976e-06,-4.031977936023599e-06,-9.3472594412021e-06,0.00013009322866426357,-1.3792315494612063e-06,1.1483162369147558e-05,4.21121049652867e-05,1.0259570862430594e-05,1.135590885244899e-05
1997-11-01,6.255979452452669e-06,6.764021818232908e-07,-9.768174919512745e-06,0.00010345808874604861,-2.4657808074258743e-06,5.355416103508981e-06,3.339034470540815e-05,3.035486606773607e-06,9.143655408304713e-06
1997-12-01,1.058259902020387e-05,6.265768184506411e-06,5.589373971784655e-07,8.613203301093633e-05,4.787669644392312e-06,4.396120362242881e-06,2.6264147770288523e-05,4.6799935918012155e-06,-5.5100764761376985e-06
1998-01-01,8.389879691523128e-06,1.279677686914639e-05,-4.761703614817781e-07,6.397252354051853e-05,6.752534495093929e-06,-1.6519235610453032e-06,9.87916707763692e-06,-6.790400507285866e-06,6.099338273114195e-06
1998-02-01,-6.590086999212084e-06,9.774655682120162e-06,2.145323809396879e-06,8.53189760748162e-05,1.918882452443906e-06,9.983678473153679e-06,2.3953368340560228e-05,-1.617086429206377e-06,-9.664463883996687e-06
1998-03-01,4.1217650041065675e-07,8.98211093278475e-06,4.218133153812567e-06,9.550012785474031e-05,3.922017533181755e-06,5.202282128262032e-06,2.9875680753176473e-05,1.579220417014447e-06,-5.989146474990726e-06
1998-04-01,-1.758991137735079e-05,1.335360494142011e-06,4.557229152093043e-07,0.00011189970766791146,2.650462221061207e-06,2.815938597296076e-06,3.6381515124094614e-05,1.352779060061474e-06,6.037807255247101e-07
1998-05-01,-6.468157037775863e-06,-2.932754193274529e-07,2.1975795071552614e-06,0.00010236304282700736,6.256105366389336e-06,2.990124256490666e-06,3.215751288862568e-05,6.926720154288526e-06,-1.1554944323406965e-06
1998-06-01,8.076345504972853e-06,1.2656862304641722e-06,-4.735009728789641e-06,0.00011217840472262282,-3.176048078998009e-06,-5.632631910790732e-07,5.215402656416523e-05,5.367758504496894e-06,7.170580077160962e-06
1998-07-01,9.78336496507989e-06,2.025876722281506e-08,2.154033092356614e-06,9.129354418519083e-05,-2.731874648051798e-06,-3.176048078998009e-06,2.7097419489022676e-05,7.44927713187231e-06,1.108104812607963e-05
1998-08-01,5.385177070416357e-06,3.1033449349671525e-06,3.512115196925461e-07,9.126741633631164e-05,3.163743878536267e-07,8.276659013046641e-06,4.794744289461575e-05,2.2933816197122847e-06,8.642448897355292e-06
1998-09-01,2.981414973530938e-06,7.605478187998441e-07,1.5356740022157993e-06,0.0001046797120942955,-1.4167729211325954e-06,8.564065350717725e-06,5.1439865361467386e-05,1.4747656252125863e-05,1.1681988650300982e-05
1998-10-01,1.4573470592931266e-05,1.8927546035647148e-06,1.9275917354036342e-06,5.777151407319094e-05,1.492127587417145e-06,1.182133717765666e-05,5.316430338749389e-05,5.193572845302304e-06,8.076345504972853e-06
1998-11-01,9.696272135482595e-06,2.3543466004303953e-06,7.605478187998441e-07,7.493751078681831e-05,-1.1293665834615188e-06,7.005103700926093e-06,2.1453804131117785e-05,1.936301018363369e-06,5.768385520644464e-06
1998-12-01,2.2289895295251844e-05,4.2616795686112145e-06,5.509589906173447e-08,2.91528102675189e-05,2.3020909026720196e-06,8.34633327672448e-06,1.5653421679937754e-05,-2.697037516212872e-06,3.7478318739871583e-06
1999-01-01,2.026495256020234e-05,2.2485192799248692e-06,-4.4263162331872885e-06,2.9052281141844582e-05,3.718428905556071e-06,8.50567555515276e-06,1.636125814459162e-05,3.0035548253310622e-06,2.409165140649592e-06
1999-02-01,1.6329128972446674e-05,5.60601776907154e-06,-3.9122494788681864e-06,3.319694434854238e-05,7.381154530079707e-06,7.606058735094318e-06,3.561466455244944e-05,4.577884260433329e-06,3.059780876584713e-06
1999-03-01,9.011710016435632e-06,-1.0607854510043808e-06,2.160164056526278e-06,8.554339806569276e-05,-2.8198576259400742e-06,1.1903335509480608e-05,3.3421848553557e-05,3.6461382682299466e-06,5.156209359042326e-06
1999-04-01,3.7103966125198344e-06,-3.992572409230541e-06,-5.949124549026928e-07,7.291663341272967e-05,-4.691381903383076e-06,4.859014516701591e-06,3.9389842279480386e-05,5.148177066006089e-06,1.2875242966865168e-05
1999-05-01,4.9794989122451294e-06,-1.711401186939502e-06,3.0838777556934236e-06,8.29248705358798e-05,-4.811866298926615e-06,-3.14114934738952e-06,3.63857646839281e-05,5.911244904448512e-06,6.875120068796835e-06
1999-06-01,-7.716229016998825e-07,-1.4704323958524245e-06,4.1120112643316345e-06,0.00012239555851594375,-2.4102106810920372e-06,1.0610136330646603e-05,3.0144672994772688e-05,8.015705679942355e-06,1.4778896416453118e-05
1999-07-01,1.1802243061054743e-06,-7.234291434824684e-07,3.220426737309436e-06,0.00010204976025515784,-9.277821227073865e-06,9.582002822008392e-06,6.04906760856725e-05,6.577925226456107e-06,1.2851146087756464e-05
1999-08-01,-1.7133403816512726e-05,-5.547509897215088e-07,3.429266356251573e-06,0.00010487712740391293,-3.430311896694018e-06,3.160640192371788e-08,3.645002302821799e-05,1.338127742814804e-05,1.938943261925261e-05
1999-09-01,7.308863892753583e-06,-1.7917241173018633e-06,3.2445236164181396e-06,0.00010884508016381354,-3.8640557206507655e-06,1.0650297795827787e-05,4.0530427890625906e-05,1.002377893900137e-05,1.3108179464916015e-05
1999-10-01,6.521699175202449e-06,-5.86880161866456e-07,3.06781316962095e-06,9.834687316545302e-05,-1.4945292749611282e-06,3.96386949599547e-08,4.291601892238801e-05,2.5778432944105516e-06,1.2899339845973879e-05
1999-11-01,-9.563656415333157e-07,1.9754213166928446e-06,4.079882092186694e-06,5.775166416031601e-05,-1.301754242091465e-06,1.981514415017312e-05,3.723718774576912e-05,-4.6190912660569586e-06,5.453404201383054e-06
1999-12-01,3.4132017701790992e-06,3.6381059751937098e-06,-1.2294636047653404e-06,5.552671898927862e-05,5.4855333735280015e-06,2.4894880710119534e-06,6.54579605431116e-06,1.3729993389751443e-06,6.995604464340381e-06
2000-01-01,-7.654996543775755e-07,1.6677313669789784e-06,-8.202162676603064e-06,5.2072675968325286e-05,4.833440817491246e-07,6.687277480572122e-06,2.360638214120249e-06,6.026598858879288e-06,1.0973631465213464e-05
2000-02-01,6.969274453245897e-06,4.197647064680815e-06,-1.788745812365266e-06,6.531041957126838e-05,3.0535450612615125e-06,1.6984195511345874e-05,6.091055309776148e-06,6.7195057060205515e-06,-7.171573162049306e-07
2000-03-01,1.2955667330291978e-05,2.2478394250507306e-06,1.4582479015641704e-06,6.74052542254164e-05,3.8109083592996427e-06,9.152736727377105e-06,1.9651081167203552e-05,-5.479591326006735e-07,1.9013860014800954e-06
2000-04-01,9.297763741895047e-06,1.2077654545427448e-07,4.60049988278621e-06,7.875764663962628e-05,4.833440817491246e-07,7.823322427629324e-06,2.2293795653974907e-05,7.71858069492192e-06,4.1331906137839555e-06
2000-05-01,1.9738995087390627e-06,-7.735567107396829e-07,7.613838962214516e-06,9.860217645949775e-05,-5.035739526294703e-06,9.781187123621516e-06,3.475000478979354e-05,7.541325454955548e-06,9.450847812775096e-06
2000-06-01,-1.2166948106556215e-06,-1.651775854209439e-06,2.6265210740697957e-06,0.0001663297922393758,-4.391175017326077e-06,2.548438997336959e-05,2.9923828028890982e-05,7.976406498509366e-06,1.333434897931105e-05
2000-07-01,-5.76893165524651e-06,-1.4664635578809533e-06,1.659674310616871e-06,6.869438324335364e-05,-4.503973806395595e-06,1.9062916052769686e-05,4.0502743032338504e-05,1.3358520148397373e-05,1.5993177578806614e-05
2000-08-01,5.801001280740265e-06,-2.5702802794897188e-06,1.2326503234251474e-06,0.00011519165550907768,-7.162802405891159e-06,-1.0313825143271359e-06,4.180798616299996e-05,7.2512714259196655e-06,1.1344256057870421e-05
2000-09-01,-7.565655223996546e-06,-3.899694579237507e-06,-5.647869451209009e-08,0.00011475657446552385,-2.0385145595906115e-06,9.346106080067692e-06,4.427344540980495e-05,4.0284488810765515e-06,1.3817772361037513e-05
2000-10-01,3.1582867939689097e-06,7.572839980607925e-07,7.573553680403978e-06,9.377599969859519e-05,-5.333850611692693e-06,7.944178273060936e-06,2.8014305671071435e-05,1.5791037469957826e-06,7.678295413111382e-06
2000-11-01,-6.139556247903468e-06,1.2568214925114698e-06,-9.233465890952862e-06,8.225440910078106e-05,-2.5461091104033963e-06,1.5187471942595838e-05,2.7869278656553493e-05,-1.1602954161208555e-06,7.082073242315402e-06
2000-12-01,1.2319159877685467e-05,7.041787960504864e-06,-2.9570189848708914e-06,4.80522048436335e-05,5.05975209542635e-06,1.3898342924658594e-05,1.817663985293783e-05,-3.626468362721879e-07,2.2317253123265156e-06
2001-01-01,1.8474934107762548e-05,2.100001865976283e-06,2.51671500573256e-06,5.5685523337362446e-05,2.952369651841385e-06,1.192117290977753e-05,2.3333430487193637e-05,4.183567564757654e-06,3.738442165472541e-06
2001-02-01,1.3682733000565405e-05,4.74234200215811e-06,-6.527854277613818e-06,1.716797016943606e-05,1.0879390060386851e-05,6.617551131061328e-06,4.144151056023894e-05,2.6966593160818625e-06,3.605851621004636e-06
2001-03-01,1.2243178517771012e-05,3.113372455838126e-06,1.7495839984539655e-06,5.770279376390986e-05,3.208079987600921e-06,-8.774211774414324e-08,1.404262162126401e-05,3.918386475821844e-06,1.0396381648396629e-05
2001-04-01,1.3635379234684021e-05,1.8821745429218706e-06,7.96239808209294e-06,8.236463503494017e-05,3.2743752598348667e-06,2.526185758908834e-06,3.138357068703072e-05,7.96239808209294e-06,2.232592410444188e-06
2001-05-01,9.032593191012455e-06,3.5738328154096943e-07,6.415058768293277e-07,0.00013036241213232178,5.562690982428202e-07,1.3985797102206339e-05,3.8761287411352005e-05,8.824236621134316e-06,6.63649263741389e-06
2001-06-01,-3.6487453120250175e-06,2.422007473969765e-06,1.8442915302167607e-06,9.496073675939115e-05,-7.872701228645417e-06,2.077632712959833e-05,2.863705226590984e-05,6.986910504936208e-06,1.0614208971451041e-05
2001-07-01,-1.3024790956541152e-05,-2.8910850579227107e-06,-7.317533337311067e-07,0.00014651951705105362,-5.050416782114301e-06,9.919237443516452e-07,2.0170198926316478e-05,7.299445359753415e-06,1.9128416076925786e-05
2001-08-01,-9.264901945558427e-06,-1.6314748854776061e-06,6.172425731776229e-06,0.00011297410930067366,-5.8080770362166215e-06,9.316715786300827e-06,4.6688307819897465e-05,9.032593191012455e-06,1.757521255601605e-05
2001-09-01,1.408636884107922e-06,-9.874636694906427e-07,1.6075227008097864e-06,9.730001279393204e-05,-5.533425194104524e-06,9.714487419704542e-06,5.3204186005177367e-05,8.293874443262696e-06,1.8342343563294643e-05
2001-10-01,-7.98048605965066e-07,2.620893290671629e-06,3.984681748055789e-06,9.693065342005717e-05,-8.97130859709378e-06,-1.5841211195962221e-06,4.2568530188216135e-05,9.193595995009196e-06,1.13529277192008e-05
2001-11-01,5.27270418002973e-06,-1.6409456386538938e-06,2.721465029544484e-07,8.647494191344523e-05,-4.813647952707327e-06,9.222008254538032e-06,2.0009196122319737e-05,8.975768671954783e-06,3.9467987353506795e-06
2001-12-01,3.1417847153669616e-06,1.9011160492744323e-06,9.174654488656648e-06,2.6487191294894522e-05,8.767412102076645e-06,1.2366298309062643e-05,2.1496104370995528e-05,3.6721468932385818e-06,3.1228432090144135e-06
2002-01-01,1.8387820756751644e-05,9.803341566418522e-06,-1.9950313109358696e-06,5.220982300516756e-05,3.840723015497479e-06,1.4877910545925782e-05,2.724294362599182e-05,-7.771347558541223e-07,6.953125322928602e-06
2002-02-01,2.986503903947094e-06,5.0924500304426104e-06,6.665566414089857e-06,4.4800952295086955e-05,8.889919150107211e-06,6.919294863065225e-06,2.713299463143583e-05,-1.2589840348402868e-07,3.4347574971368966e-06
2002-03-01,4.6019083624235745e-06,4.990958650852458e-06,-3.196012636085918e-06,8.350299837879569e-05,9.059071449424118e-06,1.0023239555530498e-05,1.570675681257864e-05,2.9780462889812448e-06,9.101359524253345e-06
2002-04-01,2.0189292744476724e-05,-2.4430501300586635e-07,-3.2042354769847047e-07,9.64769797364026e-05,-1.3133710220954324e-05,1.6011230951349075e-05,3.891445227885853e-05,2.12382717743086e-06,1.5909974345825904e-06
2002-05-01,-2.8999961122813374e-06,-2.984572261939791e-06,1.7516921189336616e-06,0.00014355206463629835,-3.3905377803003734e-06,2.631284075381581e-06,3.150558156877792e-05,1.0945119586807651e-05,1.4353538418043368e-05
2002-06-01,-6.638261927185019e-06,5.591684087494491e-07,1.6163702794801251e-06,0.00011145541584091488,-1.2541677173345136e-05,6.775750182712867e-07,4.8733743254205086e-05,7.502870295708557e-06,1.6231128940461052e-05
2002-07-01,-5.699466665976181e-06,-2.1893216810833164e-07,9.658210036584108e-10,9.135166506710026e-05,-7.551684343496323e-06,1.4979401925515927e-05,5.3875973153439114e-05,1.0640645448037214e-05,9.676477341930834e-06
2002-08-01,-1.0351154897191166e-05,-4.498485340826119e-06,4.3397222984823644e-06,0.00011329917590346919,-2.9422841871105574e-06,1.6840077218001925e-05,3.774730141357185e-05,1.0522238838515383e-05,1.5216215144559602e-05
2002-09-01,-4.642264795245491e-06,-2.2149293000478596e-06,6.775750182712867e-07,0.0001010948375077542,-6.249211638756122e-06,1.892910811456575e-05,4.1451736768612164e-05,1.1376457950065768e-05,2.6185741755261137e-05
2002-10-01,7.189938541972277e-06,-1.8089637816872772e-06,1.4387603651973822e-06,0.000135745686022823,-4.862162784357481e-06,9.26205420860441e-06,2.924739837289719e-05,6.919294863065225e-06,1.6231128940461052e-05
2002-11-01,2.8680972944252565e-06,7.680480209991313e-06,1.0666253067001839e-06,9.276408676639646e-05,-7.348466810249023e-07,6.919294863065225e-06,2.6414097359338963e-05,4.610365977389424e-06,1.5165469454764526e-05
2002-12-01,5.109365260374296e-06,8.399377482088175e-06,-3.382080165334524e-06,8.390050628219043e-05,-1.2845916538048571e-06,1.1664016858904513e-05,2.054451257304223e-05,6.970040552860294e-06,-3.1790974061542327e-06
2003-01-01,7.520535896671185e-06,9.222571481361868e-06,5.410359125855692e-06,3.332026917277337e-05,8.936004265572112e-06,8.458392239255845e-06,2.355961612587372e-05,3.3696531952316557e-06,8.614701629686624e-06
2003-02-01,1.7758800969887097e-05,1.0785665385669644e-05,8.771011020117403e-06,5.2659214311070096e-05,1.0577252865095274e-05,6.165854512937778e-06,1.676015764213491e-05,5.705610196669377e-06,-1.8522345320101097e-05
2003-03-01,8.258663573705412e-06,3.630168845949616e-06,2.4665322727427134e-06,4.481769322445943e-05,4.845908549300103e-06,9.804389767965316e-06,4.802489274180442e-06,5.445094545951417e-06,5.2627335904488425e-06
2003-04-01,-4.332926210996095e-06,2.0410233765700444e-06,-2.688820597958818e-07,7.886708877329709e-05,-2.587471351185751e-06,1.2583223375623579e-05,2.9204121891429567e-05,9.248623046433663e-06,7.147130130642106e-06
2003-05-01,4.5187790719047936e-07,5.063004924898409e-06,2.6315255181974287e-06,0.00010484049914987792,-5.7744461449688175e-06,9.248623046433663e-06,3.285134100148104e-05,2.075758796665776e-06,4.2727741177205845e-06
2003-06-01,-1.5613253887083856e-05,-1.0388881434117328e-07,5.801132601932629e-06,0.00012021960639726162,-6.512573822003051e-06,3.476716469032979e-07,1.28871583014612e-05,1.0881187790932896e-05,2.596790098101697e-06
2003-07-01,-8.440389637315963e-06,7.644966880520306e-07,1.5460436402059188e-06,7.73560979991329e-05,-7.797784365544988e-06,1.805405204070079e-05,5.368390920389408e-05,7.3208072311207445e-06,1.1914566538780808e-05
2003-08-01,-1.0689508088514369e-05,-1.1633191272608878e-06,2.405745287575193e-06,8.854958712498136e-05,-4.523971021522599e-06,4.368296522983843e-06,3.326816604262978e-05,1.3807646933998002e-05,2.363777082108911e-05
2003-09-01,-7.407010889468044e-06,-4.098462125349923e-06,2.127861926809367e-06,0.00010689857279054982,-1.1158436259806699e-05,1.2175082189498776e-05,4.326328317517559e-05,1.1879831118685083e-05,1.0255950229209787e-05
2003-10-01,-2.1445947449652162e-06,-1.0243774468779747e-06,3.664904266045341e-06,9.441118926613551e-05,-3.6034823889857976e-06,1.639543573112976e-05,3.101036373640744e-05,-6.046953922151884e-08,7.303439521072879e-06
2003-11-01,-9.482452240187818e-06,-9.520495931725052e-08,7.847214116139432e-08,6.518133325558014e-05,-4.836589802384157e-06,1.3416873457921058e-05,2.3533564560801923e-05,5.149843475137725e-06,1.0412259619640566e-05
2003-12-01,1.8601134907208506e-05,1.2644010360791106e-05,-4.946622904181174e-07,6.496423687998184e-05,9.387564726816576e-06,9.378880871792647e-06,2.6164772633053344e-05,2.7791510536042714e-06,8.962055830643907e-06
2004-01-01,-9.151396244685224e-07,5.922155130334578e-06,5.514751556861858e-06,2.99146829681087e-05,8.747410346373691e-06,1.6585500836011963e-05,-1.7210901719906486e-06,3.575156283154758e-06,5.931011729757907e-06
2004-02-01,8.304580375207685e-06,8.224870980397812e-06,8.207538625022172e-07,3.8417018414495984e-05,6.51554729169703e-06,1.95524616428242e-05,1.0474447233921102e-05,-1.1188414112048826e-06,-6.228718434989609e-07
2004-03-01,8.765123545220334e-06,1.3583113631506462e-05,4.98335559146265e-06,5.3145543255477286e-05,5.160487579929053e-06,1.6355610094476582e-06,2.209430567731706e-05,2.2466663696567524e-06,4.788510404149618e-06
2004-04-01,1.468133195999815e-05,2.3086625656199824e-06,-1.5173883852542884e-06,8.94841706893596e-05,2.3621830056309422e-07,1.233433311281833e-05,1.7214319395067694e-05,-4.719288098315258e-08,2.1935267731168235e-06
2004-05-01,-2.3499087310463723e-06,-2.1019239471934114e-06,5.638743948788345e-06,8.006960550237035e-05,-4.395783197833316e-06,3.2828885021851965e-06,2.5512953054718616e-05,3.8497108652776766e-06,5.5590345539784585e-06
2004-06-01,4.035699453167407e-06,1.9898249863804633e-06,4.124265447400609e-06,0.00010515149506921283,-1.7096146770874317e-05,1.4194218991715542e-05,2.97818339767589e-05,1.3078668307848243e-06,6.072717320531023e-06
2004-07-01,-1.2021315301311914e-05,-7.114378377321622e-07,2.140387176576908e-06,9.99349580088773e-05,-6.415087866350303e-06,1.2617744294364562e-05,4.862867754958404e-05,1.2688597089751134e-05,1.504445253635427e-05
2004-08-01,-5.458575128631732e-06,-3.3152780681882716e-06,3.5397298854614856e-06,8.427649022844739e-05,-6.282238875000501e-06,1.0651579222387505e-05,8.187635178472765e-05,1.5460712709250318e-05,2.3369655994275156e-05
2004-09-01,-1.3048680834417043e-05,-4.368832556092436e-07,6.568686888236945e-06,0.00010117488192814212,-6.220242679037257e-06,5.0719215856958515e-06,4.655623328452714e-05,9.801345677748778e-06,1.9286763660124596e-05
2004-10-01,8.366576571170928e-06,6.790482717290871e-07,-1.8889847175628275e-07,9.696799720206507e-05,1.883545793300619e-06,1.2325476513395001e-05,3.522864262210075e-05,7.383494035182399e-06,9.898768271405308e-06
2004-11-01,-2.0842107483467684e-06,3.592869482001401e-06,2.5920737471662292e-06,9.199058832615918e-05,-1.8273693650704928e-06,8.180587983281211e-06,3.312962855877389e-05,1.3618540029199734e-05,1.22811935162784e-05
2004-12-01,9.083961124459853e-06,5.019162832626845e-07,-5.697322469590455e-07,6.246268584881002e-05,3.3891676952650407e-06,2.485794554086385e-06,1.5416429712133717e-05,-2.3587653304697005e-06,8.490568963097402e-06
2005-01-01,1.5351440828968492e-05,7.934732274772458e-06,5.608733275074813e-06,3.834654837758076e-05,6.544099420860701e-06,4.102214350003739e-06,1.0484225840277343e-05,-1.1457691582108674e-06,3.034406980035784e-06
2005-02-01,6.403380620167247e-06,1.2437733896962905e-05,-6.650357538278239e-06,4.649996124128957e-05,1.1593421092802197e-05,9.06876025683145e-06,1.176725019954117e-05,1.5444432079874792e-06,-1.1376853726275933e-05
2005-03-01,-2.1556334925991667e-06,-8.974418628694832e-07,4.838918659516524e-06,7.544664630158371e-05,2.7612469551602697e-06,8.952874185672139e-06,1.3017164252759473e-05,1.1891413847211863e-05,7.3801346485100275e-06
2005-04-01,7.4298001075783084e-06,8.282390488250397e-06,4.8803065420734165e-06,8.401393799086149e-05,5.964669065064134e-06,-5.516329556219234e-06,2.248671178177763e-05,7.86023408617004e-06,1.132853864443805e-05
2005-05-01,3.7048906774575323e-06,2.148706293318177e-06,3.2827342753771684e-06,0.00013910948725060347,-2.867505072577794e-06,2.0019993981386537e-05,1.8836300540259265e-05,1.1643086551870472e-05,8.21616987615936e-06
2005-06-01,-1.9877924803462678e-05,-6.739472970622294e-07,3.787666442571318e-06,0.00014215563540679113,-3.918757289523e-06,2.132151140295428e-06,1.4556793483876059e-05,1.625369666870886e-05,2.029315400626206e-05
2005-07-01,-9.32401475145381e-06,1.908656574488174e-06,4.267765880231337e-06,0.00010212527539775986,-6.559304196653059e-06,7.2808037303734725e-06,3.3570386730514785e-05,8.332055947318671e-06,1.4159469811329845e-05
2005-08-01,-1.877700712744921e-05,-1.4189291830863819e-06,5.1534665669489445e-06,0.00012972271548669913,-4.73823736414957e-06,4.838918659516524e-06,3.0333854314565402e-05,1.744566768634751e-05,2.1352683799718632e-05
2005-09-01,3.026129403524403e-06,-1.9384785940222357e-07,5.44794359391606e-08,9.277161393990102e-05,-9.481288705170027e-06,1.2263904790223939e-05,5.991791276623575e-05,4.408484680924785e-06,7.363579495487272e-06
2005-10-01,6.7427612571338045e-06,-1.104381275653961e-06,4.284321033254093e-06,9.426157771194932e-05,-4.93689920042268e-06,1.0169677932844922e-05,4.217906630234947e-05,1.3043934891574763e-06,1.1485812598154261e-05
2005-11-01,1.3472430960885348e-05,5.890170876461716e-06,-6.491145675280855e-07,8.600055635359258e-05,-4.878956164843025e-06,1.3414487925305686e-05,2.8901833578096746e-05,8.332055947318671e-06,1.4283633459000537e-05
2005-12-01,6.5192666913265574e-06,4.789253200448243e-06,-1.0216055105401753e-06,5.823756473442571e-05,-4.912066470888536e-06,1.6437741261240274e-06,5.923281182507234e-06,8.241002605693498e-06,5.219687179039981e-06
2006-01-01,8.233150329794464e-06,6.040326237449778e-06,6.201602350009989e-07,2.611174030850804e-05,9.037775299162884e-06,9.152721723358373e-06,2.1885248711166257e-05,3.637412887187594e-07,-1.8113987383650937e-06
2006-02-01,7.852942926686315e-06,5.4213839533202225e-06,3.53803100304031e-06,3.438788285058317e-05,5.854643552210913e-06,7.684944306708291e-06,1.21590128177019e-05,4.687495244995185e-06,1.2008698262984723e-05
2006-03-01,1.2848691362874823e-05,5.582660065880441e-07,-1.9175031299301494e-06,6.324827735628105e-05,7.189790479404652e-06,9.471034898053568e-06,8.648725863424308e-06,1.692165708494747e-07,3.927080438778886e-06
2006-04-01,3.6352933619749524e-06,1.0799459317829501e-06,2.3001464347812065e-06,5.6386860035073464e-05,6.111062498493153e-06,2.3989652477206728e-05,1.4466783334242076e-05,9.833558235900877e-06,-2.7398121645594162e-06
2006-05-01,-1.38365631157392e-05,2.75320962414544e-07,-7.680388879752816e-07,8.667966382689973e-05,-3.845066243362183e-06,1.592783824347436e-06,2.8985400913395236e-05,7.561155849882381e-06,1.4360678942677014e-05
2006-06-01,-1.7895056093102972e-05,-1.1305622258225769e-06,1.592783824347436e-06,0.00013132308657790113,-2.934336882428701e-06,7.826416828795048e-06,1.4228048453220684e-05,7.242842675187187e-06,2.0709258371320115e-05
2006-07-01,-1.49506592271724e-05,-2.8105484256027912e-06,5.120754843885875e-06,0.0001220035841854362,-1.2793203265349388e-05,-8.469449309072969e-06,4.802441669190674e-06,8.719462124467683e-06,1.6438556610826218e-05
2006-08-01,5.394857855428962e-06,2.576368971536901e-07,1.6988882159125053e-06,0.00011877624227533211,-4.738111539034811e-06,3.909396373518039e-06,4.381348963461318e-05,5.545172410146132e-06,1.253922022081005e-05
2006-09-01,-1.205047252439393e-05,-9.360375079532922e-07,6.555283655226864e-07,9.515917311947457e-05,-6.930935631379505e-06,3.016351077845404e-06,4.019709828877052e-05,1.1195231260985883e-05,1.7667599146454894e-05
2006-10-01,2.1342673400158918e-07,9.196931886510481e-06,2.194042043216144e-06,0.00012375430664625977,-8.476171816490768e-07,1.205290842613683e-05,2.7791726508288247e-05,1.0001556855878894e-05,1.5412880825697246e-05
2006-11-01,7.729154469860405e-06,1.4689953675215263e-06,3.1312975020408935e-06,7.850962567638968e-05,-4.85093843801768e-07,9.43566676753188e-06,2.363597117198984e-05,5.209175170190091e-06,9.992714823248474e-06
2006-12-01,8.418833015033336e-06,7.0748440552091695e-06,3.548992560883392e-07,7.041032378692299e-05,-1.1747723889746914e-06,5.226859235450938e-06,1.4457941301611656e-05,6.420533640557927e-06,1.4555203660546298e-05
2007-01-01,1.6668000492895706e-05,7.114069515124749e-06,5.481002500500645e-06,7.117527917262475e-05,1.3347724753472358e-06,-6.112175600431668e-07,2.0589317096873338e-05,9.5339754378831e-07,-1.1686116907831217e-06
2007-02-01,1.3939702905589558e-05,7.563896357476303e-06,2.8504933571839785e-06,8.315436356133449e-05,1.1700347538230765e-05,4.7769257037764875e-06,2.0080817188128104e-05,2.762483757593457e-06,3.896829707871274e-06
2007-03-01,1.0781136164729778e-05,5.705915921676421e-06,4.258646950632306e-06,5.8472560298392953e-05,6.9576080047416e-06,1.177857829342234e-05,1.9386519235802893e-05,8.473328886578343e-06,5.37343521211223e-06
2007-04-01,1.3108501131679092e-05,4.571569971398604e-06,2.8113779795881913e-06,0.00011729230935805751,1.2760994089535549e-06,9.646790214451947e-06,1.2247962824571786e-05,8.849456329956823e-07,1.0458434299564533e-05
2007-05-01,4.757368014978594e-06,2.674474158002936e-06,-9.436982696073585e-07,0.00011709673247007857,-4.747668740797629e-06,7.006502226736334e-06,3.436770885498928e-05,4.659579570989126e-06,9.949934390819298e-06
2007-06-01,5.451665967303804e-06,-1.315294356767324e-06,-1.422861645155739e-06,0.00012093003947446568,-4.894351406781831e-06,-5.177937894351289e-06,3.03974980290169e-05,8.561338486168864e-06,1.028241510038349e-05
2007-07-01,1.4819798901494772e-05,-2.8505729274019603e-06,9.631763881872568e-07,8.604890150342272e-05,-1.3636638299440202e-05,7.837704000646813e-06,5.131444619836395e-05,1.2453318556949656e-05,1.662888511529992e-05
2007-08-01,1.7606769555194587e-05,2.102053694683656e-07,1.5107916745282784e-06,0.00010872604166458017,-4.777005273994469e-06,1.0595338121149788e-05,5.16175903747313e-05,3.740368197488125e-06,1.2159953224981265e-05
2007-09-01,1.9899550500766724e-06,2.1998421386731242e-07,2.7331472243966167e-06,0.00013024927818666192,-2.8505729274019603e-06,8.355982753790981e-06,5.98220408254476e-05,9.12851146130778e-06,9.588117148058266e-06
2007-10-01,-2.4691979958430346e-06,-5.036502716547519e-07,2.3126569152419037e-06,0.0001011963314773912,-4.151159232461873e-06,1.2091501314188637e-05,3.3184468682716714e-05,1.7161474069061615e-06,6.204636986022709e-06
2007-11-01,2.3908876704334782e-06,5.177858324133293e-06,-9.143617364105181e-07,5.9870935047442334e-05,-8.18982196922688e-06,3.6132432203018165e-06,1.8653105905881882e-05,6.795899006177992e-07,5.6179063220859e-06
2007-12-01,1.3978818283185345e-05,6.273088896815337e-06,2.8843612465994013e-07,4.591652409014536e-05,3.1634163779502766e-06,1.5107916745282784e-06,9.314309504887769e-06,3.4470028655197342e-06,-2.8407940830030135e-06
2008-01-01,1.3415891581469331e-05,1.0917898251420128e-05,1.9019620601829233e-06,2.856928158362214e-05,1.593869941479717e-05,5.806110576021414e-06,1.1141228780927837e-05,4.544493689292398e-07,7.261894768367977e-06
2008-02-01,6.02944110552913e-06,4.044280843238365e-06,-6.220652013023445e-06,4.198565635627053e-05,3.8126788126377766e-06,1.5789812395125368e-05,1.6041880208393088e-06,7.270166269460856e-06,4.466127398975153e-06
2008-03-01,9.17261152082283e-06,2.315537114826832e-06,2.373437622476979e-06,6.87439623917314e-05,2.629854156356198e-06,6.145242120829424e-06,-6.043027709591657e-07,4.325511880396221e-06,1.7530750405111127e-06
2008-04-01,4.557113910996816e-06,-2.0021864556555745e-06,-5.3769589015498695e-06,7.111788320538745e-05,3.142687224114649e-06,5.371643798580242e-07,3.430143184098671e-05,4.466127398975153e-06,6.401658654708643e-06
2008-05-01,-1.0960222139242632e-05,-1.4109870975798913e-07,2.9772572022570803e-06,0.00011106096198289613,-2.531562525599777e-06,-6.998173115753987e-06,2.105875859128876e-05,8.941009490222242e-06,1.866002327435409e-05
2008-06-01,2.8200986814923973e-06,5.785218853224131e-07,2.9938002044428385e-06,9.301254659823595e-05,-3.0278525911724702e-06,1.3126389043218596e-05,2.4441802538275932e-05,8.362004413720771e-06,1.496266228583755e-05
2008-07-01,-9.165306402088073e-06,-2.1593449764202574e-06,2.2824511104553154e-06,0.00013991195779485517,-5.0460988578347385e-06,-2.961680582429444e-06,2.0041363956864748e-05,3.90366532465944e-06,1.5095006303323603e-05
2008-08-01,-1.2242304808638754e-05,-4.541537291169173e-06,1.5132015088176453e-06,0.00011206181361513438,-6.162751505373291e-06,-1.0840498343461005e-06,3.3284037206562696e-05,7.907071853612474e-06,1.0082476641039432e-05
2008-09-01,3.1096012197431326e-06,-1.2081223507392737e-06,5.243648501705702e-06,9.673472209003113e-05,-3.8632742015531666e-06,3.6637917929659727e-06,4.038925664534504e-05,-1.4109870975798913e-07,5.84746808148581e-06
2008-10-01,7.625840816454611e-06,-8.276333004668748e-07,1.4718440033532565e-06,0.00010726434298126503,-3.2098256152157906e-06,9.668901586395523e-06,4.2953421984137276e-05,3.142687224114649e-06,8.130402383120183e-06
2008-11-01,1.2712813988574687e-05,3.126144221928891e-06,2.431338130127126e-06,7.068776514855778e-05,-5.732633448543631e-06,4.499213403346669e-06,2.1803193689647797e-05,-8.524478037455122e-07,3.5893482831300674e-06
2008-12-01,6.61671768312348e-06,3.13441572302177e-06,-1.1915793485535155e-06,5.238293323001839e-05,-4.719587534731133e-07,7.708555827383395e-06,2.2696515807678637e-05,6.409930155801522e-06,1.77788954378975e-06
2009-01-01,1.0721503612110918e-05,9.281442048597117e-06,3.961214605615564e-06,2.245000501272889e-05,-1.5096119241829172e-07,1.4625670517637226e-05,1.1561539524160638e-05,4.761248807567679e-06,5.153265566524212e-06
2009-02-01,1.8473835029026892e-05,3.7292046870494527e-06,1.1305009422590395e-07,3.90747157292938e-05,5.593284377597878e-06,1.8571246544815063e-06,1.9289869915018043e-05,-6.069806875310001e-07,2.241141071418525e-06
2009-03-01,6.145307976944833e-06,2.6171571463360157e-06,-5.589786354138736e-07,1.8545838107202582e-05,1.1209524475301704e-05,1.596972797691678e-05,1.5225696169101313e-05,1.290507782649461e-07,5.4332775372074564e-06
2009-04-01,3.441192374346694e-06,8.529409898762128e-06,2.0811342310281033e-06,3.3370471869375226e-05,1.4971092636030577e-06,3.345188270112441e-06,3.825208791283706e-06,2.7691636447069163e-06,1.1993557993214776e-05
2009-05-01,-1.459157853765393e-05,1.370511202844672e-07,4.449235468806357e-06,6.857197675526818e-05,-4.887163667974805e-06,1.1937555599078129e-05,3.791466613646323e-05,7.177352097463059e-06,1.717777962186447e-05
2009-06-01,-2.2775928423624036e-05,-1.8550340425762954e-06,1.033089426470835e-06,0.00012121422724371719,-3.407100394363392e-06,-9.75137161584365e-06,2.0137906169087284e-05,8.977429051855315e-06,1.1689544996472975e-05
2009-07-01,-3.1590897917582384e-06,-2.5830651663527138e-06,6.521324051862323e-06,7.95564463480707e-05,-1.3039512185866827e-05,1.7561796038801482e-05,5.1731256804176214e-05,4.121221446005986e-06,1.1929555257058608e-05
2009-08-01,-1.357553510117474e-05,2.5931561202774525e-06,5.913298058378721e-06,0.00011627001587565314,-5.0071687982676215e-06,-5.02976241277226e-07,3.6794618253730275e-05,8.257398270098411e-06,1.0209481722861569e-05
2009-09-01,3.7052036609908895e-06,1.8505317240159367e-07,2.8651677489411692e-06,0.00010285344230891622,-6.175218733117699e-06,1.9529880175603682e-05,4.6227021494745684e-05,4.585241283138215e-06,1.4449662993207762e-05
2009-10-01,-1.703027544205395e-06,4.017216999752212e-06,5.625285745675962e-06,0.0001037974826672197,-5.07117153442379e-06,-8.991339123989133e-06,2.4594096673960553e-05,8.225396902020327e-06,1.2737589801030244e-05
2009-11-01,-7.029847917652531e-07,1.937128074676724e-06,4.585241283138215e-06,0.0001253024020156925,-3.991125361788431e-06,-1.5510210458344876e-06,3.3851899802100463e-06,1.5601712244018804e-05,1.792181142967993e-05
2009-12-01,5.7532912179883e-06,1.4721674621871478e-05,-5.151174954619001e-06,7.659631980084788e-05,3.6332005828151998e-06,7.450771137680761e-07,2.244200467070937e-05,9.241440338499511e-06,1.549770779776503e-05
2010-01-01,2.1750347358177676e-05,1.6814321888204525e-05,1.0079644874264455e-05,3.2862564431178796e-05,5.4310751304960654e-06,1.9171458843083554e-05,1.651865314125106e-05,2.6304350551868394e-06,-9.175899082547567e-07
2010-02-01,1.5040309406483729e-05,4.14984389369771e-06,6.055264707397829e-06,8.434999150482551e-05,5.045063155306817e-06,1.0301396434479555e-05,2.198852495989019e-05,2.778269428663573e-06,-1.8772697015944652e-05
2010-03-01,2.5236657854536437e-06,5.936059095074048e-07,6.5644719938176874e-06,6.780896771692879e-05,2.97538192663255e-06,2.170505893259224e-06,1.5179930759211754e-05,3.4024590055653363e-06,2.449748598715277e-06
2010-04-01,5.537844400229261e-06,3.6364132854359546e-07,5.607538265125758e-07,9.734299032928062e-05,1.07817413368114e-06,5.611761586967628e-06,3.246012641449213e-05,-1.1393414684698571e-06,1.4375054725838428e-05
2010-05-01,1.1303384965821858e-05,-4.4944772557843594e-07,-3.2625241434782235e-07,8.299484308128878e-05,-4.905128293219738e-07,1.490890107450441e-05,3.9276933635919276e-05,-2.6258982239858953e-06,1.1894722459728792e-05
2010-06-01,1.173867506550335e-05,-1.4760753191668622e-06,5.899217313172386e-06,0.00013509003369033986,-7.451164725319031e-07,1.1328024028067981e-05,3.211517954304642e-05,5.8253001264340194e-06,8.954461031691542e-06
2010-07-01,9.751124044316159e-06,-3.061188323667394e-06,3.7720449392571703e-06,9.896095541677598e-05,-4.0016960108618915e-07,9.455455297362691e-06,3.129387746817568e-05,5.291453777768041e-06,1.396440368840306e-05
2010-08-01,4.2894652464257345e-06,-1.2214716759569329e-06,-1.9031523980996451e-06,0.00012436382859252798,-2.7573065559652178e-06,3.1642814038528215e-06,4.031177425025641e-05,6.457702724084492e-06,9.167999571157933e-06
2010-09-01,-1.2448671039439957e-05,-3.9646206060252066e-06,-3.2993659253799054e-06,8.28962868323043e-05,-8.436727215163899e-07,3.312115777329555e-06,4.286602370310441e-05,3.554283077948899e-07,3.845962125995537e-06
2010-10-01,4.363382433164101e-06,1.3245647561423638e-06,4.617986076374031e-06,7.152125309534455e-05,-5.410112257797707e-06,1.2141113082190013e-05,4.169977475678796e-05,1.7105767313316123e-06,1.1188402675339957e-05
2010-11-01,9.397964152121742e-06,3.106790258611869e-06,-2.3630815600272638e-06,6.496726253787605e-05,3.3942459848166274e-06,1.2617468285615042e-05,3.820102791783861e-05,2.0390975612799084e-06,9.307620923885961e-06
2010-12-01,1.0966651115124856e-05,2.745417345668744e-06,-3.488265402600177e-06,6.412132140075917e-05,1.3574168391371928e-06,1.9651803745415416e-06,1.9442488527790894e-05,1.0617480921837256e-06,5.2339626325270884e-06
2011-01-01,2.1912746460331213e-05,4.25947454698286e-06,-1.0729837118000798e-07,4.6937063357632794e-05,7.84767554950429e-06,1.936546225806954e-05,4.2002353794883955e-06,-5.388047016400237e-06,-8.266311193270011e-07
2011-02-01,1.100427690313753e-05,5.782767425411765e-06,-3.8816796143983126e-06,4.4203598914674247e-05,8.236028323043137e-07,1.1748997865924991e-05,5.842006592906223e-06,-3.7039621119149327e-06,-1.0381995746643432e-06
2011-03-01,1.7232852228269068e-05,6.662892199615137e-06,-6.674383224851305e-06,5.1693122233616384e-05,2.8038835742618995e-06,1.0928112259216084e-05,1.7867557594281108e-05,-4.254040095792047e-06,1.6275629625862463e-06
2011-04-01,1.096196321207006e-05,-7.166155225515728e-07,-2.765531354498871e-07,5.4875111801890105e-05,-3.280825201240235e-06,9.777179862180906e-06,2.404535649013169e-05,6.4343982678508e-06,2.863122741756364e-06
2011-05-01,9.10016080510139e-06,9.75932120147205e-07,-3.5854837769260173e-06,0.00010284191199597375,-3.957844258319751e-06,4.5641331226686424e-06,4.0463068624309925e-05,1.0454198919260423e-05,8.008467575560676e-06
2011-06-01,1.2950706692241133e-05,-1.0381995746643432e-06,1.6868021300806972e-06,0.00010798725682977806,-4.6602515300397566e-06,1.4617866120299442e-05,3.917673241585884e-05,8.795502229415607e-06,-1.5882775585414571e-06
2011-07-01,8.194647816257543e-06,-1.5882775585414571e-06,3.4301262020604523e-06,0.0001133695583335602,-8.41770729683106e-06,1.2849153833679206e-05,5.4037300718754204e-05,3.5655300134763556e-06,1.9356999519856045e-05
2011-08-01,-2.866151028779038e-06,4.85093303764569e-07,2.5246132132166057e-06,0.00011773633125172309,-6.682845963064805e-06,1.1706684174857521e-05,4.491446892460774e-05,9.184788187236329e-06,2.1506535026083503e-05
2011-09-01,-2.5276415002392795e-06,1.2119556058432207e-07,1.0605595022821445e-06,8.834524143625864e-05,-7.232923946941906e-06,6.078963262884054e-06,4.780026265540917e-05,8.01693031377417e-06,1.55064536327163e-05
2011-10-01,7.3145230420541715e-06,-2.8501587366338784e-07,1.2128887901250357e-06,9.38290957986027e-05,-6.572830366289377e-06,7.5176287591780265e-06,3.337129400140201e-05,2.3215074960927508e-06,5.74891647255779e-06
2011-11-01,7.407613162402605e-06,1.9068333236315401e-06,-1.8760106578002517e-06,7.560882042495025e-05,-4.186338190084095e-06,-7.2583121615823944e-06,8.389290795167904e-06,4.57259586088213e-06,8.998607946539462e-06
2011-12-01,1.5006218893838302e-06,7.636107094166942e-06,-1.4105600560580773e-06,2.7024240341281556e-05,2.0337743968339562e-06,1.1113359315631082e-06,2.071950037222857e-05,-2.2991475684749495e-06,5.554273493647429e-06
2012-01-01,3.114668722762221e-06,7.0780562888502515e-06,-1.3296692446039082e-06,4.60439452812888e-05,4.049850058580751e-06,2.4555885432329776e-06,1.6572373469636425e-05,1.5916591187149082e-06,5.403636373289462e-06
2012-02-01,-1.7571807124066717e-06,7.469941801002778e-06,-5.637111981239806e-07,4.390638794227503e-05,6.08052953064383e-06,1.608251657944577e-05,9.990478163256519e-06,5.368010417639238e-06,1.2680237814848848e-05
2012-03-01,6.3477241980205475e-06,7.455426720219505e-07,2.0013576086925464e-06,2.8213154478348918e-05,3.862813791417037e-06,4.593145882246741e-06,1.308102981591393e-05,7.452128823177666e-06,6.784142154735867e-06
2012-04-01,1.1780682434680549e-05,1.4402488072014311e-06,1.556033163064671e-06,7.944327870337898e-05,2.9454454334236323e-06,1.475544973147472e-05,3.247936266746391e-05,-3.95708347380834e-06,4.851434060710916e-06
2012-05-01,-2.430775972719147e-07,-6.494781902077003e-08,4.227979836831896e-06,0.0001197540475216137,4.33485770378258e-06,6.151781441944291e-06,1.813100902933397e-05,4.931592460923932e-06,1.1949905724019144e-05
2012-06-01,-1.4454536004671618e-06,-2.442980358673583e-06,1.6896304967530364e-06,0.00011322559114870913,-5.106020543528238e-06,-6.824972903651821e-06,3.3334385603069416e-05,9.019670871787765e-06,1.488904706516308e-05
2012-07-01,1.1255199588839664e-05,-1.4365471115546059e-06,4.432829081820708e-06,8.69603553455774e-05,-7.769060728382907e-06,-9.166728575843767e-08,4.2249781004539356e-05,1.46129459088738e-05,1.9573860233168258e-05
2012-08-01,2.8240524856897704e-07,-9.166728575843767e-08,5.139739602954706e-07,0.00010779263291204913,-6.148079746297452e-06,1.276930270397442e-05,4.830619346507837e-05,1.4497161553010553e-05,2.0384350724210985e-05
2012-09-01,1.0483632950489047e-06,-6.260566205118853e-07,2.802941610822711e-06,9.075451962232685e-05,-6.949663748427617e-06,1.028439229737091e-05,5.399743988020254e-05,5.661924551753636e-06,1.6670344847674553e-05
2012-10-01,-2.9321863370532957e-08,2.170580898031135e-06,2.188393875856247e-06,0.00011338590794913516,-6.620123658662995e-06,4.780182149410455e-06,5.0666413026906085e-05,1.1878653812718684e-05,1.520077417710259e-05
2012-11-01,4.33485770378258e-06,1.0168607941507664e-05,-2.4518868475861388e-06,9.011325242062272e-05,8.235899847482712e-06,1.094347247690016e-05,9.188894161126354e-06,6.525853976271692e-06,7.5501002012157945e-06
2012-12-01,1.756099373893029e-05,6.018184108255926e-06,2.8831000110357275e-06,8.957886308586928e-05,2.7316896995222505e-06,8.52981398159711e-06,1.7186921204602882e-05,-2.2292246247722147e-06,-7.685604431127929e-07
2013-01-01,5.757598853138051e-06,6.305593458766133e-06,1.143095477022875e-05,3.6485590489312544e-05,1.3816343053550978e-05,1.193865565485477e-05,2.397841949027168e-05,-2.7202000456963516e-06,-3.8081305127520964e-06
2013-02-01,5.0403706193013e-06,7.989870996652435e-06,2.8645096851898105e-06,4.27552934772338e-05,6.249182249363239e-06,8.304162020468534e-06,1.1044135048608931e-05,4.774432060687675e-06,-3.0667260463141015e-06
2013-03-01,1.1221427421018019e-05,6.257240993563651e-06,-2.712141301495939e-06,7.25565295303608e-05,1.2365769097476651e-05,8.795745416693722e-06,2.7451738240649654e-05,9.384698212911211e-07,2.5347656425602026e-07
2013-04-01,-4.734886095799578e-06,-2.0674417654629006e-06,-1.35021353162615e-06,9.309826849721336e-05,2.39710252156586e-06,7.345171460619396e-06,2.160914869535028e-05,7.844813601044996e-06,5.733422620536813e-06
2013-05-01,6.5634732731793455e-06,-4.55692925380318e-07,-2.4703789754835446e-06,0.00011565469351416915,-2.4220265102810698e-06,1.9062585528019795e-05,2.8112555265083514e-05,4.016910105848862e-06,7.0228216926028836e-06
2013-06-01,-4.4763418117990553e-07,7.128249836795583e-07,2.3729262889646225e-06,7.064660715486294e-05,-1.8176206952501004e-06,1.586326408045586e-05,4.335969929226477e-05,4.178084989857118e-06,9.158388905712304e-06
2013-07-01,-3.727543070747965e-06,2.39710252156586e-06,2.663041080179485e-06,0.00010871611475761362,-2.002971811859601e-06,1.1527659700633707e-05,5.4134240288216855e-05,1.2543061469885739e-05,1.0995782583406456e-05
2013-08-01,-5.967873958462761e-06,1.413935729115484e-06,-4.6375166958073047e-07,6.579524314621436e-05,-6.588397261894555e-06,2.5001880003724123e-05,4.265858854682885e-05,1.4050046635362953e-05,1.832923980578222e-05
2013-09-01,-2.865257441303783e-06,-1.406624741029044e-06,2.7033348011815543e-06,0.00010300246511952085,-1.4952709272335812e-06,-3.0506085579132765e-06,3.5591069883066705e-05,1.1567953421635769e-05,1.6282318778877336e-05
2013-10-01,-1.0045598523871703e-05,2.042517776747691e-06,3.1788007090059173e-06,0.0001124473133224048,-1.5735071929363234e-05,5.660893922733094e-06,4.168348049857888e-05,3.380269314016236e-06,7.256525274414859e-06
2013-11-01,1.6443493662885593e-05,-5.604565999856869e-07,2.8967446619914604e-06,6.516666109858215e-05,3.791265268237299e-06,6.644725184770835e-07,1.4952625985809204e-05,9.11003644050983e-06,1.2164300492466326e-05
2013-12-01,1.0480022954580024e-05,5.685070155334332e-06,-4.331948885778934e-06,4.032961147290951e-05,5.5400127597269005e-06,4.476258525272393e-06,1.243829779528037e-05,-1.6322695786406068e-06,2.7765279685725767e-07
2014-01-01,1.5710381321987492e-06,1.4700536176684193e-05,4.536882472498639e-06,2.9798591721894988e-05,3.851789774008305e-06,8.534701890271283e-06,2.16902161131804e-05,-3.458756363046664e-06,5.941756107377531e-06
2014-02-01,7.91031360810289e-06,4.181328034041627e-06,-2.1059150850151356e-06,5.828630709582805e-05,1.1526562408994848e-05,1.1171007970537836e-05,7.745544478086222e-06,7.060451779595901e-06,2.8718470533829136e-06
2014-03-01,2.0389407191996244e-05,5.889723750530153e-06,2.100033760146978e-06,6.182450736144897e-05,4.745011899888094e-06,1.405013171609211e-05,3.065712560987653e-05,1.7878396190627811e-06,2.550980852824154e-06
2014-04-01,6.2539502484617275e-06,1.8745602138083966e-06,1.9872969869776872e-06,7.046187859811177e-05,5.342772415056643e-08,1.922735122240506e-05,2.778667392379682e-05,6.782945876409943e-06,1.1327105041079942e-05
2014-05-01,1.6057263700970008e-06,-8.311223422546599e-07,5.342772415056643e-08,9.93831969457729e-05,1.0160263258268454e-06,1.286205956807725e-05,3.6345996625188584e-05,3.1753691349925475e-06,1.0633340283115058e-05
2014-06-01,-6.056487959160651e-07,-2.036538609218646e-06,2.49894849597679e-06,0.00011406499363620477,-3.2679710546063207e-06,2.585669090722392e-06,3.383109937756588e-05,4.033903022974099e-06,1.0139032893065081e-05
2014-07-01,-1.1202905473829683e-05,-7.525952256615798e-06,3.860461833482868e-06,0.00010034579554744917,-1.7524836830784684e-05,1.8256080561254224e-05,3.4880418573987765e-05,9.696757859862468e-06,1.709402459166304e-05
2014-08-01,-1.8608844265104816e-05,-9.698752938476393e-07,4.0772633203469e-06,0.00010012899406058515,4.089821626075777e-07,-1.5509032786432318e-06,4.117633375251909e-05,6.479423794800309e-06,1.7458251089594606e-05
2014-09-01,1.1916805085350097e-05,1.623070489046113e-06,1.99596904645225e-06,0.00013139176846637773,-5.592082993788677e-06,1.2003525680095699e-05,4.452374870969966e-05,5.759642858411737e-06,1.554172594571661e-05
2014-10-01,-5.765524183279895e-06,-3.7150319010292095e-07,6.431277684207219e-07,0.00010831541820457078,-6.207799216482508e-06,3.010600004975893e-06,2.6329767932070565e-05,9.124401934541439e-06,1.4154196429786838e-05
2014-11-01,2.3554097311634674e-07,6.488095854274872e-06,4.372113342481971e-06,7.02103888733495e-05,-2.730303367183529e-06,3.895150071381119e-06,2.6104294385731977e-05,1.6400259833698156e-05,9.618709324591416e-06
2014-12-01,1.3599184623414934e-05,6.778160063189599e-07,5.352056063107375e-06,7.169331104349945e-05,-3.368149522046829e-07,3.4355309192293803e-06,1.185610066902817e-05,5.01384574359949e-06,2.386211722807486e-06
2015-01-01,7.069756570813671e-06,5.2501395818659415e-06,7.936649570265184e-06,4.379683721094262e-05,1.0691824350700192e-05,1.5618523179266218e-05,1.5738686565328804e-05,4.460494473454662e-06,1.3927652675385543e-05
2015-02-01,1.2631604725710508e-05,4.185835305311615e-06,5.001229710736301e-06,5.187353337414929e-05,1.512070343700693e-05,2.2031394352789484e-06,1.1404221568071237e-05,4.006886443401567e-07,-1.1528522754689947e-06
2015-03-01,1.6538210989928406e-06,2.9412859496634003e-06,-3.444539709662598e-06,3.6664281938227694e-05,1.2425610349603219e-05,1.149005255811594e-05,1.0176838410431967e-05,7.268464065100311e-07,9.919345440297851e-06
2015-04-01,-1.3674297505807592e-06,-4.448762293185642e-06,2.606545088489057e-06,7.103101035212728e-05,1.4134943268676693e-06,8.039646758318832e-06,2.376388413450865e-05,3.9283423351774925e-06,1.659699646577584e-05
2015-05-01,-3.7535312738235345e-06,-1.0841874834332296e-06,-1.1013536814421675e-06,0.00011389500678045259,-6.045218708017138e-06,-3.7792805708369414e-06,2.4768106718031687e-05,5.1557254928167695e-06,1.0615872676843745e-06
2015-06-01,2.8052525827756427e-07,1.9628126631537635e-06,-6.550325332097142e-07,8.991382816196222e-05,-1.172723024897656e-05,-3.624784788756473e-06,2.617573495476484e-05,3.542102879976322e-06,1.3361168141090497e-05
2015-07-01,-3.1097988484882547e-06,-2.929553769394366e-06,3.6635624832226734e-07,0.00011203247429648249,-2.3630692350993203e-06,1.51292865360114e-05,3.280188738621601e-05,7.601908709090841e-06,2.081988117597529e-05
2015-08-01,1.7482351880420126e-06,-3.7706974718324724e-06,3.610767672012087e-06,0.00011901911688612142,-8.534317419313554e-06,3.33610850386904e-06,3.501632692936938e-05,1.1447137063093589e-05,1.694032042595466e-05
2015-09-01,-8.929139973519194e-06,-4.259934115087284e-06,1.473576019898952e-06,0.00010514024579589274,-4.946582035444922e-06,-1.9883206878903276e-08,3.656986784917852e-05,1.5172202031033751e-05,2.1334867116243516e-05
2015-10-01,-1.916748086866867e-06,-2.766474888309429e-06,-1.1442691764645258e-06,0.0001547248087447184,-2.2600720470456793e-06,4.8781585156861896e-08,4.214029910307983e-05,1.29234300918625e-05,1.6219340109579146e-05
2015-11-01,1.0837737033776192e-05,-1.2301001665092289e-06,4.177252206307146e-06,9.422254386220636e-05,-1.4704269386344002e-06,6.812263600679562e-06,4.266386814235253e-05,1.0391415885543725e-05,1.6279421802610436e-05
2015-12-01,-2.3459030370903824e-06,1.0914984924816426e-05,-1.9596635818892118e-06,9.631682001929715e-05,6.529021333532039e-06,1.0331334192512435e-05,2.057097130484565e-05,1.2073703290419931e-05,7.713488996148958e-06
2016-01-01,5.429378170180973e-06,9.331375167155564e-06,-3.5864161333876523e-06,7.595615619003232e-05,9.63028591019503e-06,3.773251080367739e-06,9.783780616080156e-06,4.047925817214813e-06,-3.9095628826195085e-06
2016-02-01,1.2053886529433903e-05,1.5745838139407798e-05,3.6197563744826123e-06,5.9362570616976804e-05,1.2688637738209041e-06,-3.1744040281170407e-06,2.9382630956991885e-05,3.991375136099237e-06,9.86110368243035e-07
2016-03-01,1.3847350987670675e-05,1.1254098325085078e-05,4.1852631856383504e-06,6.556698820222833e-05,8.135732194997723e-06,-6.034252758818924e-06,1.3055641452052644e-05,5.4697715138349534e-06,9.420240523194326e-06
2016-04-01,-5.8565220467414e-06,4.81539934664046e-06,9.048621761577695e-06,0.00014038353931813247,7.497517365264819e-06,2.2604627891853822e-05,3.784907578686636e-05,1.138335702477782e-05,5.821769317032182e-07
2016-05-01,-6.389714182973959e-06,-2.9031929122277326e-07,3.417789656212704e-06,0.0001382265347670099,-4.297338981697722e-06,-8.68405610252009e-06,3.10791513904591e-05,7.279393309533314e-06,1.6901087767911665e-05
2016-06-01,1.0785535538698896e-05,-3.711059785307339e-07,2.157517334208485e-06,9.596701863621465e-05,-5.630319322279107e-06,2.6826308017102496e-06,3.0861027334727595e-05,9.137487117616457e-06,6.188773030875825e-06
2016-07-01,-8.134706628825942e-06,1.7212692227454893e-06,5.356670151603807e-06,0.00014278290393117898,-6.535130220128291e-06,-1.2355235327259442e-06,3.925476414602491e-05,3.7328577367137585e-06,1.3249529501591751e-05
2016-08-01,-5.355644585432033e-06,-4.034206534539263e-07,6.463447767722893e-06,7.75072605863452e-05,-5.056733842392574e-06,1.564889411463824e-05,4.4845202907735924e-05,9.129408448885662e-06,1.5778152814330983e-05
2016-09-01,-4.087293594697019e-06,-4.438139971079134e-07,1.8747639286306159e-06,8.201515773812952e-05,-2.099941086921141e-06,-4.248866969312941e-06,3.3825898758929824e-05,5.437456838911768e-06,1.1512615724470556e-05
2016-10-01,-2.9031929122277326e-07,-6.619380528394113e-07,3.7813297490985336e-06,9.75989097198355e-05,-5.816128703087426e-06,1.6505233000102643e-05,3.99333723194118e-05,1.0890558232199248e-05,7.400573340495262e-06
2016-11-01,5.477850182565748e-06,4.225656529292331e-06,8.891663434734714e-07,5.534747225777106e-05,-3.3925280838485386e-06,1.3241450832860956e-05,3.77682890995584e-05,1.0749757242817904e-06,1.0211950058812357e-05
2016-12-01,1.0009983340542455e-05,5.461692845104159e-06,-1.9626037184976037e-06,5.601800176242715e-05,-4.3573532837710516e-07,1.0979423588238003e-05,1.9717079534001795e-06,4.193341854369145e-06,6.629636190111788e-07
2017-01-01,-8.270635654841969e-06,5.156541510343418e-06,1.6333837251246896e-07,6.55463838893608e-06,2.4874474693937782e-06,9.822916806425416e-06,-1.9791997011749785e-06,3.9490942061043015e-06,2.532840225192247e-06
2017-02-01,1.055827945036052e-05,5.183777163822494e-06,-3.340982375128881e-06,4.8851608241943964e-05,-1.107658789844496e-06,1.3463415821462152e-05,-6.0100764160785075e-06,5.719411682244356e-06,1.2156104454466415e-05
2017-03-01,8.697176462623527e-06,-5.81102822582317e-07,-1.5252721431903578e-06,7.644132521624983e-05,8.070756432604741e-06,9.060318509011237e-06,8.442977030152134e-06,-4.3584600402724115e-07,1.5795923534245234e-06
2017-04-01,1.3881029174808014e-05,5.401662391655115e-06,6.427538672700383e-06,8.193384866786385e-05,1.800269140130846e-05,1.4089835851480945e-05,2.7353599095791856e-05,3.994486961902757e-06,1.066722206427683e-05
2017-05-01,1.0694457717755905e-05,2.678097043747323e-06,1.4706497395082063e-06,0.00011440782616608433,-7.554836198634101e-11,1.6132509862411786e-05,4.551070141517708e-05,9.922780869182037e-06,1.4552841960625269e-05
2017-06-01,2.1515410764851576e-06,-5.447886179435447e-07,2.4511332647550194e-06,0.00011771241878821244,-5.982840762599432e-06,8.83335473001892e-06,2.593734511487981e-05,1.1003128457185457e-05,2.3059444397257245e-05
2017-07-01,-4.566586781687377e-06,1.5705138022648269e-06,4.702613952358784e-06,0.0001310578889929606,-9.414533100963237e-06,-2.378655952201461e-06,2.0898749221250404e-05,8.660862257984768e-06,1.5860153327621006e-05
2017-08-01,3.803837387549212e-06,8.805439141281926e-07,2.9413750273784125e-06,0.00012473921738581452,-6.255197297390204e-06,2.2442102918398148e-05,3.8819809210483624e-05,7.108430009677321e-06,1.0049880585417733e-05
2017-09-01,2.505604571713171e-06,-1.7522359221826614e-06,1.1256647954398892e-06,9.044952965565553e-05,-3.068625840338095e-06,1.702220787606166e-05,4.1062211346927705e-05,1.389010772596771e-05,1.9201060154387888e-05
2017-10-01,1.1256647954398892e-06,1.3617071255919027e-06,3.967251308423681e-06,8.739005791483912e-05,-9.741360942712161e-06,1.9990894105281143e-05,3.300045791712066e-05,8.95137589509492e-06,1.1184699480379305e-05
2017-11-01,3.549637955077819e-06,4.920499180191405e-06,-2.496677117277461e-06,7.110313713435056e-05,1.3344714721128269e-06,5.21101281730157e-06,3.1720382203604e-05,-5.329185079101556e-06,1.0095273341216195e-05
2017-12-01,1.2473853745055656e-05,1.1538762975607319e-05,2.587311532150399e-06,5.821159448758705e-05,-5.18392826054648e-06,1.675892989243057e-05,1.4978853929872822e-06,7.171979867795169e-06,1.8338597794217088e-05
2018-01-01,1.1991451912086082e-05,5.41089830325973e-06,6.739239155831848e-07,5.146623847605734e-05,8.21040749093164e-06,2.2233558696251598e-05,2.147393577642599e-05,6.110775600177718e-06,7.493460016040062e-06
2018-02-01,7.186196812515092e-06,8.125056601063593e-06,1.6895995050129377e-06,2.081673392444203e-05,4.070889332331417e-06,2.031316367422056e-05,6.90994093556789e-07,4.946870468602936e-07,-1.0174174186645455e-05
2018-03-01,1.5781031422227325e-05,9.422390127057896e-06,-4.797068124958557e-06,5.137235249720249e-05,2.568713670653803e-06,9.106591834546124e-06,2.2984646527090398e-05,5.971081147019457e-07,-9.648131698833032e-07
2018-04-01,9.678442796662033e-06,3.678275238938399e-06,4.053819154357799e-06,0.00010344493040569733,-5.721990764902854e-07,5.632810616916652e-06,6.733837096214453e-06,6.77651254114847e-06,1.2554767785215182e-05
2018-05-01,-3.4570591540302435e-06,-3.5509451328850867e-06,1.8773714627226377e-06,0.000100227201857672,-6.393129765491014e-06,7.058170477713027e-06,2.5050138061897112e-05,6.110775600177718e-06,3.780696306780065e-06
2018-06-01,1.0079591979041853e-05,-2.8083923910330954e-06,9.8972220809495e-07,9.785444711934032e-05,-6.708928058002793e-06,7.2032669904886965e-06,5.134674723024208e-05,5.3426175913653e-06,1.1829285221336795e-05
2018-07-01,-4.6007610782620615e-06,-3.0815152386108434e-06,7.817793397538636e-06,0.00012759069714936755,-6.700392969015984e-06,1.503847868037532e-05,4.675486935534121e-05,-3.6704363787003566e-06,1.3911846934117113e-05
2018-08-01,-3.909418870330883e-06,-1.1440500386061944e-06,4.070889332331417e-06,9.439773607968447e-05,-7.016191261527763e-06,1.4253250493589298e-05,3.5002051820511276e-05,7.544670549960888e-06,1.5012873413414907e-05
2018-09-01,-1.2888332484449318e-05,9.982572970817588e-07,3.473433103255095e-06,0.00010201103545591416,-8.996331906466429e-06,5.632810616916652e-06,3.8441692682193525e-05,-9.392079029228766e-07,1.2349925649531871e-05
2018-10-01,-2.2536116068907905e-06,-2.0914449161415035e-06,-3.3321658485975926e-07,0.00011678527449207293,-3.0473748826636215e-06,4.028213887397386e-06,3.0572340636359687e-05,6.537530049517944e-06,1.5755426155266905e-05
2018-11-01,-8.339130054482472e-06,-2.820060509389332e-07,3.430757658321064e-06,8.085254985762557e-05,2.6113891155878338e-06,1.3246109993146354e-05,1.3203434548212337e-05,6.9898897658185835e-06,8.107986423089988e-06
2018-12-01,1.9229207372896377e-05,3.942862997529352e-06,1.0323976530289807e-06,7.05336272725788e-05,6.068100155243687e-06,6.366828269781848e-06,2.0646032144705943e-05,3.925792819555734e-06,1.1342785149088934e-05
2019-01-01,7.244840166204146e-06,1.2259177659861736e-05,5.665521270563966e-06,5.082417094277551e-05,1.142016449655289e-05,1.24269802925235e-05,2.190289366636462e-05,4.076331631826024e-06,3.612406706231727e-06
2019-02-01,3.5531822476452094e-06,8.745193117062325e-06,-1.0640946326920952e-05,3.8456129841293315e-05,1.0620634305635038e-05,-7.1565740134148e-06,2.2287852647176915e-05,6.3169903150155375e-06,6.267636599526782e-06
2019-03-01,7.3632890833771674e-06,-4.938224224327649e-07,2.2674182370307258e-07,5.765472516641932e-05,5.132501143285403e-06,8.103594815708502e-06,2.2248369674785908e-05,9.416403647709407e-06,7.580445431527687e-06
2019-04-01,-4.353282973653465e-06,6.731561525121093e-06,5.426056028311031e-07,6.943052168203645e-05,8.310880420761273e-06,1.561523031309713e-05,2.3857300799719346e-05,-2.3692636110054783e-06,1.0699600250417053e-05
2019-05-01,1.3618772799444518e-06,4.658705474593343e-06,2.7931350291183783e-06,0.00011349351887039762,7.696326940793844e-07,1.0423219443680016e-05,3.284954776177065e-05,5.8037116739324845e-06,1.2604653668283025e-05
2019-06-01,1.084766139688332e-05,4.984439996819136e-06,4.856120336548366e-06,0.00013055016294331162,-7.827784544061869e-06,6.998071588760368e-06,8.419458594836532e-06,8.054241100219746e-06,1.5259883561578093e-05
2019-07-01,1.2236868765759333e-06,-1.4019307874258628e-06,-1.3847567091371357e-07,0.00010283311632482637,-8.104165350798906e-06,9.613818509664429e-06,3.100371880249119e-05,9.041315409994858e-06,1.4568931544735501e-05
2019-08-01,-7.70933562688886e-06,4.044151994625982e-07,-2.458100298885241e-06,8.707941034081552e-05,-1.7313568661000736e-05,1.0756257301096665e-06,2.552545638323929e-05,7.077037533542382e-06,1.8230977234001192e-05
2019-09-01,9.4558866201004e-06,6.117008045153691e-07,2.9214546893891347e-06,0.00011017694918955323,-5.606867347067866e-06,7.925921439948976e-06,4.541500372520788e-05,1.131158632247763e-05,1.722416143803057e-05
2019-10-01,-3.9683239928411685e-06,2.464833098985694e-07,6.215715476131175e-07,9.856895530659787e-05,-2.91215448138179e-06,1.2927820782601993e-06,2.668033332567618e-05,1.2229565430568477e-05,1.44899655999535e-05
2019-11-01,-1.4019307874258628e-06,3.711114137209238e-06,7.787731036580458e-06,7.344791412282117e-05,-8.26209724036292e-06,1.1884089422147187e-05,-9.091239660574018e-06,7.284323138595153e-06,1.0620634305635038e-05
2019-12-01,3.711114137209238e-06,3.5630529907429713e-06,6.307119571917789e-06,4.6984451877750316e-05,1.5987751142904815e-06,1.9563527552197594e-05,1.2624395154478535e-05,4.787025134864113e-06,1.2772456300944802e-05
2020-01-01,1.577918019602258e-05,7.4316188711521505e-06,3.4857847985674526e-06,3.351185284094505e-05,-2.0242344940259285e-06,6.842101828435312e-06,2.814331763860372e-05,3.8885526749499953e-07,4.350409794552144e-06
2020-02-01,1.2477884756808286e-05,1.995296085845779e-05,8.469168866333788e-06,6.221740270763695e-05,1.046566658433481e-05,1.0041214313578685e-05,1.3900585886564916e-05,1.7408143521256098e-06,3.1713757091184733e-06
2020-03-01,6.0717995592853135e-06,2.377492758259795e-06,4.988984488021392e-07,4.91144039048507e-05,5.639487061292968e-06,9.553880224932766e-06,1.3900585886564916e-05,5.513723425513375e-06,8.508470002514908e-06
2020-04-01,4.3032484311347974e-06,3.4229029806776527e-06,-1.9692129033723553e-06,8.421817874182933e-05,2.7881208618785305e-07,-8.045168556973895e-06,2.8654232408958313e-05,-9.709640443718442e-07,9.380955225735833e-06
2020-05-01,-1.2932333610570502e-06,-4.1560943162262756e-09,4.831779943296926e-07,7.118592198416911e-05,-4.40588334660195e-06,1.4647307474006248e-05,2.830052218332821e-05,1.6936529887082632e-06,1.1668281351477161e-05
2020-06-01,5.065690473048576e-06,-1.6390833594509226e-06,4.916346155560309e-06,0.0001348852035065325,4.5959731262101936e-07,1.6062148376526658e-05,2.9668201722431275e-05,2.5189768485118347e-06,1.911977677141799e-05
2020-07-01,-8.233814010643281e-06,8.230640528224015e-08,-9.15942453718271e-07,0.00011045561725634673,-4.075753802680524e-06,2.2200985848017994e-05,2.8622791500013417e-05,9.29449272613736e-06,1.5802760877731252e-05
2020-08-01,-3.014623125790213e-06,-1.0633904838714607e-07,2.377492758259795e-06,0.00010306700365429569,-3.014623125790213e-06,1.3350369980029204e-05,4.876855390645682e-05,4.075301841284291e-06,1.2674390437713899e-05
2020-09-01,1.2210637030776653e-05,-1.2991973009581935e-07,6.032498423104194e-06,9.09465332560375e-05,-6.172538187417383e-07,8.01327568663277e-06,4.051531530842109e-05,3.4307632079138794e-06,1.3216746117013384e-05
2020-10-01,9.25519158995624e-06,2.0395029871021425e-06,2.864826846905714e-06,9.886964231015181e-05,2.728481462866691e-08,2.8884075286143872e-06,4.3258534613863444e-05,-2.95174130790042e-06,1.0756494992075116e-05
2020-11-01,2.2988904858975485e-06,2.031642759865916e-06,2.864826846905714e-06,6.784532540877368e-05,-3.973570848609604e-06,1.3006416268970374e-06,3.737908464116751e-05,1.0685752946949097e-05,-2.071395857443275e-06
2020-12-01,8.351265457790422e-06,4.641238202292457e-06,3.273558663189393e-06,5.1818322074111925e-05,-9.002219992458244e-07,4.436872294150617e-06,1.1628980215296034e-05,2.2595893497164287e-06,-6.172538187417383e-07
2021-01-01,9.732249030043861e-06,4.5293252807420765e-06,-6.5765833867875e-06,4.92900264396025e-05,9.253066703453227e-07,1.1218798672701521e-05,3.6611140824609595e-05,-2.471286408517817e-06,-2.7910674362988217e-06
2021-02-01,-7.686685038459654e-07,1.0380453816086447e-05,1.651296030713006e-06,5.2548335830776544e-05,6.966575276262181e-06,2.109360746183105e-06,4.002118721427444e-06,-1.0884495316269702e-06,3.716908615568706e-06
2021-03-01,9.084044244001281e-06,-5.439575113511976e-07,1.4957268820627853e-06,5.572021791714491e-05,2.437784504444673e-06,1.4883316396462245e-05,1.8945399722329098e-05,5.791163930904969e-06,2.005647980416291e-06
2021-04-01,9.887818178694082e-06,1.538940534465629e-06,-3.257774882249484e-06,8.314360173198641e-05,1.106804010437247e-06,5.428169250721121e-06,3.168478445068597e-05,-2.410787295153833e-06,7.562923679421354e-06
2021-05-01,2.947705602798179e-06,1.7809369879215233e-06,-2.6614264790903044e-06,9.527799532670355e-05,-3.067634811676983e-06,1.703152413596413e-06,3.7034634618157414e-05,7.174000807795809e-06,4.330542479689012e-06
2021-06-01,-2.860209280143355e-06,5.53669259680911e-07,4.114474217674821e-06,9.456929142729699e-05,-6.161732323720244e-06,3.544054005957345e-06,2.8046194918366944e-05,6.949289815301048e-06,1.4001757887444335e-05
2021-07-01,1.1452152395676846e-05,6.967635276910859e-08,2.2303589729110454e-06,9.874373024941122e-05,-5.401172041430281e-06,3.3193430134625907e-06,4.7198485663305095e-05,-1.2600566531743225e-05,1.0380453816086447e-05
2021-08-01,-9.229901644321802e-06,-8.108221556001787e-09,4.123116948155384e-06,0.00011660825415274478,-2.3330027208287227e-06,5.151601875342946e-06,3.6602498094129025e-05,1.8846497536883372e-06,2.225556549638655e-05
2021-09-01,8.574123145647782e-06,5.709547206420376e-07,6.318370490219602e-06,0.00012885500324370927,-3.0762775421575597e-06,2.1660277093876604e-07,4.7656550378775194e-05,2.092075285221965e-06,5.773878469943829e-06
2021-10-01,2.027638021633653e-05,-1.1403059145103771e-06,2.7402800712645513e-06,6.842503172357952e-05,-5.99752044458946e-06,5.851663044268939e-06,3.9601525570886036e-05,3.1378456733706665e-06,7.027074389626158e-06
2021-11-01,1.5030242814631903e-05,1.7982224488826635e-06,3.327985743943154e-06,7.771596699018986e-05,-1.4514442118108186e-06,1.2238640869408513e-05,2.699178179973768e-05,2.3340717386778593e-06,1.178057615393842e-05
2021-12-01,1.4451179872433863e-05,9.464324385146263e-06,-5.988877714108883e-06,5.729319486460824e-05,1.2385567287578164e-05,-1.693440665266713e-06,6.01587492339973e-06,-3.905979668292057e-06,-1.244018680277191e-06
2022-01-01,4.394324298884051e-06,1.0200672806369235e-05,7.80936373060818e-06,4.736755504270782e-05,1.4381556321180241e-05,5.847865109640771e-06,1.8804696637784038e-05,3.3066181719858343e-07,-8.49217460938389e-06
2022-02-01,1.9937833291330946e-05,7.543662722190282e-06,-9.353253405572733e-07,5.2634686797815516e-05,7.660883755315827e-06,2.120236256248533e-06,1.1146255806915274e-05,-8.96251662848763e-07,7.12166700293833e-06
2022-03-01,2.164926037496386e-05,2.245272024915766e-06,-6.264974979998598e-06,4.833658224987897e-05,-1.8105757212279861e-06,4.925726315719832e-06,3.378408678462674e-06,1.917053132164252e-06,1.1810508327960017e-05
2022-04-01,1.671034751260768e-05,-2.554433484291258e-07,-2.732714515148925e-06,8.475324987421409e-05,-7.054263269710574e-06,-1.0916200513913282e-06,3.851345967395853e-05,-4.1002932349469085e-06,2.7688593062098586e-06
2022-05-01,-8.703172469009873e-06,-6.071064478057594e-07,-4.139366912655432e-06,8.42609215350868e-05,-5.992917122640574e-07,1.3309479665365428e-06,2.310280118572058e-05,-3.3500786229434423e-06,1.1068108451498246e-05
2022-06-01,-1.8183904567696882e-06,-2.3966808868556953e-06,-3.959627995196258e-06,0.0001346894099856951,-2.740529250690627e-06,6.660597605977867e-06,4.248334532914356e-05,6.901396521169056e-07,7.465515366773248e-06
2022-07-01,1.4350297379013433e-05,1.0261732804101351e-06,-2.209127233854832e-06,0.0001406051647907641,-7.812292617255756e-06,1.1708916765917877e-05,3.251174277793077e-05,5.808791431932261e-06,2.9798571658358415e-06
2022-08-01,2.7688593062098586e-06,1.8545352478306355e-06,8.012546854692447e-06,9.463107559892645e-05,-3.2797460030681237e-06,7.363923804731121e-06,3.209756179422052e-05,-2.678011366356997e-06,-1.8887230766450203e-06
2022-09-01,-2.521716655522942e-06,-1.2010263489751707e-06,1.2996890243697346e-06,7.371884328932971e-05,-4.584806838532491e-06,1.2474760849004754e-05,4.4788692313945896e-05,5.3946104482220105e-06,4.2536590591334e-06
2022-10-01,3.8785517531316605e-06,4.869565280326383e-07,1.3387627020782449e-06,6.727168646742488e-05,-9.73471756051464e-06,9.708344467241958e-06,4.383529457785815e-05,-4.351822658883004e-07,5.613423043389682e-06
2022-11-01,1.1083737922581657e-05,2.9485982236690197e-06,-7.202743245002927e-06,5.032152507747149e-05,2.0420889008314987e-06,9.247275070281495e-06,6.699671283686378e-06,-6.149211833474615e-07,-9.978432248909034e-07
2022-12-01,1.4483147883222381e-05,5.808791431932261e-06,-4.44414159878184e-06,2.9932880049168844e-05,4.472471654301072e-06,-1.6855399525607395e-06,2.0148831150956922e-05,-1.224470555600277e-06,1.6044637104961423e-06
